image_file,verbatimDate,verbatimDate_confidence,verbatimLocality,verbatimLocality_confidence
1709398.jpeg,27.IV.2022,0.95,"DENMARK: NEZ. Helsinger, Grenne Vestkilele 56.0375N*",0.95
1705937.jpeg,1965,0.95,Dania V.Sjelland Reagens Eongstrup.Ki,0.95
1705822.jpeg,1879,0.95,Gyldenløve,0.95
1742998.jpeg,1970,0.95,Dania,0.95
1728459.jpeg,MISSING,0.5,København,0.95
1707402.jpeg,1879,0.95,Woking,0.95
1707293.jpeg,19.5.1931,0.95,HOGEG,0.95
1744483.jpeg,1870,0.95,Gard,0.95
1708366.jpeg,9-5-1914,0.95,Vandrup,0.95
1705671.jpeg,MISSING,0.5,MISSING,0.5
1706305.jpeg,1937,0.95,halus,0.95
1705435.jpeg,27.5.19,0.95,Folkevang,0.95
1744708.jpeg,16.6.1984,0.95,Juhog Strand,0.95
1707266.jpeg,23.7.1998,0.95,D. Micc. Hansen,0.95
1707732.jpeg,275,0.95,Dassco,0.95
1706407.jpeg,2005,0.95,Bonningleid,0.95
1707492.jpeg,21-10-1908,0.95,Tidswilde,0.95
1706769.jpeg,1945,0.95,Gurre,0.95
1706988.jpeg,MISSING,0.5,Lolland,0.95
1707847.jpeg,1993,0.95,DK,0.95
1706811.jpeg,1968,0.95,Ringkøbing: Vederød Klit Strandopskyl,0.95
1705914.jpeg,1930-6-7,0.95,Sanabjeng,0.95
1708046.jpeg,1722,0.95,Jegersborg,0.95
1706310.jpeg,1882,0.95,Coll. Jh. Andersen,0.95
1709011.jpeg,MISSING,0.5,Lolland,0.95
1709933.jpeg,9.4.1884,0.95,A.interius,0.95
1743557.jpeg,1993,0.95,BELÅGESEKS,0.95
1743005.jpeg,1990,0.95,Dania,0.95
1705495.jpeg,MISSING,0.5,MISSING,0.5
1708876.jpeg,26-10-1878,0.95,"Dania, Coll.",0.95
1706389.jpeg,1.7.2000,0.95,Dania coll.,0.95
1706354.jpeg,MISSING,0.5,MISSING,0.5
1708730.jpeg,1894,0.95,Kopenhagen,0.95
1728563.jpeg,MISSING,0.5,MISSING,0.5
1705652.jpeg,178565,0.95,Johs. Andersen,0.95
1707536.jpeg,1744,0.95,"Statens Naturhistoriske Museum, Københavns Universitet",0.95
1707973.jpeg,1820,0.95,S. stellaties,0.95
1708746.jpeg,17882746,0.95,Schidde,0.95
1707717.jpeg,1828,0.95,Bristol,0.95
1742786.jpeg,MISSING,0.5,MISSING,0.5
1707615.jpeg,1929,0.95,Dassco,0.95
1706774.jpeg,1908,0.95,Copenhagen,0.95
1708478.jpeg,1900,0.95,ungdansk,0.95
1707621.jpeg,19.5.29,0.95,Dassco,0.95
1708973.jpeg,1904,0.95,Zurich,0.95
1743757.jpeg,1930,0.95,Lango.,0.95
1706130.jpeg,1706130,0.95,Mun. Liv.,0.95
1709922.jpeg,1879,0.95,Tejnageri,0.95
1709338.jpeg,19-9-1953,0.95,Dania,0.95
1707433.jpeg,29/5-19,0.95,Rosenberg,0.95
1744572.jpeg,MISSING,0.5,MISSING,0.5
1743797.jpeg,3/5/1942,0.95,Asserbo,0.95
1709425.jpeg,MISSING,0.5,MISSING,0.5
1705902.jpeg,2/6/1939,0.95,Svendborg Amt,0.95
1744537.jpeg,MISSING,0.5,MISSING,0.5
1709220.jpeg,28.9.1913,0.95,Dyrehaven,0.95
1708731.jpeg,19.0.1884,0.95,Coll. Johs. Andersen,0.95
1743586.jpeg,MISSING,0.5,MISSING,0.5
1707808.jpeg,1900,0.95,Lav,0.95
1708004.jpeg,MISSING,0.5,Lolland,0.95
1707490.jpeg,30-6-1912,0.95,Sandbjerg,0.95
1743925.jpeg,19.4.1983,0.95,"DANIS, ÖSTJYLLAND KLOTHMO syd f. Vejle",0.95
1707457.jpeg,1966,0.95,Dyrehaven,0.95
1705691.jpeg,MISSING,0.5,MISSING,0.5
1709406.jpeg,27.IV.2022,0.95,"DENMARK: NEZ: Helsinger, Grønne Vestkøle",0.95
1708473.jpeg,1890,0.95,KOREAN,0.95
1707979.jpeg,1879,0.95,Lav,0.95
1707115.jpeg,1918,0.95,Dytekhaaven,0.95
1706764.jpeg,14/8/1930,0.95,Sv. 6th Larcus,0.95
1707247.jpeg,MISSING,0.5,MISSING,0.5
1744538.jpeg,1904,0.95,Larv,0.95
1743973.jpeg,1950,0.95,Dassco,0.95
1708429.jpeg,21.X. 1976,0.95,"Dania, Sjælland Rønnes, Kongstrup.",0.95
1707676.jpeg,MISSING,0.5,MISSING,0.5
1706789.jpeg,26.6.1975,0.95,Tilg.1.11.1966,0.95
1708764.jpeg,MISSING,0.5,MISSING,0.5
1706420.jpeg,17/6/1871,0.95,AFRICA,0.95
1743870.jpeg,1949,0.95,Asserbo,0.95
1710350.jpeg,1874,0.95,Jutland,0.95
1706089.jpeg,1876,0.95,SCHJOLTE,0.95
1709876.jpeg,1870,0.95,Haggedunng,0.95
1705615.jpeg,1765,0.95,"Midtjylland, Galgegård, Hjarbæk",0.95
1707975.jpeg,1984,0.95,Tirilae,0.95
1710338.jpeg,23-6-1961,0.95,Dania coll.,0.95
1708424.jpeg,10-9-1970,0.95,"Dania, Coli.",0.95
1709166.jpeg,1902,0.95,Copenhagen,0.95
1728573.jpeg,MISSING,0.5,MISSING,0.5
1728514.jpeg,28/5/1916,0.95,Drager,0.95
1707465.jpeg,18-6-24,0.95,Dania,0.95
1707636.jpeg,1871,0.95,Dassco,0.95
1743864.jpeg,1907,0.95,Donge,0.95
1743768.jpeg,1930,0.95,Holmudd.,0.95
1708445.jpeg,1971,0.95,Dania,0.95
1706086.jpeg,1870,0.95,Rønne,0.95
1706783.jpeg,28.6.1993,0.95,Vaserne kruiesgeno,0.95
1743763.jpeg,1930,0.95,Sv. E. Lærsø,0.95
1706254.jpeg,23.6.1973,0.95,DANMARK,0.95
1705871.jpeg,27/10/1939,0.95,Staallingen,0.95
1707451.jpeg,21-5-49,0.95,EREMILAGEN.,0.95
1705454.jpeg,1785,0.95,Schiodte,0.95
1707537.jpeg,275,0.95,Oluf Jacobsen,0.95
1705563.jpeg,1802,0.95,Sandbjerg,0.95
1706049.jpeg,1906,0.95,Bjørnum,0.95
1709823.jpeg,29-6-31,0.95,KARMUNLIDDM,0.95
1708734.jpeg,24.9.1884,0.95,Dassco,0.95
1708003.jpeg,1788063,0.95,Lolland,0.95
1728528.jpeg,1941,0.95,Saltholm,0.95
1744687.jpeg,1904,0.95,Dania,0.95
1744704.jpeg,19-6-1954,0.95,Dragsholm,0.95
1706523.jpeg,MISSING,0.5,MISSING,0.5
1709066.jpeg,1935,0.95,Svendborg Amt,0.95
1706771.jpeg,1855,0.95,Schaltz,0.95
1744574.jpeg,MISSING,0.5,MISSING,0.5
1709380.jpeg,23-10-1955,0.95,Dyrehaven,0.95
1744640.jpeg,1744648,0.95,Frederikshavn,0.95
1706255.jpeg,24.6.1975,0.95,DENMARK,0.95
1718184.jpeg,1879,0.95,Hertst.,0.95
1708907.jpeg,22-8-1915,0.95,HAEG,0.95
1707053.jpeg,21-5-49,0.95,Johs. Petersen,0.95
1705779.jpeg,22.5.1984,0.95,Dania coll.,0.95
1708927.jpeg,1829,0.95,Dania,0.95
1706870.jpeg,22-6-32,0.95,DANIA: Coll. Karsten Schnack,0.95
1709118.jpeg,1931,0.95,Dania,0.95
1709091.jpeg,1910,0.95,Dyrehaven,0.95
1708777.jpeg,1904,0.95,Kronenhøjvej,0.95
1709146.jpeg,26.8.87,0.95,Harbour,0.95
1708026.jpeg,13/10/1908,0.95,Kjetilshov,0.95
1709441.jpeg,24.9.1921,0.95,MISSING,0.5
1705800.jpeg,1860,0.95,Dania,0.95
1706034.jpeg,20.VII.2021,0.95,"DENMARK; NWJ, Hjelm Hede (west); 56.48N, 8.89E; 16.m",0.95
1706235.jpeg,1964,0.95,Kongens Trup,0.95
1742741.jpeg,MISSING,0.5,MISSING,0.5
1708745.jpeg,1872,0.95,Schiede,0.95
1728531.jpeg,24.9.60,0.95,Ejemplagen.,0.95
1709116.jpeg,14-9-58,0.95,Dyrehaven,0.95
1709109.jpeg,6.9-49,0.95,Sønderkøv. Håvelte.,0.95
1706458.jpeg,1974/10/26,0.95,Hyggenhus,0.95
1705766.jpeg,1925-05-19,0.95,Skagen,0.95
1743555.jpeg,MISSING,0.5,MISSING,0.5
1709580.jpeg,1709580,0.95,KOPENHAGEN,0.95
1706114.jpeg,MISSING,0.5,Dysselkilde,0.95
1707924.jpeg,1905,0.95,Johs. Andersen,0.95
1709072.jpeg,8/9/1985,0.95,Dyrehaven,0.95
1707486.jpeg,25-5-1918,0.95,Celli,0.95
1707889.jpeg,30.3.1975,0.95,Hørsholm,0.95
1709874.jpeg,1850,0.95,Kopenhagen,0.95
1707582.jpeg,1978,0.95,Rye,0.95
1707714.jpeg,MISSING,0.5,MISSING,0.5
1709926.jpeg,1880,0.95,Ragbultligard,0.95
1707439.jpeg,9/5-20,0.95,Mose,0.95
1709114.jpeg,27-9-58,0.95,Eremitage,0.95
1707238.jpeg,MISSING,0.5,MISSING,0.5
1706792.jpeg,27-8-1911,0.95,Coll. Scholtz,0.95
1743943.jpeg,1972,0.95,Sj.,0.95
1707707.jpeg,1877,0.95,Tengnagel,0.95
1705522.jpeg,1896,0.95,Tandsholm,0.95
1707526.jpeg,1860,0.95,Havre,0.95
1705413.jpeg,14.6.1898,0.95,Sjaavoldi,0.95
1706208.jpeg,1772-6-1935,0.95,Dyrehaven,0.95
1705701.jpeg,MISSING,0.5,MISSING,0.5
1707036.jpeg,1950 QC,0.95,Dyrehaven,0.95
1707563.jpeg,21-6-1996,0.95,"Denget, Dania",0.95
1743881.jpeg,1934,0.95,Tasdyg s. Obe,0.95
1744529.jpeg,1744529,0.95,Statens Naturhistoriske Museum Københavns Universitet,0.95
1705885.jpeg,24/8-1996,0.95,T.Wix-Fagge,0.95
1706145.jpeg,1866,0.95,Læsø,0.95
1706116.jpeg,1890,0.95,Danes,0.95
1705503.jpeg,MISSING,0.5,MISSING,0.5
1743977.jpeg,19.9.78,0.95,MISSING,0.5
1708836.jpeg,MISSING,0.5,MISSING,0.5
1705606.jpeg,MISSING,0.5,MISSING,0.5
1709278.jpeg,MISSING,0.5,MISSING,0.5
1708753.jpeg,17808753,0.95,Kopenhagen,0.95
1728594.jpeg,9.V.1992,0.95,Høstemark,0.95
1707390.jpeg,MISSING,0.5,Teşnagel,0.95
1708681.jpeg,1871-03-29,0.95,Dania,0.95
1742745.jpeg,1904,0.95,Schjødt,0.95
1707538.jpeg,275,0.95,"Statens Naturhistoriske Museum, København",0.95
1709045.jpeg,MISSING,0.5,MISSING,0.5
1705870.jpeg,27/6/1984,0.95,E. Sæo Søerne,0.95
1707310.jpeg,4.5.1938,0.95,"Statens Naturhistoriske Museum, Københavns Universitet",0.95
1728490.jpeg,1976,0.95,Jensen-Haarup,0.95
1709456.jpeg,15.10.1928,0.95,Estony,0.95
1706854.jpeg,1786954,0.95,NORDHavn,0.95
1742818.jpeg,28/5/1917,0.95,Hjeldestov,0.95
1706272.jpeg,1706272,0.95,"Statens Naturhistoriske Museum, København Universitet",0.95
1709245.jpeg,1870,0.95,Schiedte,0.95
1706077.jpeg,1988,0.95,Koerenhavns Universitetet,0.95
1707999.jpeg,1970,0.95,Dansk,0.95
1744646.jpeg,12.5.1957,0.95,"Dania, Coll.",0.95
1708955.jpeg,1972,0.95,Kopenhagen,0.95
1709778.jpeg,1924,0.95,L,0.95
1743753.jpeg,1906,0.95,Tusser,0.95
1705644.jpeg,1936,0.95,PANNA,0.95
1709004.jpeg,1874,0.95,Dassco,0.95
1708747.jpeg,1870,0.95,Lav.,0.95
1705744.jpeg,28-6-53,0.95,Vestr. Sømark,0.95
1709463.jpeg,26.9.1893,0.95,Dassco,0.95
1705812.jpeg,1900,0.95,SCHIDTTS,0.95
1744706.jpeg,27.3.1978,0.95,Dania coll.,0.95
1708425.jpeg,8-9-1970,0.95,"DANIA, COLI.",0.95
1705790.jpeg,25.6.1913,0.95,DANIS,0.95
1707569.jpeg,21-4-1956,0.95,Dania coll.,0.95
1709804.jpeg,1-5-1949,0.95,SOLL,0.95
1705545.jpeg,1826-1929,0.95,Svendborg Amt,0.95
1707993.jpeg,1850,0.95,Løvendal,0.95
1744705.jpeg,7.5.1977,0.95,Dania coll.,0.95
1705746.jpeg,8-7-60,0.95,VSR Jomark,0.95
1708819.jpeg,MISSING,0.5,MISSING,0.5
1708470.jpeg,1890,0.95,Kopenhagen,0.95
1710374.jpeg,23.7.1944,0.95,DANMARK,0.95
1707913.jpeg,1913,0.95,HOEG,0.95
1708697.jpeg,1870,0.95,Kongens Lyngby,0.95
1743820.jpeg,16.6.1939,0.95,"S.V., G.B.",0.95
1744652.jpeg,1983,0.95,Dette,0.95
1710395.jpeg,1890,0.95,BREDA,0.95
1705861.jpeg,1900,0.95,Fossø,0.95
1705592.jpeg,1906-06-26,0.95,Hammeren,0.95
1705450.jpeg,23.9/5/870,0.95,Coli.,0.95
1709908.jpeg,MISSING,0.5,MISSING,0.5
1743035.jpeg,27.V.2022,0.95,"NEZ. Helsingor, Grønne Vestkile, 56.0975N, 12.5598E",0.95
1705919.jpeg,24-7-61,0.95,Jydelejel Man.,0.95
1708774.jpeg,MISSING,0.5,MISSING,0.5
1709899.jpeg,1709899,0.95,MISSING,0.5
1707475.jpeg,8-6-1914,0.95,Vamand,0.95
1709749.jpeg,1890,0.95,Brahman,0.95
1705672.jpeg,MISSING,0.5,MISSING,0.5
1707935.jpeg,15.10.21,0.95,Dania,0.95
1706778.jpeg,1927-07-08,0.95,Rangsted,0.95
1709037.jpeg,9/9/12,0.95,Dyrt,0.95
1744586.jpeg,MISSING,0.5,MISSING,0.5
1709203.jpeg,22.9.1996,0.95,DANIA COLL.,0.95
1706222.jpeg,12-6-43,0.95,Sandbjerg.,0.95
1743595.jpeg,19.4.99,0.95,ungbala,0.95
1705481.jpeg,1765481,0.95,Leyreduvius,0.95
1706148.jpeg,MISSING,0.5,MISSING,0.5
1705656.jpeg,1879,0.95,Dania,0.95
1706464.jpeg,1782,0.95,Vandby,0.95
1709188.jpeg,29-8-1962,0.95,Dyrehaven,0.95
1709562.jpeg,V.00.,0.95,Wüstnei.,0.95
1707248.jpeg,MISSING,0.5,Schjoldte,0.95
1709940.jpeg,9/4/1908,0.95,Kjuaskov,0.95
1744692.jpeg,10-5-1956,0.95,Dania,0.95
1707943.jpeg,1870,0.95,Jøfretkvarter,0.95
1709892.jpeg,1789892,0.95,STATENS NATURHISTORISKE MUSEUM KOPENHAVNS UNIVERSITET,0.95
1743578.jpeg,1879,0.95,S. ELLAND.,0.95
1705996.jpeg,29.7.44,0.95,DANMARK,0.95
1705424.jpeg,1918,0.95,Hoegeg,0.95
1707805.jpeg,1797,0.95,Herber,0.95
1705436.jpeg,1877.5.22,0.95,Dania,0.95
1728475.jpeg,MISSING,0.5,MISSING,0.5
1707282.jpeg,19.6.1934,0.95,"Statens Naturhistoriske Museum, Københavns Universitet",0.95
1707953.jpeg,1870,0.95,Schiedte,0.95
1708824.jpeg,1904,0.95,KONGSHOLM,0.95
1742785.jpeg,MISSING,0.5,MISSING,0.5
1705942.jpeg,1964,0.95,Dania,0.95
1705860.jpeg,MISSING,0.5,Jensel-Marup,0.95
1742994.jpeg,13-9-1951,0.95,DANIA COLL. HANS GANGET,0.95
1706220.jpeg,1932,0.95,Dyrehaven,0.95
1743995.jpeg,2.5.1951,0.95,Dania coll.,0.95
1708704.jpeg,1788764,0.95,STATENS NATURHISTORISKE MUSEUM,0.95
1706889.jpeg,20.VII.2021,0.95,"DENMARK, NWJ, Hjelm Hede (west), 56.48N, 8.99E, 16 m.",0.95
1706876.jpeg,26-9-1961,0.95,Dania coll.,0.95
1709100.jpeg,1968,0.95,Søholt,0.95
1707998.jpeg,MISSING,0.5,MISSING,0.5
1705428.jpeg,8.9.1815,0.95,MISSING,0.5
1709206.jpeg,10-9-1972,0.95,Vester Mølle,0.95
1728534.jpeg,12-9-61,0.95,Eremilagen.,0.95
1709216.jpeg,1893,0.95,Dyrehaven,0.95
1708873.jpeg,26-10-1992,0.95,"Dania, Coll.",0.95
1706503.jpeg,1706583,0.95,de Tengnagel,0.95
1743737.jpeg,1894,0.95,Fogelum,0.95
1743851.jpeg,10-5-63,0.95,Faxe,0.95
1744531.jpeg,1870,0.95,Bø,0.95
1708379.jpeg,5-4-50,0.95,Sonderskov,0.95
1744587.jpeg,1888,0.95,Bellav,0.95
1709154.jpeg,1902,0.95,Nordjylland,0.95
1709516.jpeg,1780516,0.95,NAMD,0.95
1709282.jpeg,MISSING,0.5,MISSING,0.5
1706193.jpeg,7/6/1937,0.95,Svendborg Amt,0.95
1706063.jpeg,5.6.1922,0.95,Dania,0.95
1708456.jpeg,14.9.09,0.95,Sægen,0.95
1709743.jpeg,1799,0.95,Dassco,0.95
1706015.jpeg,18.3.1950,0.95,Roslund Skovgaard,0.95
1709762.jpeg,12-4-1952,0.95,Haveskov,0.95
1705936.jpeg,11.6.49,0.95,Dania,0.95
1709875.jpeg,1870,0.95,Krygdeskoven,0.95
1708785.jpeg,MISSING,0.5,MISSING,0.5
1708985.jpeg,1903,0.95,Dassco,0.95
1708922.jpeg,10.10.1891,0.95,"Statens Naturhistoriske Museum, København",0.95
1705492.jpeg,1870,0.95,Danes,0.95
1742771.jpeg,MISSING,0.5,MISSING,0.5
1742738.jpeg,1742738,0.95,Dyrehaven,0.95
1743872.jpeg,16-4-49,0.95,Lillerød,0.95
1706173.jpeg,1904,0.95,HONG KONG,0.95
1708832.jpeg,1902,0.95,KOBENHAVNS UNIVERSITET,0.95
1709088.jpeg,12-9-1944,0.95,Vandrup,0.95
1710390.jpeg,1911,0.95,Dassco,0.95
1709962.jpeg,1938,0.95,Svendborg Amt,0.95
1708860.jpeg,20.10.78,0.95,Dania,0.95
1707002.jpeg,MISSING,0.5,MISSING,0.5
1709981.jpeg,26-7-1965,0.95,"Dania, Celle",0.95
1742789.jpeg,1742789,0.95,Holland,0.95
1705956.jpeg,16.6.1929,0.95,Wallingåker,0.95
1708722.jpeg,1976,0.95,SALTEN,0.95
1706473.jpeg,MISSING,0.5,MISSING,0.5
1706887.jpeg,2021,0.95,grazed heathland,0.95
1707564.jpeg,1870,0.95,Dania,0.95
1744549.jpeg,MISSING,0.5,MISSING,0.5
1707442.jpeg,5/7/1898,0.95,Rosenberg,0.95
1744475.jpeg,1902,0.95,Schiodte,0.95
1708841.jpeg,19.1.1990,0.95,Dania coll.,0.95
1707828.jpeg,1787/23,0.95,Lvd.,0.95
1707826.jpeg,1893,0.95,Dassco,0.95
1743019.jpeg,27.IV.2022,0.95,"DENMARK-NEZ Helsinger, Grense Vestkøle, 56.0375N, 12.5598E",0.95
1728448.jpeg,1874,0.95,Bj,0.95
1706111.jpeg,1870,0.95,Jorvik,0.95
1709904.jpeg,MISSING,0.5,MISSING,0.5
1707832.jpeg,1830,0.95,Gustafsskog,0.95
1707944.jpeg,1870,0.95,Schjodte,0.95
1743917.jpeg,1963,0.95,Nordbahnhuse,0.95
1709806.jpeg,1945,0.95,Dyrehaven,0.95
1707645.jpeg,1900,0.95,Schiodte,0.95
1728582.jpeg,10.6.1979,0.95,Dania coll.,0.95
1705681.jpeg,1976/870,0.95,Cpll. Schiodte,0.95
1705622.jpeg,14-6-1951,0.95,Kulhuse,0.95
1706823.jpeg,1902,0.95,"Klattrup, ved f. Vejle",0.95
1728460.jpeg,MISSING,0.5,MISSING,0.5
1743573.jpeg,1900,0.95,Lunde,0.95
1706141.jpeg,MISSING,0.5,MISSING,0.5
1707287.jpeg,1915,0.95,HOBEG,0.95
1706863.jpeg,19-8-1962,0.95,Kongelunden,0.95
1708911.jpeg,1918,0.95,HAEG,0.95
1709416.jpeg,MISSING,0.5,MISSING,0.5
1708674.jpeg,15/10-18,0.95,Rude Heggn,0.95
1744622.jpeg,1744622,0.95,Statens Naturhistoriske Museum,0.95
1709041.jpeg,24.vii.9/9.7,0.95,MISSING,0.5
1709770.jpeg,1879,0.95,Dania,0.95
1708996.jpeg,MISSING,0.5,MISSING,0.5
1707930.jpeg,18.5.1938,0.95,Johs. Andersen,0.95
1743952.jpeg,8-9-1970,0.95,Dania,0.95
1707893.jpeg,24-III-1975,0.95,Tykskow krat,0.95
1706331.jpeg,MISSING,0.5,Schiedte,0.95
1709411.jpeg,MISSING,0.5,MISSING,0.5
1707242.jpeg,1890,0.95,Dassco,0.95
1743792.jpeg,1935,0.95,Svendborg Amt,0.95
1743848.jpeg,16/9/1940,0.95,Takoua,0.95
1707502.jpeg,1993,0.95,DANIA,0.95
1706041.jpeg,205194,0.95,A. West,0.95
1705510.jpeg,MISSING,0.5,Holland,0.95
1709084.jpeg,1980,0.95,Dyrehaven,0.95
1743018.jpeg,19 V.2022,0.95,DENMARK,0.95
1709820.jpeg,187.921,0.95,Dassco,0.95
1708449.jpeg,1868,0.95,Hamb,0.95
1743727.jpeg,2-6-18,0.95,Dania coll.,0.95
1709046.jpeg,MISSING,0.5,MISSING,0.5
1710333.jpeg,23-6-1961,0.95,Dania coll.,0.95
1708677.jpeg,15-7-1942,0.95,Ste. Victoire,0.95
1705584.jpeg,1978,0.95,Kongstrup,0.95
1709400.jpeg,MISSING,0.5,MISSING,0.5
1706280.jpeg,26-10-1974,0.95,Dania,0.95
1705663.jpeg,MISSING,0.5,MISSING,0.5
1743715.jpeg,27/5/1901,0.95,HAVEN,0.95
1707044.jpeg,1924,0.95,Kopenhagen,0.95
1705842.jpeg,1785842,0.95,Lolland,0.95
1709854.jpeg,1889,0.95,Dania,0.95
1742781.jpeg,MISSING,0.5,MISSING,0.5
1744635.jpeg,1938,0.95,Kronenhavns Universitet,0.95
1707574.jpeg,12.6.1944,0.95,Dania coll.,0.95
1706124.jpeg,MISSING,0.5,MISSING,0.5
1709149.jpeg,191975,0.95,Cell.,0.95
1707997.jpeg,MISSING,0.5,MISSING,0.5
1706883.jpeg,1997,0.95,"Almindingen, Svinemose.",0.95
1708945.jpeg,1794-1870,0.95,Schjödte,0.95
1709240.jpeg,1904-1270,0.95,Dortmund,0.95
1743990.jpeg,26-7-1987,0.95,Dania coll.,0.95
1708349.jpeg,6/6-1942,0.95,Barnholaa,0.95
1728533.jpeg,28-5-61,0.95,Eremilagen.,0.95
1709137.jpeg,239.1978,0.95,RISØ ROSKILDE,0.95
1706838.jpeg,19-9-1953,0.95,"Dania, Coll.",0.95
1709234.jpeg,5.10.21,0.95,Dania,0.95
1709547.jpeg,MISSING,0.5,MISSING,0.5
1705906.jpeg,1923,0.95,Ravneholm,0.95
1708395.jpeg,1910-10-25,0.95,"DANIN. Coll., O.G.K. Kristensen",0.95
1728576.jpeg,MISSING,0.5,MISSING,0.5
1706136.jpeg,1876,0.95,Dassco,0.95
1709939.jpeg,1577-1890,0.95,København,0.95
1708009.jpeg,1888,0.95,Copenhagen,0.95
1707221.jpeg,1876,0.95,"Dania, Calli",0.95
1742739.jpeg,MISSING,0.5,MISSING,0.5
1705523.jpeg,1785523,0.95,Røtled,0.95
1706888.jpeg,2021,0.95,Hjelm Hede,0.95
1707704.jpeg,1905,0.95,H. elevinor,0.95
1706302.jpeg,18.8.1980,0.95,Roland Skovgaard,0.95
1708382.jpeg,19-9-49,0.95,Grib Skov.,0.95
1707246.jpeg,MISSING,0.5,MISSING,0.5
1705893.jpeg,1941,0.95,Tanga v Ribe,0.95
1705637.jpeg,24-7-1972,0.95,Ex coll. Viggo Mahler,0.95
1744445.jpeg,1925,0.95,Heeg,0.95
1707083.jpeg,29-5-1951,0.95,Dyrehaven,0.95
1709122.jpeg,19-9-1853,0.95,"Dansk Coll., F. Bangsholt",0.95
1707952.jpeg,1870,0.95,Schlædte,0.95
1705512.jpeg,MISSING,0.5,Lolland,0.95
1709477.jpeg,MISSING,0.5,MISSING,0.5
1707236.jpeg,1787235,0.95,Dassco,0.95
1706891.jpeg,2021,0.95,Hjelm Hede,0.95
1707995.jpeg,MISSING,0.5,MISSING,0.5
1709455.jpeg,9.11.1936,0.95,"Statens Naturhistoriske Museum, Københavns Universitet",0.95
1706181.jpeg,1785/18,0.95,Odense,0.95
1744627.jpeg,23/1/1936,0.95,Svendborgrg Amt,0.95
1705534.jpeg,1794,0.95,Vendsyssel,0.95
1706052.jpeg,1974,0.95,HONG,0.95
1743731.jpeg,MISSING,0.5,MISSING,0.5
1705595.jpeg,1897,0.95,Aphodius errabius,0.95
1709882.jpeg,1904,0.95,Schiedte,0.95
1708442.jpeg,13-4-1963,0.95,Nødelgåsve,0.95
1706993.jpeg,1876,0.95,Lolland,0.95
1707525.jpeg,1937,0.95,Worps-Weser,0.95
1708969.jpeg,MISSING,0.5,MISSING,0.5
1708717.jpeg,24-III-1975,0.95,Tjyskvor krad,0.95
1706318.jpeg,MISSING,0.5,MISSING,0.5
1707700.jpeg,1902,0.95,KONGENHAVNS UNIVERITET,0.95
1706230.jpeg,1966,0.95,"Hestehaven, Hillerød.",0.95
1709777.jpeg,1875,0.95,Denget Dania,0.95
1709242.jpeg,1870,0.95,Schiedte,0.95
1705560.jpeg,1922,0.95,Copenhagen,0.95
1706128.jpeg,MISSING,0.5,MISSING,0.5
1743540.jpeg,1902,0.95,Schiidte,0.95
1743944.jpeg,1972,0.95,Dyrehave Sj.,0.95
1706488.jpeg,MISSING,0.5,MISSING,0.5
1705773.jpeg,1946,0.95,Tasmanien,0.95
1707921.jpeg,1938,0.95,Hoeq,0.95
1708675.jpeg,1893,0.95,Geels Skov,0.95
1706167.jpeg,1908,0.95,Holland,0.95
1743020.jpeg,1945,0.95,Salmloim,0.95
1728562.jpeg,MISSING,0.5,MISSING,0.5
1705588.jpeg,25-17-99,0.95,Rosenberg,0.95
1707495.jpeg,5.6.78,0.95,Dania,0.95
1709237.jpeg,8.8.21,0.95,Dania,0.95
1709967.jpeg,1929-30,0.95,Dassco,0.95
1708916.jpeg,10.14.1889,0.95,Cell.,0.95
1706187.jpeg,1895,0.95,Tiiis Sø,0.95
1706864.jpeg,19-8-1962,0.95,KONGELUNDEN,0.95
1705837.jpeg,1890,0.95,de Tongnaigal,0.95
1743532.jpeg,5.9.1887,0.95,Dassco,0.95
1742825.jpeg,1892,0.95,Horens,0.95
1709280.jpeg,MISSING,0.5,MISSING,0.5
1709834.jpeg,1923,0.95,Hoege,0.95
1728513.jpeg,1/6/1920,0.95,Gudhjem,0.95
1705543.jpeg,1939,0.95,Svendbprg Amt,0.95
1710387.jpeg,5.VI.2011,0.95,Dassco,0.95
1705678.jpeg,2016/1870,0.95,Køge,0.95
1708825.jpeg,1980,0.95,Copenhagen,0.95
1709047.jpeg,MISSING,0.5,MISSING,0.5
1707527.jpeg,1958,0.95,Hobjung,0.95
1706425.jpeg,1904,0.95,dav,0.95
1743045.jpeg,19.9.1897,0.95,A. West.,0.95
1709564.jpeg,1900,0.95,H. prodomus,0.95
1708703.jpeg,1870,0.95,Kronenhuus,0.95
1707640.jpeg,1902,0.95,SCHIADETE,0.95
1728487.jpeg,1907,0.95,Jesenørn,0.95
1743850.jpeg,10-5-63,0.95,Dassco,0.95
1728578.jpeg,1904,0.95,Hans Genget,0.95
1705580.jpeg,28-5-1969,0.95,"Kongelundrup,KI",0.95
1707933.jpeg,12.10.81,0.95,Dania,0.95
1707556.jpeg,26-8-1985,0.95,Lindholm,0.95
1709377.jpeg,12-10-1952,0.95,Dyrehaven,0.95
1708906.jpeg,1915,0.95,Hartens,0.95
1710348.jpeg,19-7-1959,0.95,S.Sjælland Mogensstrup,0.95
1744638.jpeg,1966,0.95,Boserup Strand,0.95
1706991.jpeg,1788991,0.95,Lolland,0.95
1707169.jpeg,MISSING,0.5,MISSING,0.5
1707164.jpeg,MISSING,0.5,MISSING,0.5
1709329.jpeg,23-10-57,0.95,Eremiagen.,0.95
1728567.jpeg,MISSING,0.5,MISSING,0.5
1706027.jpeg,19 V.2022,0.95,"Bakke, 55.0922N, 10.5515E",0.95
1743705.jpeg,1960,0.95,Dassco,0.95
1707398.jpeg,1928,0.95,Wüsfnei.,0.95
1744472.jpeg,1744472,0.95,Oggersgaard.,0.95
1708918.jpeg,15.9.1939,0.95,"Johs., Andersen",0.95
1709326.jpeg,13-4-49,0.95,Dyrehaven,0.95
1706754.jpeg,29/8 1927,0.95,"St. K. ""Larsson""",0.95
1707848.jpeg,1993,0.95,DK,0.95
1708337.jpeg,1928,0.95,"Langebli, Rejdefj.",0.95
1709977.jpeg,17.9-21.,0.95,"Stubbegaard, Sevel!",0.95
1708733.jpeg,24.9.1889,0.95,Coll. Johs. Andersen,0.95
1706971.jpeg,MISSING,0.5,MISSING,0.5
1742980.jpeg,MISSING,0.5,MISSING,0.5
1744653.jpeg,10-6-1921,0.95,Schalztz,0.95
1709938.jpeg,24/8/1896,0.95,Dassco,0.95
1706447.jpeg,1871,0.95,Dassco,0.95
1708882.jpeg,26-10-1932,0.95,Dania,0.95
1744479.jpeg,1895,0.95,Gyng. gaavd.,0.95
1706161.jpeg,1786,0.95,Holland,0.95
1707724.jpeg,24.5-1974,0.95,"Dania, Coll.",0.95
1708028.jpeg,22-5-1906,0.95,Kjellshkov,0.95
1705581.jpeg,1950,0.95,Kongens Kungsgaard,0.95
1743535.jpeg,26.7.1910,0.95,Sørgården,0.95
1708808.jpeg,1864,0.95,Tebelshof,0.95
1728470.jpeg,5/1890,0.95,Dalsø,0.95
1706158.jpeg,1786,0.95,Lolland,0.95
1708842.jpeg,9.4.1977,0.95,Dania coll.,0.95
1706024.jpeg,19 V/2022,0.95,"Bakke, 55.9922N, 10.5513E",0.95
1707358.jpeg,MISSING,0.5,MISSING,0.5
1709851.jpeg,1786,0.95,Dania,0.95
1708893.jpeg,9-10-1972,0.95,MARSELLISBORG,0.95
1708736.jpeg,1993,0.95,Dania,0.95
1707781.jpeg,1862,0.95,Kopenhagen,0.95
1742753.jpeg,MISSING,0.5,Schiedte,0.95
1707835.jpeg,1787235,0.95,Dassco,0.95
1728520.jpeg,1924,0.95,Svendborg Amt,0.95
1709403.jpeg,MISSING,0.5,MISSING,0.5
1742997.jpeg,1906,0.95,Ganget Dania,0.95
1743038.jpeg,2009,0.95,Odense,0.95
1708404.jpeg,28.5.18,0.95,"Dania, Coll.",0.95
1710361.jpeg,1964,0.95,Gentet-Snja,0.95
1706424.jpeg,1871,0.95,Schiede,0.95
1707508.jpeg,1787-03-05,0.95,Dania,0.95
1707089.jpeg,6.3.1975,0.95,DANIA COLL.,0.95
1708406.jpeg,08.5/18,0.95,Dania,0.95
1705850.jpeg,1896,0.95,Åbæk,0.95
1743517.jpeg,MISSING,0.5,MISSING,0.5
1708364.jpeg,25-8-1944,0.95,Coll. Schaltz,0.95
1705818.jpeg,MISSING,0.5,MISSING,0.5
1706264.jpeg,MISSING,0.5,MISSING,0.5
1708847.jpeg,18-IV-1975,0.95,Tjykshov kral,0.95
1709544.jpeg,1879,0.95,Lolland,0.95
1709523.jpeg,1788,0.95,Kopenhagen,0.95
1742803.jpeg,1908,0.95,Cajll.,0.95
1706904.jpeg,1907,0.95,HOGEG,0.95
1709886.jpeg,1904,0.95,Schjødtte,0.95
1708943.jpeg,1794-0820,0.95,SCHIEDTE,0.95
1708837.jpeg,12.Y.1982.,0.95,Ugelboulu,0.95
1705973.jpeg,1875,0.95,Copenhagen,0.95
1708457.jpeg,2017-05-08,0.95,Dassco,0.95
1707017.jpeg,1905,0.95,Dyrbu,0.95
1707487.jpeg,1924,0.95,Cell.,0.95
1709133.jpeg,8-9-1970,0.95,Dania,0.95
1709543.jpeg,MISSING,0.5,Lolland,0.95
1707370.jpeg,1870,0.95,Hinberb,0.95
1743876.jpeg,6-9-49,0.95,Sønderstov Havelte,0.95
1743915.jpeg,1955,0.95,Bommerlund Plantage,0.95
1709774.jpeg,1870,0.95,Dania,0.95
1705921.jpeg,28.5.1997,0.95,Veddringe bakker,0.95
1708904.jpeg,1914,0.95,Høeg,0.95
1707081.jpeg,29-5-1951,0.95,Dyrehaven,0.95
1708869.jpeg,26.10.1874,0.95,Dania,0.95
1708372.jpeg,26-3-1855,0.95,Bolivani,0.95
1708856.jpeg,1890,0.95,Silkeborg,0.95
1709071.jpeg,23.8.1943,0.95,Hadsund,0.95
1705596.jpeg,MISSING,0.5,MISSING,0.5
1707054.jpeg,17-9-49,0.95,Grib Skov.,0.95
1706520.jpeg,1796520,0.95,"Statens Naturhistoriske Museum, Københavns Universitet",0.95
1709147.jpeg,26.8.1897,0.95,Hadsbøvoll,0.95
1706381.jpeg,1902,0.95,Dassco,0.95
1706013.jpeg,11.v.1998,0.95,P.Jørum leg.,0.95
1705838.jpeg,178538,0.95,Brommy,0.95
1706319.jpeg,1786319,0.95,Nordhavn,0.95
1707038.jpeg,1940,0.95,Dagrefshaven,0.95
1709022.jpeg,MISSING,0.5,MISSING,0.5
1708029.jpeg,1902,0.95,Klitshoven,0.95
1743017.jpeg,19 V 2022,0.95,"Bakke, 55° 10.3575'E.",0.95
1706068.jpeg,17.6-22,0.95,Dania,0.95
1707432.jpeg,17/6/1923,0.95,Ravneholm Ggr.,0.95
1706369.jpeg,MISSING,0.5,MISSING,0.5
1743976.jpeg,1907,0.95,MISSING,0.5
1710380.jpeg,1781,0.95,Dania Coll.,0.95
1708716.jpeg,19. IX. 1992,0.95,"Skei, NEU",0.95
1708340.jpeg,1927,0.95,Gurri,0.95
1707019.jpeg,MISSING,0.5,MISSING,0.5
1706017.jpeg,1947,0.95,Bomholm,0.95
1743012.jpeg,19.5.2022,0.95,"general collecting dung, grassland",0.95
1706341.jpeg,1993,0.95,Zuidelijk Zuid-Afrika,0.95
1742983.jpeg,1944,0.95,Frederiksdal,0.95
1706860.jpeg,1907,0.95,Vestfyn,0.95
1708971.jpeg,MISSING,0.5,MISSING,0.5
1709839.jpeg,3 6 1899,0.95,Johs. Andersen.,0.95
1706072.jpeg,30.5.1983,0.95,Coll. Johs. Andersen,0.95
1707976.jpeg,1870,0.95,Sankt Hans,0.95
1709405.jpeg,MISSING,0.5,MISSING,0.5
1742809.jpeg,MISSING,0.5,MISSING,0.5
1707880.jpeg,1890,0.95,Dassco,0.95
1728496.jpeg,17-5-91,0.95,Granatii,0.95
1706129.jpeg,1786129,0.95,"Statens Naturhistoriske Museum, København",0.95
1707872.jpeg,1841,0.95,Dania,0.95
1705717.jpeg,MISSING,0.5,MISSING,0.5
1743054.jpeg,15.10.81,0.95,Dania,0.95
1743846.jpeg,1876,0.95,Coll. Nybjerg Lassen,0.95
1705632.jpeg,21.7.1974,0.95,Dania coll.,0.95
1742797.jpeg,1874,0.95,Wüsteni.,0.95
1743857.jpeg,10-5-63,0.95,FAXE,0.95
1705661.jpeg,15.7.97,0.95,Dania,0.95
1706392.jpeg,1.7.2000,0.95,Dania coll.,0.95
1707383.jpeg,MISSING,0.5,MISSING,0.5
1744465.jpeg,1868,0.95,Dania,0.95
1707385.jpeg,MISSING,0.5,MISSING,0.5
1706909.jpeg,1945,0.95,HØEG,0.95
1708468.jpeg,1894,0.95,Dassco,0.95
1709878.jpeg,12/7/1876,0.95,Heggendam,0.95
1707736.jpeg,1966,0.95,Dassco,0.95
1707632.jpeg,1878,0.95,Dassco,0.95
1707685.jpeg,MISSING,0.5,MISSING,0.5
1744552.jpeg,MISSING,0.5,MISSING,0.5
1744613.jpeg,16.6.1888,0.95,Staerkøge,0.95
1743728.jpeg,26-7-1969,0.95,Klitplantagen,0.95
1707377.jpeg,MISSING,0.5,MISSING,0.5
1705553.jpeg,10-7-37,0.95,HANNO,0.95
1708839.jpeg,30.7.1975,0.95,Dania coll.,0.95
1709872.jpeg,1970,0.95,SCHIEDTE,0.95
1706138.jpeg,MISSING,0.5,MISSING,0.5
1728464.jpeg,1728464,0.95,WESTERN.,0.95
1706121.jpeg,1876,0.95,Drewno,0.95
1706007.jpeg,1758,0.95,Dania,0.95
1706799.jpeg,1942,0.95,Dyrehaven,0.95
1708850.jpeg,27-III-1976,0.95,Ejstrupholm,0.95
1743791.jpeg,18/6/1927,0.95,Svendborgprg Amt,0.95
1707078.jpeg,29-5-1951,0.95,Dyrehaven,0.95
1708770.jpeg,MISSING,0.5,MISSING,0.5
1705564.jpeg,1924,0.95,Sandvigskr.,0.95
1705991.jpeg,28.7.1992,0.95,Dania coll.,0.95
1707239.jpeg,MISSING,0.5,MISSING,0.5
1705655.jpeg,15.7.37,0.95,"Dania, Coll.",0.95
1707669.jpeg,1904,0.95,Kongens Lyngby,0.95
1709969.jpeg,25-6-7/1943,0.95,Worm-Hansen,0.95
1709995.jpeg,1871,0.95,Bonn,0.95
1707356.jpeg,1870,0.95,Rosenhavn,0.95
1708954.jpeg,9/7/1870,0.95,Brykland,0.95
1744633.jpeg,1936,0.95,Rudkøbing Svendborg Amt,0.95
1743526.jpeg,MISSING,0.5,MISSING,0.5
1707427.jpeg,1878,0.95,Svejbak,0.95
1709586.jpeg,MISSING,0.5,MISSING,0.5
1705984.jpeg,8-7-1961,0.95,Dania coll.,0.95
1709554.jpeg,MISSING,0.5,MISSING,0.5
1706781.jpeg,18-6-49,0.95,Heslehaven Hillerød,0.95
1706226.jpeg,1966,0.95,Hillerød.,0.95
1743965.jpeg,26.8.87,0.95,Harbouro,0.95
1706852.jpeg,1874,0.95,Aalestrup,0.95
1708914.jpeg,10.10.1834,0.95,"Statens Naturhistoriske Museum, Københavns Universitet",0.95
1708413.jpeg,7-9-1958,0.95,"Dania, Coll.",0.95
1705714.jpeg,MISSING,0.5,MISSING,0.5
1707990.jpeg,MISSING,0.5,MISSING,0.5
1709417.jpeg,27.IV.2022,0.95,"DENMARK, NEZ: Helsingor, Grønne Vestskilte, 56.0375N,",0.95
1707357.jpeg,MISSING,0.5,MISSING,0.5
1706143.jpeg,MISSING,0.5,MISSING,0.5
1707679.jpeg,1870,0.95,Drewno,0.95
1709438.jpeg,11-10.1914,0.95,Røde Stigen,0.95
1708779.jpeg,MISSING,0.5,MISSING,0.5
1709758.jpeg,1897,0.95,"Statens Naturhistoriske Museum, Copenhagen",0.95
1709792.jpeg,26.3.1978.,0.95,Dania coll.,0.95
1707335.jpeg,1900,0.95,Schjøtte,0.95
1708353.jpeg,29/4/1947,0.95,Vibes,0.95
1706223.jpeg,4-8-43,0.95,Veddinge.,0.95
1744464.jpeg,1777,0.95,Dania,0.95
1705577.jpeg,1-6-50,0.95,"Hestehaven, Hillerød.",0.95
1743740.jpeg,1895,0.95,Austria,0.95
1706048.jpeg,20.9.34,0.95,Rogues,0.95
1705931.jpeg,11-5-49,0.95,Dania,0.95
1744453.jpeg,1903,0.95,Dassco,0.95
1706290.jpeg,1.1X.2001,0.95,KOPENHAGEN UNIVERSITY,0.95
1705480.jpeg,MISSING,0.5,MISSING,0.5
1709450.jpeg,1917,0.95,Haug,0.95
1706463.jpeg,1927,0.95,Aarhus,0.95
1706894.jpeg,3. VIII. 1991,0.95,NEJ.J.Hentenmark Stow,0.95
1706413.jpeg,1786413,0.95,Statens Naturhistoriske Museum,0.95
1708724.jpeg,20.10.18,0.95,Kronenhayms Universitet,0.95
1742817.jpeg,28/5/1908,0.95,Aphodiur,0.95
1705662.jpeg,15.7.97,0.95,Dania,0.95
1705659.jpeg,1877,0.95,Dania,0.95
1707891.jpeg,13. xi. 2011.,0.95,"DANMARK, NEZ: UC 11 Melby Overdrev",0.95
1743980.jpeg,16-3-1964,0.95,Ryget,0.95
1709809.jpeg,15-10-1974,0.95,Ostbirk,0.95
1707970.jpeg,178978,0.95,Schiidte,0.95
1709003.jpeg,MISSING,0.5,MISSING,0.5
1709902.jpeg,MISSING,0.5,MISSING,0.5
1706160.jpeg,1786,0.95,Holland,0.95
1707626.jpeg,1904,0.95,Tibidabo,0.95
1706968.jpeg,MISSING,0.5,MISSING,0.5
1709056.jpeg,23.8.03,0.95,Jenss-kaarup,0.95
1709008.jpeg,1799088,0.95,Holland,0.95
1706430.jpeg,197/6/87,0.95,hirciculai,0.95
1708378.jpeg,1966,0.95,HÅVELLE.,0.95
1709945.jpeg,1967,0.95,Esbjerg,0.95
1707309.jpeg,4.5.1938,0.95,Coll. Johs. Andersen,0.95
1705913.jpeg,1805,0.95,Dyrehaven,0.95
1706890.jpeg,2021,0.95,grazed grassland,0.95
1705948.jpeg,14-7-1973,0.95,"Coll., Dania",0.95
1708778.jpeg,MISSING,0.5,MISSING,0.5
1708817.jpeg,MISSING,0.5,MISSING,0.5
1707899.jpeg,12.V.2011,0.95,Sukkertoppen,0.95
1709785.jpeg,1914-15,0.95,Halsbænke,0.95
1707481.jpeg,18-6-1940,0.95,Dyrehaven,0.95
1709801.jpeg,1948,0.95,Poland,0.95
1705761.jpeg,1907,0.95,Shaden,0.95
1743029.jpeg,1979,0.95,DK,0.95
1706952.jpeg,1786952,0.95,CglL Schjodte,0.95
1705748.jpeg,1956,0.95,Vstk Sømark,0.95
1728554.jpeg,3.7.1999,0.95,KLOBEN ENDELAVE,0.95
1728564.jpeg,MISSING,0.5,MISSING,0.5
1706326.jpeg,1902,0.95,Søbye,0.95
1709424.jpeg,MISSING,0.5,MISSING,0.5
1743931.jpeg,26-8-28,0.95,"Dania, Cell.",0.95
1706058.jpeg,19-6-19,0.95,Høeg,0.95
1705854.jpeg,14/7-1962,0.95,Silkeborg,0.95
1706499.jpeg,MISSING,0.5,MISSING,0.5
1709290.jpeg,MISSING,0.5,MISSING,0.5
1709942.jpeg,24/8/1901,0.95,Dassco,0.95
1707598.jpeg,21.6.32,0.95,Cell.,0.95
1706385.jpeg,MISSING,0.5,MISSING,0.5
1709510.jpeg,MISSING,0.5,MISSING,0.5
1706245.jpeg,9-6-1991,0.95,Dania,0.95
1706869.jpeg,2017-6-30,0.95,"DANIA: Coll., Karsten Schnack",0.95
1707295.jpeg,1920,0.95,HAEG,0.95
1709756.jpeg,MISSING,0.5,MISSING,0.5
1706165.jpeg,1878,0.95,Holland,0.95
1705920.jpeg,1839,0.95,Veddinge Bakker,0.95
1709515.jpeg,MISSING,0.5,MISSING,0.5
1710401.jpeg,1915,0.95,Kyllingtekov,0.95
1709968.jpeg,25.6-7.7 1943,0.95,Worm-Hansenen,0.95
1708805.jpeg,13-10-46,0.95,s.f. Rørbek Sø.,0.95
1709773.jpeg,1934,0.95,Dania,0.95
1709499.jpeg,1902,0.95,Schiede,0.95
1709993.jpeg,1987,0.95,Dassco,0.95
1707199.jpeg,MISSING,0.5,JENSEN-NARUP,0.95
1707215.jpeg,30-8-62,0.95,Dyrehaven,0.95
1707661.jpeg,MISSING,0.5,MISSING,0.5
1706243.jpeg,9-6-1971,0.95,Dania,0.95
1744576.jpeg,1904,0.95,KORENHAYMS,0.95
1744442.jpeg,6.6.37,0.95,Nedd. Dyk.,0.95
1707887.jpeg,30.3.1975,0.95,Dania coll.,0.95
1705517.jpeg,21/5/93,0.95,Hæsede,0.95
1708692.jpeg,2/10/1974,0.95,"Dania, Sjælland Røsnæs, Kongstrup",0.95
1705770.jpeg,31-7-1927,0.95,Rosenberg,0.95
1705443.jpeg,1836/7,0.95,Slygghaven,0.95
1709407.jpeg,27.IV.2022,0.95,"DENMARK: NEZ: Helsingor, Grønne Vestkøle",0.95
1706298.jpeg,19.5.2022,0.95,grassland,0.95
1728465.jpeg,1785,0.95,Larsen,0.95
1706314.jpeg,6/1809,0.95,SCHJODTE,0.95
1709306.jpeg,1896,0.95,Sphacelatus,0.95
1709221.jpeg,28.9.1903,0.95,HAEG,0.95
1728483.jpeg,1728483,0.95,Lolland,0.95
1707292.jpeg,19.5.1931,0.95,Søndrup,0.95
1705747.jpeg,8-7-60,0.95,Vstfr. Sömærk.,0.95
1706231.jpeg,1966,0.95,Hestehavep Millersod,0.95
1707343.jpeg,MISSING,0.5,MISSING,0.5
1709150.jpeg,1919,0.95,Dassco,0.95
1709893.jpeg,MISSING,0.5,MISSING,0.5
1708859.jpeg,30.9.72,0.95,Dania,0.95
1706315.jpeg,1870,0.95,Suecica,0.95
1705971.jpeg,MISSING,0.5,STATENS NATURHISTORISKE MUSEUM KOPENHAVNS UNIVERSITET,0.95
1707028.jpeg,1934,0.95,Svendborg Amt,0.95
1709483.jpeg,1709483,0.95,Schiedte,0.95
1709246.jpeg,1870,0.95,Syrupus,0.95
1743551.jpeg,9/7/1870,0.95,Næstved,0.95
1707895.jpeg,18-IV-1975,0.95,Tykskov krat,0.95
1709888.jpeg,1874,0.95,Kopenhagen,0.95
1706759.jpeg,1720,0.95,rufipes.,0.95
1708983.jpeg,1904,0.95,Dawso.,0.95
1707336.jpeg,1902,0.95,SCHIDTTE,0.95
1709410.jpeg,27.IV.2022,0.95,"Helsingør, Grønne Vestkøle, 56°03'35N, 12.5598E",0.95
1708427.jpeg,1963,0.95,Kongens Lyngby,0.95
1708767.jpeg,1900,0.95,MISSING,0.5
1743817.jpeg,1929,0.95,S.V.B.L.,0.95
1708921.jpeg,10.10.1891,0.95,Søløv,0.95
1707040.jpeg,1920-5-18,0.95,Dyrehaven,0.95
1743761.jpeg,1930,0.95,Dassco,0.95
1705445.jpeg,1876,0.95,Schiedte,0.95
1708833.jpeg,MISSING,0.5,MISSING,0.5
1743971.jpeg,1979,0.95,Dassco,0.95
1707079.jpeg,24.5-1961,0.95,Dyrehaven,0.95
1705687.jpeg,1795,0.95,Schiedte,0.95
1708479.jpeg,1907,0.95,MISSING,0.5
1744567.jpeg,1904,0.95,Lav,0.95
1706782.jpeg,31-8-49,0.95,Folehave,0.95
1743960.jpeg,2.5.1934,0.95,STRILAND,0.95
1709552.jpeg,MISSING,0.5,MISSING,0.5
1708766.jpeg,1904,0.95,KOPENHAGEN,0.95
1709238.jpeg,1864-1870,0.95,Lundhin,0.95
1710354.jpeg,1874,0.95,Dania,0.95
1743880.jpeg,1936,0.95,"JALI, JUTT",0.95
1707919.jpeg,1838,0.95,Hoeeg,0.95
1707240.jpeg,1879,0.95,Dassco,0.95
1743563.jpeg,1904,0.95,Schiedte,0.95
1706935.jpeg,1975-1870,0.95,DassCo,0.95
1743877.jpeg,25.5.1947,0.95,Veddinge Bakker,0.95
1709830.jpeg,1973,0.95,Haug,0.95
1709917.jpeg,17809517,0.95,NHMD,0.95
1728555.jpeg,1983,0.95,Rønninge Klit,0.95
1705499.jpeg,1785,0.95,Dreves,0.95
1743935.jpeg,6-6-29,0.95,Dania,0.95
1708014.jpeg,4.96,0.95,stilbetei,0.95
1744449.jpeg,1919,0.95,Aarsen,0.95
1742764.jpeg,MISSING,0.5,MISSING,0.5
1708988.jpeg,MISSING,0.5,Dassco.,0.95
1709393.jpeg,12.5598E,0.95,"Helsingor, Grønne Vestkile, 56.0375N",0.95
1705679.jpeg,1870,0.95,Rupite,0.95
1705430.jpeg,22.5.1980,0.95,MISSING,0.5
1709317.jpeg,1909,0.95,Dyrehaven,0.95
1706917.jpeg,1898,0.95,Copenhagen,0.95
1709910.jpeg,MISSING,0.5,MISSING,0.5
1705452.jpeg,1870,0.95,Dygesvej,0.95
1706170.jpeg,1/8/1901,0.95,Sundagav Holland,0.95
1706106.jpeg,9/7/1810,0.95,Bornholm,0.95
1709493.jpeg,1789493,0.95,Schidte,0.95
1707810.jpeg,MISSING,0.5,MISSING,0.5
1706241.jpeg,5-6-1965,0.95,Dania,0.95
1728580.jpeg,28.VI.1987,0.95,grandkar,0.95
1706470.jpeg,MISSING,0.5,MISSING,0.5
1705951.jpeg,28.4.1972,0.95,Dania,0.95
1708786.jpeg,1902,0.95,S. pietin,0.95
1707773.jpeg,1870,0.95,Bryt,0.95
1707751.jpeg,8.VI.2003,0.95,TOFFE,0.95
1708018.jpeg,1858,0.95,Gealenve,0.95
1706456.jpeg,17/6/1871,0.95,Coll. Schiedte,0.95
1709113.jpeg,27.9.58,0.95,Eremilagen.,0.95
1706179.jpeg,1786/179,0.95,Tommerup,0.95
1708887.jpeg,13.10.1991,0.95,Dania coll.,0.95
1709439.jpeg,26.9.1997,0.95,A. West,0.95
1706506.jpeg,1977,0.95,Braunegelund,0.95
1707455.jpeg,1966,0.95,Tilg.1.11.,0.95
1743790.jpeg,24/5/1929,0.95,Svendborg Amt,0.95
1706383.jpeg,1800,0.95,Dassco,0.95
1707415.jpeg,1879,0.95,Ry,0.95
1743002.jpeg,7.6.1990,0.95,Søse,0.95
1707894.jpeg,24-III-1975,0.95,Tjyskvor krat,0.95
1708822.jpeg,1788822,0.95,STATENS NATURHISTORISKE MUSEUM,0.95
1709115.jpeg,14-9-58,0.95,Dyrenhaven,0.95
1744530.jpeg,1870,0.95,Tigeri,0.95
1709571.jpeg,1789571,0.95,Denmark,0.95
1707391.jpeg,MISSING,0.5,de Tengnagel,0.95
1708428.jpeg,1965,0.95,Kongstrup,0.95
1707401.jpeg,1870,0.95,Kopenhagen,0.95
1744658.jpeg,24-8-1956,0.95,Slinge,0.95
1707581.jpeg,31.V.1986,0.95,Hestemark,0.95
1705686.jpeg,1904,0.95,Schiodte,0.95
1744435.jpeg,6.6.1944,0.95,Dassco,0.95
1707374.jpeg,MISSING,0.5,MISSING,0.5
1706477.jpeg,MISSING,0.5,MISSING,0.5
1707659.jpeg,MISSING,0.5,MISSING,0.5
1709472.jpeg,1789472,0.95,Schiedte,0.95
1705813.jpeg,MISSING,0.5,MISSING,0.5
1705911.jpeg,20-9-1999,0.95,Dyrehaven,0.95
1705794.jpeg,1833,0.95,Johs. Andersen,0.95
1708027.jpeg,1788027,0.95,Nordhavn,0.95
1743906.jpeg,1948,0.95,Sønderjylland,0.95
1706144.jpeg,MISSING,0.5,MISSING,0.5
1742737.jpeg,1890,0.95,Copen,0.95
1728500.jpeg,1904,0.95,H,0.95
1742829.jpeg,1897,0.95,Dassco,0.95
1708928.jpeg,22.8.69,0.95,Dania,0.95
1728532.jpeg,1966,0.95,Eremilagen,0.95
1743741.jpeg,1993,0.95,Dyrehaven,0.95
1706073.jpeg,1907,0.95,Johs. Andersen,0.95
1709401.jpeg,27 IV 2022,0.95,DENMARK,0.95
1707042.jpeg,1919-06-08,0.95,Dyrehaven,0.95
1710405.jpeg,1927,0.95,DANIA,0.95
1706828.jpeg,1964,0.95,Nordjylland,0.95
1709490.jpeg,1904,0.95,Dyrrhachium,0.95
1707362.jpeg,1904,0.95,Lav,0.95
1744443.jpeg,1922,0.95,DK,0.95
1744595.jpeg,MISSING,0.5,MISSING,0.5
1706976.jpeg,1869,0.95,Copenhagen,0.95
1709337.jpeg,19-9-1953,0.95,"Dania, Coll.",0.95
1709578.jpeg,1947,0.95,A. brodronus,0.95
1705690.jpeg,MISSING,0.5,MISSING,0.5
1709496.jpeg,1798,0.95,Dassco,0.95
1744604.jpeg,MISSING,0.5,MISSING,0.5
1743953.jpeg,6-9/1990,0.95,Dania,0.95
1707397.jpeg,1904,0.95,Wüstnei,0.95
1708924.jpeg,20 S.193,0.95,Dania,0.95
1708019.jpeg,1788819,0.95,"Statens Naturhistoriske Museum, København",0.95
1707227.jpeg,1977,0.95,Dania,0.95
1742760.jpeg,1904,0.95,MISSING,0.5
1709802.jpeg,1948,0.95,Sall,0.95
1708959.jpeg,1794-1870,0.95,Borrisolus,0.95
1708760.jpeg,1873,0.95,Hansen,0.95
1706196.jpeg,27/6/1931,0.95,Dassco,0.95
1705531.jpeg,MISSING,0.5,Danmark,0.95
1708031.jpeg,1888,0.95,Gauboune,0.95
1743937.jpeg,1940,0.95,Sjælland,0.95
1706415.jpeg,1896,0.95,Kobenhavn,0.95
1705680.jpeg,1876/10,0.95,Rønne.,0.95
1707269.jpeg,17-VIII-1976,0.95,Krenkerup,0.95
1709870.jpeg,1789,0.95,Dagomys,0.95
1708809.jpeg,1870,0.95,Bogt,0.95
1709776.jpeg,1904,0.95,Dania,0.95
1709832.jpeg,28.7.1923,0.95,Heg,0.95
1743996.jpeg,1954,0.95,Denget Dania,0.95
1744647.jpeg,1956,0.95,"Dania, Coll.",0.95
1743777.jpeg,19-9-36,0.95,Kloster,0.95
1706163.jpeg,1901,0.95,holland,0.95
1744554.jpeg,MISSING,0.5,MISSING,0.5
1709884.jpeg,1970,0.95,Schiedte,0.95
1707218.jpeg,36-8-62,0.95,Dyrehaven,0.95
1706438.jpeg,1786,0.95,pompeii,0.95
1708755.jpeg,1804,0.95,Schjødtte,0.95
1728462.jpeg,MISSING,0.5,MISSING,0.5
1728571.jpeg,1908,0.95,Celle,0.95
1708024.jpeg,10 Oct. 1897,0.95,Felsbækup,0.95
1708034.jpeg,1967,0.95,Frederiksværk,0.95
1706487.jpeg,1876,0.95,Kopenhagen,0.95
1710347.jpeg,1718347,0.95,Dania coll.,0.95
1743783.jpeg,13-8-36,0.95,Kindsholm,0.95
1705912.jpeg,1875,0.95,Schaltz,0.95
1742792.jpeg,1742792,0.95,Holland,0.95
1709204.jpeg,18.10.1997,0.95,Dania coll.,0.95
1707695.jpeg,MISSING,0.5,Teugnagel,0.95
1707516.jpeg,1937,0.95,Worm-Ausen,0.95
1707252.jpeg,1787252,0.95,Kopenhagen,0.95
1709786.jpeg,14.IV.1992,0.95,H.LI.JENSEN,0.95
1744545.jpeg,1902,0.95,Nordenskold,0.95
1706123.jpeg,1870,0.95,Dassco,0.95
1706969.jpeg,1786/1854,0.95,KOPENHAVNS UNIVERSITET,0.95
1708930.jpeg,1892,0.95,Dania,0.95
1705628.jpeg,1997,0.95,BUHL,0.95
1709808.jpeg,19. IX. 1992,0.95,Høstemark,0.95
1743030.jpeg,11.5.1982,0.95,Dania coll.,0.95
1728476.jpeg,MISSING,0.5,MISSING,0.5
1707436.jpeg,19,0.95,Hammeren,0.95
1706139.jpeg,MISSING,0.5,MISSING,0.5
1707006.jpeg,1/6-1849,0.95,Dann Moller,0.95
1709428.jpeg,MISSING,0.5,MISSING,0.5
1707561.jpeg,26-6-1955,0.95,LINDHOLM,0.95
1744614.jpeg,1890,0.95,Estbjerg,0.95
1707831.jpeg,1787837,0.95,Nord,0.95
1705945.jpeg,5-61965,0.95,"Dania, Coll.",0.95
1706194.jpeg,1939,0.95,Svenstrup Amt,0.95
1707775.jpeg,1902,0.95,BOGE,0.95
1706841.jpeg,1900,0.95,DANIS COLL.,0.95
1708422.jpeg,17-5-1964,0.95,"DANIA, COLI",0.95
1709333.jpeg,23-10-57,0.95,Eremilagen,0.95
1707813.jpeg,1906,0.95,JUTLAND,0.95
1707008.jpeg,2/5/1910,0.95,Witker Mielow,0.95
1743798.jpeg,31-5-1942,0.95,Osserupa,0.95
1705858.jpeg,MISSING,0.5,MISSING,0.5
1708799.jpeg,1927/1930,0.95,Hamborg,0.95
1707268.jpeg,17-VIII-1976,0.95,Krenkerup,0.95
1709128.jpeg,25-4/1960,0.95,"DANIA, COLL.",0.95
1744691.jpeg,1904,0.95,Dania,0.95
1708844.jpeg,14.10.1979,0.95,Lindum skov,0.95
1705535.jpeg,27/7/1920,0.95,Jens Møller,0.95
1706260.jpeg,1897,0.95,Hørsholm,0.95
1706945.jpeg,2016/5/30,0.95,Dyrrhachium,0.95
1706091.jpeg,1874,0.95,Schibdte,0.95
1709370.jpeg,12-10-1952,0.95,Dyrehaven,0.95
1744623.jpeg,22/5/1900,0.95,Hjkkedakov,0.95
1744626.jpeg,1907,0.95,plagiatus,0.95
1710351.jpeg,1904,0.95,Dania,0.95
1708001.jpeg,1788,0.95,Teugnagel,0.95
1706444.jpeg,1942,0.95,Lyngvæsø,0.95
1707168.jpeg,MISSING,0.5,MISSING,0.5
1708788.jpeg,1973,0.95,Røssk Møring,0.95
1743591.jpeg,1817,0.95,Siceland,0.95
1707388.jpeg,MISSING,0.5,MISSING,0.5
1706108.jpeg,176/1870,0.95,Coll. Schiade,0.95
1707672.jpeg,MISSING,0.5,MISSING,0.5
1708933.jpeg,1788933,0.95,"Statens Naturhistoriske Museum, Københavns Universitet",0.95
1708987.jpeg,Dassco,0.95,Dassco,0.95
1744661.jpeg,16-5-1981,0.95,Jylland Skålenen,0.95
1709192.jpeg,29-8-1952,0.95,DANIA COLL.,0.95
1705892.jpeg,1944,0.95,Meen,0.95
1706313.jpeg,1870,0.95,Jutland,0.95
1709101.jpeg,1945,0.95,S.V.,0.95
1707562.jpeg,26-6-1955,0.95,Hans Genget,0.95
1728572.jpeg,MISSING,0.5,MISSING,0.5
1707694.jpeg,1904,0.95,De Tendhuizen,0.95
1705784.jpeg,15.7.1908,0.95,DassCo,0.95
1709505.jpeg,1870,0.95,Waddernorg,0.95
1706252.jpeg,1976,0.95,DENMARK,0.95
1709034.jpeg,1905,0.95,Havne,0.95
1708376.jpeg,27.4-49,0.95,Frederikslund,0.95
1707265.jpeg,23.7.1998,0.95,Dania coll.,0.95
1743711.jpeg,1891,0.95,Saltso Skov,0.95
1743559.jpeg,1890,0.95,Schiede,0.95
1709060.jpeg,1954,0.95,Tangorv. Ribe,0.95
1709921.jpeg,1789921,0.95,STATENS NATURHISTORISKE MUSEUM KOPENHAVNS UNIVERSITET,0.95
1705561.jpeg,1922,0.95,Dyrehaven,0.95
1707447.jpeg,13/6/1938,0.95,Svendborg Amt,0.95
1728471.jpeg,MISSING,0.5,MISSING,0.5
1705982.jpeg,G-1915,0.95,Vorbarre,0.95
1743013.jpeg,19.5.2022,0.95,"general collecting dung, grassland",0.95
1709502.jpeg,MISSING,0.5,Schjödte,0.95
1705698.jpeg,MISSING,0.5,MISSING,0.5
1744436.jpeg,8.5.25,0.95,Saltholm,0.95
1709384.jpeg,19.10.1992,0.95,Skov NEJ,0.95
1705994.jpeg,63-7-44,0.95,DANMARK,0.95
1706362.jpeg,MISSING,0.5,MISSING,0.5
1742761.jpeg,1904,0.95,SCHJODTE,0.95
1706316.jpeg,MISSING,0.5,MISSING,0.5
1744562.jpeg,MISSING,0.5,MISSING,0.5
1709791.jpeg,26-3-1978,0.95,DANIA COLL.,0.95
1705515.jpeg,MISSING,0.5,MISSING,0.5
1709394.jpeg,27.IV.2022,0.95,"Helsinge, Grønne Vestlige, 56.0375N, 12.5598E",0.95
1709229.jpeg,18.10.21,0.95,Dania,0.95
1707178.jpeg,MISSING,0.5,MISSING,0.5
1709097.jpeg,22.8.92,0.95,Dania,0.95
1705814.jpeg,MISSING,0.5,MISSING,0.5
1706101.jpeg,1706181,0.95,"Statens Naturhistoriske Museum, Københavns Universitetet",0.95
1709164.jpeg,1789164,0.95,Kobenhavns Universitet,0.95
1743905.jpeg,1948,0.95,Worm-hansen,0.95
1709139.jpeg,29-VII-1983,0.95,Dania,0.95
1708958.jpeg,1870,0.95,Kopenhagen,0.95
1743044.jpeg,22.9.1932,0.95,Dassco,0.95
1706268.jpeg,1870,0.95,Rosenhavn,0.95
1705574.jpeg,21-5-49,0.95,Eremilagen,0.95
1707927.jpeg,18.5.1903,0.95,Coll. Johs. Andersen,0.95
1705992.jpeg,3.8.1973,0.95,Dania coll.,0.95
1743522.jpeg,1892,0.95,Dassco,0.95
1744700.jpeg,12-07-1937,0.95,Saltholm,0.95
1743025.jpeg,10-65,0.95,Dania,0.95
1709488.jpeg,1789488,0.95,"Statens Naturhistoriske Museum, Københavns Universitet",0.95
1705864.jpeg,1908,0.95,Nepal,0.95
1728602.jpeg,1938,0.95,KOBENHAVNS UNIVERSITET,0.95
1707052.jpeg,21-5-49,0.95,Eremitagen,0.95
1706323.jpeg,1874,0.95,Rønne,0.95
1709274.jpeg,MISSING,0.5,MISSING,0.5
1707161.jpeg,1876,0.95,"ZENKERI, GERMANY",0.95
1710382.jpeg,16-7-1972,0.95,EJSTRUPHOLM,0.95
1728501.jpeg,MISSING,0.5,MISSING,0.5
1705979.jpeg,19.6.96,0.95,Onsild,0.95
1707319.jpeg,92.5.22,0.95,Dania,0.95
1709052.jpeg,23.8.03,0.95,København,0.95
1709895.jpeg,MISSING,0.5,MISSING,0.5
1709353.jpeg,MISSING,0.5,MISSING,0.5
1707424.jpeg,31.5.1888,0.95,Jutzen-Kaarup,0.95
1705976.jpeg,1785,0.95,Nordland,0.95
1705459.jpeg,1785,0.95,MISSING,0.5
1707482.jpeg,1849,0.95,Dyrehaven,0.95
1742981.jpeg,MISSING,0.5,MISSING,0.5
1743837.jpeg,13-8-26,0.95,H. Lemche,0.95
1705962.jpeg,1976,0.95,"Dania, Vestjyll, Tipperne",0.95
1743933.jpeg,29-4-28,0.95,Dania,0.95
1705501.jpeg,MISSING,0.5,France,0.95
1708889.jpeg,13.10.1991,0.95,Dania coll.,0.95
1710377.jpeg,1781,0.95,"Kongenshave, Regnum",0.95
1708725.jpeg,20.10.19,0.95,HEG,0.95
1709136.jpeg,24.10.1996,0.95,"Røld Skov, Skorping",0.95
1706011.jpeg,4/1/1988,0.95,DK.NEJ.NW38,0.95
1708838.jpeg,29.3.1975,0.95,Dania coll.,0.95
1743793.jpeg,21/4/1934,0.95,Svendborg Amt,0.95
1707955.jpeg,1970,0.95,Dyrehaven,0.95
1708441.jpeg,1963,0.95,Malteses,0.95
1707684.jpeg,1871,0.95,Dhewa,0.95
1706270.jpeg,1904,0.95,Copenhagen,0.95
1706287.jpeg,13-5-1972,0.95,SKALLINGEN,0.95
1707418.jpeg,22/6/1905,0.95,Dassco,0.95
1742816.jpeg,1904,0.95,JENSEN-HAARUP,0.95
1705525.jpeg,2/7/1898,0.95,Kulhuse,0.95
1705859.jpeg,MISSING,0.5,JENSEN-HALVRUP,0.95
1707649.jpeg,1894,0.95,Schiedte,0.95
1707728.jpeg,1787,0.95,Pang,0.95
1707663.jpeg,MISSING,0.5,MISSING,0.5
1705908.jpeg,8-6-1914,0.95,Vandrup,0.95
1709040.jpeg,1972,0.95,Kopenhagen,0.95
1709905.jpeg,MISSING,0.5,MISSING,0.5
1709295.jpeg,MISSING,0.5,MISSING,0.5
1705783.jpeg,5.6.1909,0.95,Dassco,0.95
1743759.jpeg,1930,0.95,Larssen,0.95
1707622.jpeg,1787,0.95,Tids vjelse,0.95
1705582.jpeg,1963,0.95,Kongens Trupe,0.95
1709312.jpeg,1853,0.95,Sagden,0.95
1709300.jpeg,1902,0.95,DK,0.95
1707548.jpeg,1908,0.95,Dassco,0.95
1706846.jpeg,1972,0.95,Lisseløe,0.95
1705878.jpeg,1953,0.95,Tåtledal,0.95
1706967.jpeg,1870,0.95,DEPRES-,0.95
1709546.jpeg,MISSING,0.5,de Teengael,0.95
1706877.jpeg,26-7-1951,0.95,Dania coll.,0.95
1742755.jpeg,MISSING,0.5,MISSING,0.5
1705617.jpeg,14-5-1951,0.95,Dania coll.,0.95
1708385.jpeg,12-9-49,0.95,griå stov,0.95
1743509.jpeg,MISSING,0.5,MISSING,0.5
1709831.jpeg,1923,0.95,Heg,0.95
1743708.jpeg,MISSING,0.5,MISSING,0.5
1705881.jpeg,6-7-37,0.95,Tuldi,0.95
1743947.jpeg,4-4-1958,0.95,Dania,0.95
1707814.jpeg,1904,0.95,Kobenhavn,0.95
1743590.jpeg,MISSING,0.5,MISSING,0.5
1707434.jpeg,1855-16,0.95,Rosenberg,0.95
1706320.jpeg,1873,0.95,Borgel,0.95
1744643.jpeg,22.5.1855,0.95,Dania,0.95
1709366.jpeg,1894,0.95,70,0.95
1708797.jpeg,1890,0.95,Hortoria,0.95
1706985.jpeg,MISSING,0.5,MISSING,0.5
1705453.jpeg,MISSING,0.5,MISSING,0.5
1743802.jpeg,1932,0.95,Stallingen,0.95
1705961.jpeg,23/1902,0.95,"Kjøge, Østjylland f., Vejle",0.95
1705762.jpeg,24-5-1915,0.95,Coll. Schalitz,0.95
1709784.jpeg,1947,0.95,København,0.95
1707338.jpeg,MISSING,0.5,MISSING,0.5
1706775.jpeg,1917,0.95,Gandaberg,0.95
1709375.jpeg,6-4-1982,0.95,DANIA COLL.,0.95
1707690.jpeg,1797,0.95,de Tengnagel,0.95
1707969.jpeg,MISSING,0.5,MISSING,0.5
1707275.jpeg,20-III-1976,0.95,Maltrup,0.95
1744553.jpeg,1904,0.95,Larvik,0.95
1709518.jpeg,MISSING,0.5,MISSING,0.5
1743823.jpeg,1989,0.95,Bellinge skov,0.95
1708665.jpeg,9.93,0.95,Hundrup,0.95
1708762.jpeg,MISSING,0.5,MISSING,0.5
1706291.jpeg,15.V.2011,0.95,Koednshavn,0.95
1707812.jpeg,MISSING,0.5,MISSING,0.5
1709561.jpeg,1789561,0.95,Wüstnei.,0.95
1743781.jpeg,1941,0.95,CHRISTIANIA,0.95
1707987.jpeg,1870,0.95,Kobenhavn,0.95
1709553.jpeg,MISSING,0.5,MISSING,0.5
1708775.jpeg,1904,0.95,S-Peclur,0.95
1707769.jpeg,1879,0.95,Schiedte,0.95
1707389.jpeg,1780,0.95,tegnavgel,0.95
1707541.jpeg,MISSING,0.5,MISSING,0.5
1710340.jpeg,23-6-1961,0.95,Nørrejyske,0.95
1706140.jpeg,MISSING,0.5,MISSING,0.5
1708691.jpeg,1976,0.95,"Røsnæs, Kongstrup",0.95
1706963.jpeg,1786953,0.95,Schlødtte,0.95
1709036.jpeg,1879,0.95,Kopenhagen,0.95
1707450.jpeg,18-6-49,0.95,Hestehaven.,0.95
1744679.jpeg,39y,0.95,Dassco,0.95
1706972.jpeg,MISSING,0.5,MISSING,0.5
1708769.jpeg,MISSING,0.5,MISSING,0.5
1709582.jpeg,1902,0.95,H,0.95
1707703.jpeg,1894,0.95,Lagunen,0.95
1708845.jpeg,1976,0.95,Ejstrupholm,0.95
1743003.jpeg,7.6.1990,0.95,Dania coll.,0.95
1744451.jpeg,1993,0.95,BELJESEK,0.95
1707633.jpeg,6/8/1871,0.95,Schiede,0.95
1709767.jpeg,13-9-1952,0.95,Hans Gengset,0.95
1707510.jpeg,1985,0.95,Resmes Kongstrup,0.95
1707454.jpeg,12-6-58,0.95,Jagerspris,0.95
1744697.jpeg,1920,0.95,Dania,0.95
1707422.jpeg,23/6/1905,0.95,Mølbyhed,0.95
1708466.jpeg,1892,0.95,Dassco,0.95
1709924.jpeg,1870,0.95,MISSING,0.5
1705977.jpeg,MISSING,0.5,MISSING,0.5
1707249.jpeg,MISSING,0.5,Dassco,0.95
1709143.jpeg,1880,0.95,Vejle.,0.95
1707041.jpeg,1922,0.95,Coll. Schaltz,0.95
1705683.jpeg,2018,0.95,Schiedte,0.95
1707692.jpeg,1787692,0.95,"Statens Naturhistoriske Museum, Københavns Universitet",0.95
1744686.jpeg,1870,0.95,Kongelunden,0.95
1705498.jpeg,1870,0.95,Drejeb,0.95
1709427.jpeg,27.IV.2022,0.95,"DENMARK, NCZ: Hellebæk",0.95
1706285.jpeg,1786285,0.95,Dania coll.,0.95
1710409.jpeg,1938,0.95,Saltholm,0.95
1709821.jpeg,1857,0.95,Kannustedet,0.95
1706784.jpeg,1922,0.95,Dania,0.95
1707841.jpeg,1787,0.95,J. P. Jørgensen,0.95
1705657.jpeg,1879,0.95,Dania,0.95
1708723.jpeg,1902,0.95,HØEG 20.10.10,0.95
1708037.jpeg,5/6 1909,0.95,GEELS SKOV,0.95
1709803.jpeg,1907,0.95,DENMARK,0.95
1706103.jpeg,1908,0.95,Vestf. Buggt,0.95
1743868.jpeg,29-7-49,0.95,Qasserboe,0.95
1707784.jpeg,16/1/862,0.95,Schiodte,0.95
1707868.jpeg,4.11.89,0.95,Dania,0.95
1705958.jpeg,1829,0.95,Sv.6.6.,0.95
1709341.jpeg,19-4-1953,0.95,Dania,0.95
1709007.jpeg,MISSING,0.5,Lolland,0.95
1743957.jpeg,1974,0.95,DENMARK,0.95
1705964.jpeg,1975,0.95,Tipperne,0.95
1706422.jpeg,17/7/61871,0.95,Hennik,0.95
1709009.jpeg,1709080,0.95,Lolland,0.95
1707299.jpeg,1957,0.95,DANIA,0.95
1709058.jpeg,23.8.03,0.95,Jensen-Kaarup,0.95
1706834.jpeg,28-5-1965,0.95,Dania,0.95
1707407.jpeg,1904,0.95,A. FURILLUS,0.95
1706095.jpeg,1786,0.95,Jypphavnen,0.95
1705474.jpeg,1870,0.95,MISSING,0.5
1708941.jpeg,1794/1570,0.95,Schiodte,0.95
1707511.jpeg,26-5-1965,0.95,Reses Sjælland,0.95
1708791.jpeg,1873,0.95,Croyde,0.95
1743844.jpeg,10-9-65,0.95,Dassco,0.95
1743751.jpeg,1908,0.95,GILL.,0.95
1706892.jpeg,2021,0.95,"DENMARK, NWJ. Hjalm Hada",0.95
1707409.jpeg,21683,0.95,Tengnagel,0.95
1705524.jpeg,2/7/1898,0.95,Kulhusoc,0.95
1707646.jpeg,1993,0.95,DK,0.95
1743942.jpeg,1978,0.95,"Dan Madsen, Leg.",0.95
1710336.jpeg,25-6-1961,0.95,Midtjylland,0.95
1706205.jpeg,17-6-1922,0.95,Dyrehaven,0.95
1709842.jpeg,1979,0.95,Johans Andersen,0.95
1744612.jpeg,1898,0.95,Eng,0.95
1709877.jpeg,1890,0.95,Hoggaebjerg,0.95
1743900.jpeg,1879,0.95,Werm-Nansen,0.95
1707873.jpeg,1870,0.95,Dania,0.95
1706186.jpeg,196-79,0.95,Nexø,0.95
1709348.jpeg,1769348,0.95,NMD,0.95
1707946.jpeg,1964/08/26,0.95,Schiedte,0.95
1710385.jpeg,4.VII.1984,0.95,Nwag,0.95
1706117.jpeg,1900,0.95,Dense,0.95
1743494.jpeg,1870,0.95,Lar.,0.95
1742798.jpeg,MISSING,0.5,Wüstnei.,0.95
1706064.jpeg,5.6.12,0.95,Dania,0.95
1706329.jpeg,MISSING,0.5,MISSING,0.5
1708405.jpeg,28.5/18,0.95,Dania,0.95
1743589.jpeg,MISSING,0.5,MISSING,0.5
1744673.jpeg,1907,0.95,MISSING,0.5
1708423.jpeg,18-9-1965,0.95,"DANIA, COLL.",0.95
1728592.jpeg,9-ⅥI1979,0.95,Resnes,0.95
1709532.jpeg,MISSING,0.5,MISSING,0.5
1707404.jpeg,1907,0.95,Rø. 1,0.95
1707243.jpeg,MISSING,0.5,MISSING,0.5
1705802.jpeg,1785802,0.95,"Dania, Coll.",0.95
1706183.jpeg,8/6/19,0.95,Hammeren,0.95
1705713.jpeg,MISSING,0.5,MISSING,0.5
1728466.jpeg,MISSING,0.5,Dnestr.,0.95
1709379.jpeg,6-4-1952,0.95,Dyrenvej,0.95
1707245.jpeg,1961,0.95,Dassco,0.95
1707625.jpeg,MISSING,0.5,MISSING,0.5
1744682.jpeg,1925,0.95,K. Is. Løvejselund,0.95
1706793.jpeg,26.6.1943,0.95,Fure Sø,0.95
1708892.jpeg,9-10-1972,0.95,MARSEILLESborg,0.95
1709949.jpeg,1808,0.95,Fargelunden,0.95
1709155.jpeg,1919/5,0.95,Statens Naturhistoriske Museum,0.95
1709550.jpeg,MISSING,0.5,MISSING,0.5
1709076.jpeg,1930,0.95,Silkhbg.,0.95
1728597.jpeg,1949,0.95,Fjell.,0.95
1709388.jpeg,1876-1947,0.95,Saltholm,0.95
1709190.jpeg,29-8-1902,0.95,DANIA COLL.,0.95
1707438.jpeg,1895-05-20,0.95,Børstinge,0.95
1706490.jpeg,MISSING,0.5,MISSING,0.5
1707348.jpeg,1787348,0.95,NHOD,0.95
1708821.jpeg,1788821,0.95,STATENS NATURHISTORISKE MUSEUM,0.95
1709480.jpeg,MISSING,0.5,Schiddte,0.95
1728590.jpeg,6.VI.1978,0.95,Korod,0.95
1709797.jpeg,1947.26.8,0.95,Røbjerg,0.95
1708450.jpeg,1891,0.95,Fesant,0.95
1707235.jpeg,MISSING,0.5,MISSING,0.5
1743873.jpeg,13-4-49,0.95,Dyrehaven,0.95
1707870.jpeg,1960,0.95,Dania,0.95
1706997.jpeg,MISSING,0.5,Lolland,0.95
1709232.jpeg,1890,0.95,Dania,0.95
1709019.jpeg,1879,0.95,Kopenhagen,0.95
1707217.jpeg,1966,0.95,Dyrehaven,0.95
1708720.jpeg,1915,0.95,Hanssted Sk,0.95
1708388.jpeg,30-3-45,0.95,St,0.95
1705562.jpeg,30-6-1974,0.95,Sandbjerg,0.95
1705848.jpeg,26/5/1891,0.95,Horn,0.95
1708982.jpeg,1798,0.95,Drews,0.95
1742989.jpeg,29-8-1952,0.95,Dyrehaven,0.95
1708829.jpeg,1902,0.95,Kobenhavn,0.95
1707681.jpeg,MISSING,0.5,MISSING,0.5
1707768.jpeg,1890,0.95,Schlichte,0.95
1743961.jpeg,1904,0.95,Lund,0.95
1743831.jpeg,1933,0.95,Rejskjar,0.95
1709170.jpeg,1957,0.95,"Statens Naturhistoriske Museum, Copenhagen",0.95
1707288.jpeg,1910,0.95,HAEQG,0.95
1705627.jpeg,20-5-1956,0.95,Skov,0.95
1709124.jpeg,19-9-1953,0.95,DANIA. COLL.,0.95
1708354.jpeg,1892,0.95,København,0.95
1743887.jpeg,1941,0.95,Gindeskov,0.95
1743065.jpeg,1870,0.95,SCHIEDTE,0.95
1705742.jpeg,1904,0.95,Rosenberg,0.95
1707570.jpeg,1707578,0.95,Dania coll.,0.95
1707543.jpeg,1905,0.95,"Statens Naturhistoriske Museum, Københavns Universitet",0.95
1709291.jpeg,MISSING,0.5,MISSING,0.5
1742796.jpeg,MISSING,0.5,Wüstnei.,0.95
1707897.jpeg,2. IV. 1983,0.95,Skagen NSE,0.95
1705602.jpeg,MISSING,0.5,MISSING,0.5
1706197.jpeg,13-8-36,0.95,H Lemcha,0.95
1708826.jpeg,1870,0.95,MISSING,0.5
1709987.jpeg,9-8-1973,0.95,Dania,0.95
1744534.jpeg,MISSING,0.5,MISSING,0.5
1705735.jpeg,MISSING,0.5,"Jensen-Kaarup, Danmark",0.95
1709433.jpeg,27.IV.2022,0.95,"Hellebæk, Kohave, 56.0553N 12.5439E",0.95
1706786.jpeg,29-9-49,0.95,Asserbo,0.95
1705478.jpeg,MISSING,0.5,Danmark,0.95
1705777.jpeg,22.5.1984,0.95,Dania coll.,0.95
1708804.jpeg,18-10-46,0.95,S.F. KORBAK S0,0.95
1708668.jpeg,1872,0.95,Vedde,0.95
1743502.jpeg,1870,0.95,Bønge,0.95
1708030.jpeg,26/8/1899,0.95,Kjeldshov,0.95
1708931.jpeg,1780,0.95,Dassco,0.95
1742768.jpeg,MISSING,0.5,MISSING,0.5
1706227.jpeg,1966,0.95,Hørsholm,0.95
1728518.jpeg,7/5/1890,0.95,Svendborg Amt Coll. Christiani,0.95
1728569.jpeg,MISSING,0.5,MISSING,0.5
1709986.jpeg,9-8-1973,0.95,"Dania, Coll.",0.95
1744462.jpeg,17.7.94,0.95,"Dania, Coll. Victor Hansen",0.95
1707512.jpeg,22-5-1963,0.95,"Kongestrup, KI.",0.95
1744528.jpeg,1744528,0.95,NMB,0.95
1744631.jpeg,15/2/1934,0.95,Svendborg Amt,0.95
1706120.jpeg,1786/128,0.95,DassCo,0.95
1707981.jpeg,MISSING,0.5,MISSING,0.5
1743528.jpeg,MISSING,0.5,MISSING,0.5
1710397.jpeg,1915,0.95,Heg,0.95
1707493.jpeg,1976,0.95,Dassco,0.95
1706259.jpeg,1877,0.95,Tersens,0.95
1708463.jpeg,1788463,0.95,STATENS NATURHISTORISKE MUSEUM,0.95
1709551.jpeg,1789,0.95,KOPENHAGEN,0.95
1743765.jpeg,1930,0.95,Holmestad,0.95
1706818.jpeg,1987,0.95,DANIA,0.95
1705504.jpeg,MISSING,0.5,MISSING,0.5
1708880.jpeg,26-10-1972,0.95,Dania,0.95
1705716.jpeg,MISSING,0.5,MISSING,0.5
1708891.jpeg,4-10-1972,0.95,MARSEILLESBORG,0.95
1743897.jpeg,1854,0.95,Worm Hansen,0.95
1707489.jpeg,1994,0.95,Dassco,0.95
1709172.jpeg,1974,0.95,Dassco,0.95
1706374.jpeg,1900,0.95,Dassco,0.95
1705872.jpeg,8.4.1939,0.95,Sjøhavn,0.95
1707337.jpeg,1904,0.95,Schiede,0.95
1709287.jpeg,MISSING,0.5,MISSING,0.5
1706118.jpeg,MISSING,0.5,MISSING,0.5
1744685.jpeg,1934,0.95,Dania,0.95
1743055.jpeg,15.10.21,0.95,Dania,0.95
1706351.jpeg,MISSING,0.5,MISSING,0.5
1705817.jpeg,1785817,0.95,"Statens Naturhistoriske Museum, Københavns Universitetet",0.95
1708453.jpeg,1870,0.95,Kronens Naturhistoriske Museum,0.95
1707074.jpeg,MISSING,0.5,STATENS NATURHISTORISKE MUSEUM KOPENHAVNS UNIVERSITET,0.95
1709790.jpeg,25.Y.1986,0.95,Dania.coll.,0.95
1706363.jpeg,MISSING,0.5,MISSING,0.5
1708738.jpeg,2017,0.95,Dania,0.95
1744439.jpeg,B.S.1857,0.95,Sætholmo,0.95
1709321.jpeg,1856-6-1922,0.95,Dyrehaven,0.95
1705916.jpeg,1785916,0.95,Coll. Schaltz,0.95
1709320.jpeg,1983,0.95,Schaltz,0.95
1742824.jpeg,1892,0.95,Hørsholm,0.95
1705768.jpeg,23-5-1945,0.95,Cull. Schaltz,0.95
1707029.jpeg,16/9 1937,0.95,Svendborg Amt,0.95
1707033.jpeg,29-5-38,0.95,Dassco,0.95
1707076.jpeg,1787/06,0.95,STATENS NATURHISTORISKE MUSEUM KOBENHAVNS UNIVERSITET,0.95
1707244.jpeg,1792,0.95,Dassco,0.95
1728469.jpeg,1728469,0.95,DREWS.,0.95
1708667.jpeg,1904,0.95,THASKULI,0.95
1743504.jpeg,1743,0.95,Dassco,0.95
1707978.jpeg,1879,0.95,Bukhara,0.95
1709588.jpeg,19496,0.95,Utterslev,0.95
1707122.jpeg,27.7.1918,0.95,Dassco,0.95
1706218.jpeg,17-6-1922,0.95,Dyrehaven,0.95
1708735.jpeg,1889,0.95,Johs. Andersen,0.95
1705660.jpeg,1854-07-27,0.95,Dania,0.95
1707327.jpeg,1870,0.95,Schiedte,0.95
1706157.jpeg,MISSING,0.5,Tuapsagel,0.95
1709163.jpeg,1790,0.95,Kobenhavn,0.95
1705509.jpeg,MISSING,0.5,Tegnagaei,0.95
1709590.jpeg,11-5-84,0.95,Dyrehave,0.95
1709121.jpeg,19-9-1952,0.95,Dansk,0.95
1706954.jpeg,26/5/1870,0.95,Schidte,0.95
1743853.jpeg,10-6-68,0.95,MISSING,0.5
1705736.jpeg,MISSING,0.5,MISSING,0.5
1744571.jpeg,MISSING,0.5,MISSING,0.5
1709334.jpeg,19-9-1857,0.95,"Dania, Coll.",0.95
1705874.jpeg,8.9.1939,0.95,St. Bakhuis,0.95
1743569.jpeg,1875,0.95,Scybalia,0.95
1743572.jpeg,MISSING,0.5,MISSING,0.5
1705676.jpeg,1876,0.95,Rønne,0.95
1706855.jpeg,1862,0.95,Dassco,0.95
1706992.jpeg,1876,0.95,Lolland,0.95
1709420.jpeg,MISSING,0.5,MISSING,0.5
1743039.jpeg,2009,0.95,Drager,0.95
1708719.jpeg,1-1037,0.95,Dassco,0.95
1710372.jpeg,22.7.1986,0.95,Uglestrup Mose.,0.95
1743571.jpeg,1743571,0.95,NAMO,0.95
1707229.jpeg,30-8-1998,0.95,"DANIA, Celle",0.95
1710353.jpeg,1894,0.95,Dongtun,0.95
1708401.jpeg,22.9.18,0.95,"DANIS, Coll.",0.95
1709782.jpeg,1995,0.95,MAISTROP,0.95
1709119.jpeg,8-9-1970,0.95,Dania,0.95
1707279.jpeg,17.6.1944,0.95,Søstened Stor,0.95
1706005.jpeg,14.V.2011,0.95,Rosenborggad.,0.95
1705557.jpeg,31/5/1896,0.95,MISSING,0.5
1707339.jpeg,1787339,0.95,Schjødtie,0.95
1743916.jpeg,1962,0.95,Hadjlund,0.95
1705677.jpeg,1870,0.95,Schiede,0.95
1709086.jpeg,1892,0.95,Holte,0.95
1709244.jpeg,1911/4/8,0.95,Schiede,0.95
1709944.jpeg,1922,0.95,Koebenhavn,0.95
1707861.jpeg,MISSING,0.5,MISSING,0.5
1707701.jpeg,MISSING,0.5,MISSING,0.5
1706057.jpeg,19.6.1872,0.95,DANIA,0.95
1709199.jpeg,26.9.1977,0.95,Byghaven,0.95
1707974.jpeg,MISSING,0.5,MISSING,0.5
1744441.jpeg,1855,0.95,Sallgulen,0.95
1707311.jpeg,5.6.1922,0.95,Dania,0.95
1707519.jpeg,1785,0.95,"Orgardshorn, Thy",0.95
1705975.jpeg,MISSING,0.5,MISSING,0.5
1709145.jpeg,26.8.1897,0.95,Harboör,0.95
1707121.jpeg,1787/121,0.95,"Dania, Coll.",0.95
1744565.jpeg,1870,0.95,KOREA,0.95
1706486.jpeg,MISSING,0.5,MISSING,0.5
1708481.jpeg,28-8-1963,0.95,Ganlosse Egede,0.95
1706504.jpeg,1871,0.95,Løvendal,0.95
1706457.jpeg,1946,0.95,Lavendel,0.95
1706372.jpeg,1862,0.95,"König, 62.",0.95
1710364.jpeg,1894,0.95,Lunia,0.95
1742766.jpeg,MISSING,0.5,MISSING,0.5
1728581.jpeg,10.6.1979.,0.95,Dania coll.,0.95
1708485.jpeg,12.IV.1984,0.95,Squaddelbe,0.95
1743580.jpeg,1743,0.95,Bosenrup,0.95
1709156.jpeg,19.9.78,0.95,CHR.ENGELHART,0.95
1708713.jpeg,29.3.1975.,0.95,Dania coll.,0.95
1706087.jpeg,1870,0.95,København,0.95
1708035.jpeg,12/5/1922,0.95,Dyrehaven,0.95
1705782.jpeg,1785,0.95,Dassco,0.95
1706763.jpeg,24/7/1934,0.95,Ebeltoft,0.95
1742743.jpeg,MISSING,0.5,MISSING,0.5
1743826.jpeg,14.6.1929,0.95,Lellinge skov,0.95
1706770.jpeg,1948,0.95,Midnats,0.95
1709766.jpeg,23.10.1955,0.95,Dyrehaven,0.95
1706002.jpeg,2004,0.95,Nordjylland,0.95
1708032.jpeg,17/8-19,0.95,Orholm St.,0.95
1706913.jpeg,25.9.21,0.95,Johs. Andersen,0.95
1710345.jpeg,19-7-1959,0.95,S.Sjælland,0.95
1706378.jpeg,1890,0.95,Røring,0.95
1742795.jpeg,1742795,0.95,Boserup,0.95
1708714.jpeg,29.3.1975,0.95,Dania coll.,0.95
1706346.jpeg,MISSING,0.5,MISSING,0.5
1708852.jpeg,15-XI-1976,0.95,Ejstrupholm,0.95
1707577.jpeg,12.6.1999,0.95,Dania coll.,0.95
1705831.jpeg,1785,0.95,Dassco,0.95
1707634.jpeg,1876,0.95,SCHIADTE,0.95
1705541.jpeg,1917,0.95,Vraa,0.95
1728479.jpeg,1728479,0.95,Holland,0.95
1706096.jpeg,1904,0.95,Schidate,0.95
1709404.jpeg,MISSING,0.5,MISSING,0.5
1709542.jpeg,MISSING,0.5,Lolland,0.95
1706995.jpeg,MISSING,0.5,Lolland,0.95
1707892.jpeg,7-3-1972,0.95,Ex coll. Viggo Mahler,0.95
1708374.jpeg,5-5-49,0.95,Osterlide,0.95
1707682.jpeg,MISSING,0.5,MISSING,0.5
1742746.jpeg,1742746,0.95,"Statens Naturhistoriske Museum, Københavns Universitet",0.95
1708863.jpeg,10.10.78,0.95,Dania,0.95
1707023.jpeg,7/8/1911,0.95,Dyrehaven,0.95
1706056.jpeg,22-6-1912,0.95,Heg,0.95
1707837.jpeg,MISSING,0.5,MISSING,0.5
1742775.jpeg,1850,0.95,Dansk,0.95
1708683.jpeg,14.10.28,0.95,"Dania, Coll.",0.95
1742992.jpeg,29-5-1982,0.95,Dyrehaven,0.95
1743713.jpeg,MISSING,0.5,Dassco,0.95
1708012.jpeg,1884,0.95,teflonggel,0.95
1743966.jpeg,26.8.87,0.95,Harboor,0.95
1707326.jpeg,MISSING,0.5,Schjødtæ,0.95
1708855.jpeg,1959,0.95,Kobenhavns Universitet,0.95
1744619.jpeg,1851,0.95,"Pelo, Strand",0.95
1710357.jpeg,1874,0.95,Dansk Coll.,0.95
1708790.jpeg,1904,0.95,SCHWEDEN,0.95
1707885.jpeg,1-1-1964,0.95,"Dania, Coll.",0.95
1744681.jpeg,9.5.87,0.95,Stocoe,0.95
1705727.jpeg,1785,0.95,Sulteranii,0.95
1744616.jpeg,1744/616,0.95,STATENATURHISTORISKE MUSEUM,0.95
1709448.jpeg,1970,0.95,Hegg,0.95
1705692.jpeg,MISSING,0.5,MISSING,0.5
1707906.jpeg,1927,0.95,Dassco,0.95
1709017.jpeg,MISSING,0.5,MISSING,0.5
1709914.jpeg,1894,0.95,Copenhagen,0.95
1706361.jpeg,MISSING,0.5,Dissco,0.95
1709414.jpeg,MISSING,0.5,MISSING,0.5
1707788.jpeg,1894,0.95,Hyrcania,0.95
1707555.jpeg,9-6-1934,0.95,Hans Genget,0.95
1707162.jpeg,MISSING,0.5,MISSING,0.5
1708403.jpeg,21.9.19,0.95,Dania Coll.,0.95
1706242.jpeg,9-6-1971,0.95,"DANIA, COLL. BANGSHOIF",0.95
1709528.jpeg,MISSING,0.5,MISSING,0.5
1706360.jpeg,MISSING,0.5,MISSING,0.5
1709531.jpeg,MISSING,0.5,MISSING,0.5
1708729.jpeg,20-10-1916,0.95,HOBEG,0.95
1705611.jpeg,MISSING,0.5,MISSING,0.5
1708020.jpeg,1980,0.95,JENSEN-KARUP,0.95
1707966.jpeg,1879,0.95,Schladte,0.95
1705905.jpeg,1930,0.95,Svendborgg Amt,0.95
1743587.jpeg,MISSING,0.5,MISSING,0.5
1744644.jpeg,22-5-1955,0.95,Dania. Celli.,0.95
1710343.jpeg,1874,0.95,Neksele S.,0.95
1706021.jpeg,19.V.2022,0.95,"general collecting dung, grassland, leg. A.K. Hansen & NHMD",0.95
1743972.jpeg,1743972,0.95,København,0.95
1708476.jpeg,MISSING,0.5,MISSING,0.5
1707790.jpeg,1862,0.95,Nordfrisland,0.95
1709436.jpeg,27.IV.2022,0.95,"DENMARK: NEZ, Hellebæk Avlsgård, Kohave.",0.95
1705987.jpeg,8-2-1966,0.95,Dania coll.,0.95
1705626.jpeg,26-6-1985,0.95,Hindholm,0.95
1743747.jpeg,27.9.03,0.95,Densen-Haarup,0.95
1705653.jpeg,1705653,0.95,Coll. Johs. Andersen,0.95
1744563.jpeg,MISSING,0.5,MISSING,0.5
1709894.jpeg,MISSING,0.5,MISSING,0.5
1744672.jpeg,1904,0.95,Copenhagen,0.95
1706142.jpeg,MISSING,0.5,MISSING,0.5
1705832.jpeg,1904,0.95,China,0.95
1707785.jpeg,1870,0.95,Schiodte,0.95
1706865.jpeg,1947,0.95,DANIA,0.95
1709167.jpeg,1799,0.95,Statens Naturhistoriske Museum,0.95
1708467.jpeg,1708467,0.95,NNNN,0.95
1728601.jpeg,17.7.1949,0.95,Saltholm,0.95
1708812.jpeg,1892,0.95,"Statens Naturhistoriske Museum, Copenhagen",0.95
1707321.jpeg,MISSING,0.5,Schiodte,0.95
1706295.jpeg,23.VII.2021,0.95,Sundssørs.,0.95
1706405.jpeg,21.VII.2009,0.95,Lodskouvej,0.95
1709574.jpeg,1890,0.95,Saltazor,0.95
1742769.jpeg,MISSING,0.5,MISSING,0.5
1710337.jpeg,25-6-1961,0.95,Midtjylland,0.95
1742810.jpeg,1742618,0.95,Dassco,0.95
1709534.jpeg,8/9/1930,0.95,Dassco.,0.95
1706088.jpeg,1786,0.95,Schiedte,0.95
1707128.jpeg,28.7.18,0.95,Dania,0.95
1709165.jpeg,MISSING,0.5,MISSING,0.5
1706400.jpeg,21.VII.2004,0.95,Ledeckyovni,0.95
1709481.jpeg,1894,0.95,Schiedte,0.95
1708342.jpeg,22-9-36,0.95,Bouyj,0.95
1709549.jpeg,MISSING,0.5,MISSING,0.5
1705926.jpeg,29-7-49,0.95,Asserbo.,0.95
1706943.jpeg,1872,0.95,Schiedte,0.95
1707373.jpeg,MISSING,0.5,MISSING,0.5
1708960.jpeg,1779-1870,0.95,Schladte,0.95
1709560.jpeg,1891,0.95,Wüstnei,0.95
1706440.jpeg,1974/6/871,0.95,Lufvviddal,0.95
1706265.jpeg,1897,0.95,Koerenschavn,0.95
1706442.jpeg,1786442,0.95,DassCo,0.95
1707420.jpeg,7/7/1906,0.95,Jons Maller,0.95
1706517.jpeg,1786517,0.95,Dannemorad,0.95
1707237.jpeg,1978,0.95,Dassco,0.95
1706403.jpeg,21.VII.2004,0.95,Lodskovvad,0.95
1728585.jpeg,10.6.1979,0.95,Dania coll.,0.95
1706070.jpeg,1903,0.95,Dassco,0.95
1707879.jpeg,1993,0.95,DK,0.95
1705473.jpeg,9/7/1870,0.95,Schiodte,0.95
1706873.jpeg,26-9-1951,0.95,Dania coll.,0.95
1706821.jpeg,1992,0.95,Kronsholm,0.95
1708433.jpeg,31-X 1983,0.95,Dania,0.95
1708964.jpeg,MISSING,0.5,MISSING,0.5
1709324.jpeg,13-4-49,0.95,Dyrehaven,0.95
1709840.jpeg,17.7.1938,0.95,Johs. Andersen,0.95
1707705.jpeg,1787,0.95,Tengesøgel,0.95
1743772.jpeg,28/7/1930,0.95,Sv. E. Langesø,0.95
1706044.jpeg,20.5.39,0.95,Reerio,0.95
1743056.jpeg,15.10.21,0.95,"Dania, Coll.",0.95
1743542.jpeg,MISSING,0.5,MISSING,0.5
1709346.jpeg,1949,0.95,DK,0.95
1708771.jpeg,1870,0.95,Lemnh,0.95
1705442.jpeg,1860,0.95,Dania,0.95
1707846.jpeg,1900,0.95,KOPENHAVNS UNIVERSITET,0.95
1744663.jpeg,1878,0.95,Braunau,0.95
1709769.jpeg,1870,0.95,Dania,0.95
1707648.jpeg,MISSING,0.5,MISSING,0.5
1706328.jpeg,1907,0.95,Birgerja,0.95
1707941.jpeg,15.10.21,0.95,"Dania, Coll.",0.95
1707071.jpeg,1879,0.95,Kopenhagen,0.95
1707907.jpeg,1932,0.95,Dassco,0.95
1743986.jpeg,1986,0.95,A. fiedleri,0.95
1706159.jpeg,MISSING,0.5,Holland,0.95
1709024.jpeg,1887,0.95,Kobezham,0.95
1709412.jpeg,"12.5590E, 27.IV.2022",0.95,"NEZ: Helsinger, Grønne Vestkile, 56.0375N,",0.95
1706164.jpeg,1890,0.95,dalsland,0.95
1707962.jpeg,1978,0.95,Schiidte,0.95
1705929.jpeg,.7-6-49,0.95,Tisvilde,0.95
1728519.jpeg,1935,0.95,Svendborg Amt,0.95
1708776.jpeg,1904,0.95,Dassco,0.95
1707782.jpeg,1946/1842,0.95,Grundal,0.95
1709495.jpeg,MISSING,0.5,SCHIEDTTE,0.95
1708357.jpeg,1940,0.95,Knaudshoveel,0.95
1708868.jpeg,2017-03-17,0.95,Dania,0.95
1708980.jpeg,MISSING,0.5,Dahlsø,0.95
1707400.jpeg,MISSING,0.5,MISSING,0.5
1709302.jpeg,9/5/1901,0.95,Kjeldskov,0.95
1707552.jpeg,19-8-1965,0.95,"Dania coll., Hans Ganget",0.95
1728456.jpeg,MISSING,0.5,MISSING,0.5
1707860.jpeg,1787868,0.95,CHR.ENGELHART,0.95
1708461.jpeg,MISSING,0.5,MISSING,0.5
1707130.jpeg,1886,0.95,Dania,0.95
1728517.jpeg,3/15/1934,0.95,Svendborgprg Amt,0.95
1709511.jpeg,MISSING,0.5,MISSING,0.5
1743789.jpeg,31/7/1934,0.95,Svendborg Amt Coll. Christiani,0.95
1709444.jpeg,26.9.1932,0.95,HOLTE,0.95
1709869.jpeg,3/4/1870,0.95,Schibolz i Regioindien,0.95
1710371.jpeg,22.7.1986,0.95,Uglestrup Mose,0.95
1743493.jpeg,8.6/1070,0.95,Sjeppland järnystad,0.95
1709350.jpeg,1789350,0.95,"Statens Naturhistoriske Museum, København",0.95
1743760.jpeg,25/1930,0.95,Dassco,0.95
1707743.jpeg,9.VI.1982,0.95,Skallingen,0.95
1728530.jpeg,1-3-59,0.95,Dyrehaven.,0.95
1743807.jpeg,30.6.1927,0.95,Hjørring,0.95
1705769.jpeg,23-5-1995,0.95,DK,0.95
1706980.jpeg,1876,0.95,København,0.95
1707524.jpeg,1916,0.95,Berggaard,0.95
1708780.jpeg,MISSING,0.5,MISSING,0.5
1706880.jpeg,22.9.1996,0.95,Dania coll.,0.95
1728583.jpeg,10.6.1979,0.95,D. Mic. Hansen,0.95
1707058.jpeg,1.7.28,0.95,Dania,0.95
1707261.jpeg,11.8.1993,0.95,"Lindesler, Falster",0.95
1705764.jpeg,1785,0.95,Schätz,0.95
1708434.jpeg,1982,0.95,Dania,0.95
1709781.jpeg,1994,0.95,DENMARK,0.95
1728570.jpeg,MISSING,0.5,MISSING,0.5
1705811.jpeg,1900,0.95,Schjødtte,0.95
1705959.jpeg,1929,0.95,Hellingeskov,0.95
1743546.jpeg,1743546,0.95,Dassco,0.95
1708715.jpeg,30.3.1975.,0.95,Dania coll.,0.95
1707179.jpeg,MISSING,0.5,MISSING,0.5
1728516.jpeg,1934,0.95,Rudkøbing Svendborg Amt,0.95
1705650.jpeg,1783,0.95,Vejens,0.95
1707573.jpeg,1981,0.95,Dahia,0.95
1706406.jpeg,21.VII.2004,0.95,Lodskovvad,0.95
1710358.jpeg,26-7-1951,0.95,"Dania coll., Hans Gorguet",0.95
1709473.jpeg,MISSING,0.5,Schiedte,0.95
1743712.jpeg,1892,0.95,Floreno,0.95
1705927.jpeg,12-6-43,0.95,Sandbjerg.,0.95
1705882.jpeg,1937,0.95,Tilldi,0.95
1705631.jpeg,21.7.1974.,0.95,Dania coll.,0.95
1709292.jpeg,MISSING,0.5,MISSING,0.5
1707303.jpeg,18.8.1977,0.95,Dassco,0.95
1708419.jpeg,5-9-1960,0.95,Dania,0.95
1743811.jpeg,16.6.1892,0.95,Sv.Q.LI.,0.95
1743585.jpeg,174358,0.95,DE TESNAGEL,0.95
1706075.jpeg,26.3.1957,0.95,Dassco,0.95
1709850.jpeg,29.7.22,0.95,Dania,0.95
1728521.jpeg,3/5/1934,0.95,Svendborgprg Amt,0.95
1708871.jpeg,26.10.1992,0.95,Narsethban,0.95
1709880.jpeg,1727/1870,0.95,Hogdyduse,0.95
1707857.jpeg,1892,0.95,Mittlner,0.95
1705884.jpeg,1941,0.95,Sundvif,0.95
1743749.jpeg,24-7-03,0.95,Jensen-Haarup,0.95
1706236.jpeg,1940,0.95,Reamnes Kongstrup,0.95
1710402.jpeg,1919,0.95,DANISH,0.95
1709423.jpeg,MISSING,0.5,MISSING,0.5
1708929.jpeg,28.8.19,0.95,Dania,0.95
1707086.jpeg,29-5-1961,0.95,Dyrehaven,0.95
1744689.jpeg,1870,0.95,Dania,0.95
1706426.jpeg,1871,0.95,Lund,0.95
1706391.jpeg,1.7.2000,0.95,Lodskovvad,0.95
1743904.jpeg,1948,0.95,Sønderjylland,0.95
1709006.jpeg,1789006,0.95,Lolland,0.95
1708371.jpeg,17-4-19,0.95,Dassco,0.95
1708458.jpeg,14909,0.95,Svensen,0.95
1706348.jpeg,MISSING,0.5,MISSING,0.5
1706059.jpeg,1976,0.95,Heg,0.95
1709340.jpeg,19-9-1953,0.95,Dania,0.95
1706431.jpeg,1786431,0.95,hjvundaae,0.95
1706099.jpeg,MISSING,0.5,MISSING,0.5
1707182.jpeg,MISSING,0.5,MISSING,0.5
1708480.jpeg,1890,0.95,Dassco,0.95
1706831.jpeg,1.7.28,0.95,Dania,0.95
1707883.jpeg,7-11-1965,0.95,Dassco,0.95
1743955.jpeg,7-6-1971,0.95,"Dania, Coll.",0.95
1708992.jpeg,MISSING,0.5,MISSING,0.5
1709452.jpeg,1917,0.95,Høeg,0.95
1743822.jpeg,16.6.929,0.95,S.V.G.B.,0.95
1707678.jpeg,MISSING,0.5,MISSING,0.5
1708915.jpeg,1884,0.95,Dassco,0.95
1707677.jpeg,1870,0.95,Dassco,0.95
1706395.jpeg,2.7.2000,0.95,Lodskovvad,0.95
1709381.jpeg,26.3.1973,0.95,Dyrehaven,0.95
1707412.jpeg,21-08-96,0.95,Tegnngagel,0.95
1742819.jpeg,23/5/1917,0.95,Jens Moller,0.95
1728486.jpeg,6-1914,0.95,JENSEN-HAARUP,0.95
1705997.jpeg,23-9-448,0.95,DANMARK,0.95
1709104.jpeg,1935,0.95,K. O. Leih leg.,0.95
1707435.jpeg,1787435,0.95,Hornbaek,0.95
1705636.jpeg,1758,0.95,DANIS COLL.,0.95
1743875.jpeg,6-9-49,0.95,Sønderskov,0.95
1707688.jpeg,1787,0.95,Tjus,0.95
1705826.jpeg,1850,0.95,Forsø,0.95
1709957.jpeg,1903,0.95,interior,0.95
1707779.jpeg,1862,0.95,Schiede,0.95
1709021.jpeg,MISSING,0.5,MISSING,0.5
1707065.jpeg,1787/865,0.95,Harbord,0.95
1706998.jpeg,1786998,0.95,Lolland,0.95
1705567.jpeg,7.5/6.1942,0.95,Sig. Nielsen,0.95
1742799.jpeg,MISSING,0.5,MISSING,0.5
1706765.jpeg,10/8 1930,0.95,Holsnusland,0.95
1709048.jpeg,1928-09-08,0.95,Kistmullers,0.95
1708957.jpeg,19870,0.95,holan,0.95
1708462.jpeg,1788462,0.95,Statens Naturhistoriske Museum,0.95
1709973.jpeg,1975,0.95,Slubbergaard Sevel,0.95
1707060.jpeg,25-9-1973,0.95,"Dania, Coll.",0.95
1707180.jpeg,MISSING,0.5,MISSING,0.5
1707778.jpeg,1861/1862,0.95,SCHIEDTE,0.95
1707200.jpeg,MISSING,0.5,MISSING,0.5
1706884.jpeg,1758,0.95,Dania,0.95
1728454.jpeg,MISSING,0.5,MISSING,0.5
1707560.jpeg,26-8-1955,0.95,Dania coll.,0.95
1708465.jpeg,1892,0.95,Dassco,0.95
1706994.jpeg,1786,0.95,Tonguei,0.95
1743908.jpeg,1942,0.95,Magebro,0.95
1707018.jpeg,1904,0.95,Kopenhagen,0.95
1707480.jpeg,5-6-1923,0.95,Dassco,0.95
1705643.jpeg,1984,0.95,DANMARK,0.95
1708932.jpeg,MISSING,0.5,Schjödte,0.95
1706474.jpeg,MISSING,0.5,MISSING,0.5
1705616.jpeg,21-6-1956,0.95,Cantabria,0.95
1707061.jpeg,23-6-1977,0.95,Dyrehaven,0.95
1707595.jpeg,21.6.32,0.95,Skeggen,0.95
1708742.jpeg,1972,0.95,Kopenhagen,0.95
1742802.jpeg,MISSING,0.5,MISSING,0.5
1705527.jpeg,MISSING,0.5,Falster,0.95
1706018.jpeg,19 V.2022,0.95,"Bakke, 55.9922N, 10.5513E",0.95
1706957.jpeg,MISSING,0.5,Schiede,0.95
1743816.jpeg,16.6.1929,0.95,Kellinge skov,0.95
1744702.jpeg,10-5-1936,0.95,Dania,0.95
1743804.jpeg,193-1941,0.95,Gislé-Lasson,0.95
1709815.jpeg,12.IV.2011,0.95,Sukkerterp,0.95
1707515.jpeg,22-5-1965,0.95,Dassco,0.95
1706505.jpeg,1894,0.95,Rejersbjerg,0.95
1728504.jpeg,17596,0.95,Lambhus,0.95
1705441.jpeg,1785441,0.95,"Dania, Coll. Victor Hansen",0.95
1707501.jpeg,16-5-1996,0.95,Dania,0.95
1709765.jpeg,23-10-1955,0.95,Dyrehaven,0.95
1707281.jpeg,18.6.92,0.95,A. West,0.95
1742710.jpeg,18.5.1939,0.95,Vestergaard,0.95
1744641.jpeg,1962,0.95,Dania,0.95
1705675.jpeg,1870,0.95,Kjøine,0.95
1706330.jpeg,MISSING,0.5,MISSING,0.5
1706397.jpeg,21.VII.2004,0.95,Lodskewerød,0.95
1706085.jpeg,1904,0.95,Rønne,0.95
1707733.jpeg,1940,0.95,Celle,0.95
1705909.jpeg,1914,0.95,Vandrup,0.95
1742826.jpeg,1892,0.95,Dyrehaven,0.95
1705856.jpeg,26.7.1903,0.95,Tangskov,0.95
1707842.jpeg,1787842,0.95,latii.,0.95
1708905.jpeg,22.8.1915,0.95,HAEG,0.95
1709498.jpeg,MISSING,0.5,MISSING,0.5
1728495.jpeg,1910,0.95,Fistebæk,0.95
1706974.jpeg,1786974,0.95,Lav,0.95
1708696.jpeg,1890,0.95,København,0.95
1706332.jpeg,MISSING,0.5,MISSING,0.5
1705638.jpeg,2-6-1975,0.95,Ejistrupholm,0.95
1706836.jpeg,19-9-1953,0.95,Dania,0.95
1744463.jpeg,17.7.1940,0.95,Dania,0.95
1708705.jpeg,1708765,0.95,Kronens Naturhistoriske MUSEUM,0.95
1706001.jpeg,19.VIII.95,0.95,D.S.Temperate,0.95
1706036.jpeg,1806-10-47,0.95,Kongelunden,0.95
1706278.jpeg,18-6-1956,0.95,Dania,0.95
1709959.jpeg,12/7/1939,0.95,Svendborg Amt,0.95
1706365.jpeg,MISSING,0.5,MISSING,0.5
1743936.jpeg,26-4-1952,0.95,Dania V.Sjælland Røsnæs Kongsgaard,0.95
1707881.jpeg,1993,0.95,SCHODTE,0.95
1706930.jpeg,1945/0870,0.95,Schjødtete,0.95
1706923.jpeg,"5,6,17",0.95,Dania,0.95
1744655.jpeg,17-6-1911,0.95,Schaltz,0.95
1707254.jpeg,1840,0.95,Schjødt,0.95
1707031.jpeg,1782-05-3,0.95,Kopenhagen,0.95
1709247.jpeg,1870,0.95,SCHIEDTE,0.95
1706434.jpeg,19/6/87,0.95,Dassco,0.95
1707363.jpeg,MISSING,0.5,MISSING,0.5
1744438.jpeg,8.5.25,0.95,Saltholm,0.95
1709514.jpeg,1879,0.95,Dyrefjord,0.95
1706008.jpeg,4.W.1988,0.95,leg.P.Jerum,0.95
1744543.jpeg,1897,0.95,Ljv.,0.95
1706288.jpeg,12.1990,0.95,Hestemark Skov Nørj,0.95
1707181.jpeg,MISSING,0.5,STATENS NATURHISTORISKE MUSEUM,0.95
1707638.jpeg,MISSING,0.5,Schiadte,0.95
1709887.jpeg,1816,0.95,Lav,0.95
1706429.jpeg,17/6-1871,0.95,Vestervig,0.95
1707312.jpeg,9.6.20,0.95,Dania,0.95
1709177.jpeg,1908,0.95,Nordland,0.95
1706802.jpeg,1931,0.95,Gudhjem,0.95
1707278.jpeg,19.6.1944,0.95,S.Rotund Show,0.95
1709783.jpeg,1905,0.95,DANIA,0.95
1743956.jpeg,23-VII-1983,0.95,Dania,0.95
1709540.jpeg,1789548,0.95,Dassco,0.95
1707575.jpeg,12.6.1999,0.95,DANIA COLL.,0.95
1742730.jpeg,1850,0.95,De Geer,0.95
1705689.jpeg,1785,0.95,Suey ved Nordsjælland,0.95
1743808.jpeg,12.5.1933,0.95,Ristinge Klint,0.95
1707840.jpeg,MISSING,0.5,MISSING,0.5
1742986.jpeg,1985,0.95,KOPENHAVNS UNIVERSITET,0.95
1706134.jpeg,1708314,0.95,MISSING,0.5
1706987.jpeg,MISSING,0.5,de Tegnagpel,0.95
1707712.jpeg,1993,0.95,Svejebæk,0.95
1705719.jpeg,MISSING,0.5,MISSING,0.5
1744561.jpeg,MISSING,0.5,MISSING,0.5
1709191.jpeg,29.8.1952,0.95,Dyckhaven,0.95
1743786.jpeg,3/7/1938,0.95,Frederikshavn,0.95
1709494.jpeg,1900,0.95,Schjodte,0.95
1744695.jpeg,1870,0.95,Dania,0.95
1706871.jpeg,26-7-1964,0.95,N-Genget,0.95
1708861.jpeg,25.10.12,0.95,DANIS. Coll. Victor Hammen,0.95
1708345.jpeg,20-9-36,0.95,Uris,0.95
1744636.jpeg,25-5-53,0.95,Tisvilde Sirand,0.95
1709127.jpeg,25-9-1960,0.95,Dansis,0.95
1743729.jpeg,1874,0.95,Rangeliye,0.95
1743919.jpeg,1967-09-05,0.95,Tisvilde Hegn,0.95
1709108.jpeg,1966,0.95,Hbst.,0.95
1708702.jpeg,1908,0.95,Kronenhøjvej,0.95
1707284.jpeg,17.6.1924,0.95,"Statens Naturhistoriske Museum, Københavns Universitet",0.95
1744601.jpeg,1744681,0.95,de Tengsgaegel,0.95
1743062.jpeg,15.10.21,0.95,"DANIS, COKL, VICTOR HANSEN",0.95
1707172.jpeg,MISSING,0.5,MISSING,0.5
1708362.jpeg,1940,0.95,Knudshoved,0.95
1742982.jpeg,19-5-1944,0.95,RYGET,0.95
1743512.jpeg,MISSING,0.5,MISSING,0.5
1707301.jpeg,3.6.1899,0.95,Jærdalstot,0.95
1706408.jpeg,1867,0.95,Løvend,0.95
1743566.jpeg,1890,0.95,Havens.,0.95
1709211.jpeg,21.10.91,0.95,BROKHAVEN,0.95
1707762.jpeg,1865,0.95,Dania,0.95
1707346.jpeg,MISSING,0.5,MISSING,0.5
1709026.jpeg,1891,0.95,Kobenhavn,0.95
1743552.jpeg,1974/1872,0.95,Nieslund,0.95
1706921.jpeg,25.9.21,0.95,Dania,0.95
1707459.jpeg,1-6-50,0.95,Hillerød.,0.95
1708701.jpeg,1788701,0.95,KOPENHAVNS UNIVERSITET,0.95
1743964.jpeg,26.8.87,0.95,Haarvooe,0.95
1743889.jpeg,23-8-1933,0.95,Dassco,0.95
1707431.jpeg,1923,0.95,Ravneholm,0.95
1743878.jpeg,17.3.1943,0.95,Frederikslund,0.95
1706475.jpeg,1967/11,0.95,Kongens Lyngby,0.95
1706032.jpeg,2021,0.95,DENMARK,0.95
1708040.jpeg,5/7 1938,0.95,Svendborg Amt,0.95
1708994.jpeg,MISSING,0.5,MISSING,0.5
1705774.jpeg,1890,0.95,Bornholm,0.95
1707922.jpeg,1938,0.95,Hoegeg,0.95
1706344.jpeg,1952,0.95,HOLM,0.95
1705879.jpeg,19-6-38,0.95,Gajhnap,0.95
1728527.jpeg,7/6-19Y,0.95,Saltholm,0.95
1743001.jpeg,29.6.1986,0.95,D. Mic. Hansen,0.95
1744460.jpeg,1908,0.95,Johs. Andersen,0.95
1706950.jpeg,1870,0.95,Schjøde,0.95
1708459.jpeg,1788459,0.95,Herbar,0.95
1709798.jpeg,1947,0.95,Vedergø Jylland,0.95
1742823.jpeg,13/5/1892,0.95,Horseno,0.95
1742780.jpeg,MISSING,0.5,MISSING,0.5
1744440.jpeg,8.5.21,0.95,Dassco,0.95
1706355.jpeg,1876,0.95,København,0.95
1706232.jpeg,1966,0.95,"Hesthøvene, Hillerød.",0.95
1705720.jpeg,1993,0.95,DK,0.95
1707494.jpeg,5.6.1922,0.95,Dania,0.95
1706284.jpeg,1872,0.95,Genget Dania,0.95
1706411.jpeg,19.5.1871,0.95,Bygholm,0.95
1706188.jpeg,13-8-36,0.95,Hindsholm,0.95
1709303.jpeg,1890,0.95,S. EPHACELATUS,0.95
1707863.jpeg,MISSING,0.5,MISSING,0.5
1706476.jpeg,MISSING,0.5,MISSING,0.5
1707066.jpeg,25.XI.187,0.95,Havtbor,0.95
1706045.jpeg,1824-09-30,0.95,Dassco,0.95
1707991.jpeg,MISSING,0.5,MISSING,0.5
1743818.jpeg,16.6.1999,0.95,S.V.G.L.,0.95
1744694.jpeg,1870,0.95,Genget Danisa,0.95
1707177.jpeg,1707177,0.95,NORGE,0.95
1708042.jpeg,29/5/1939,0.95,Svendborg Amt,0.95
1742733.jpeg,1890,0.95,Schiedte,0.95
1705704.jpeg,MISSING,0.5,MISSING,0.5
1707195.jpeg,27/7/18,0.95,Dyppelhaven,0.95
1707936.jpeg,18.10.21,0.95,Dania,0.95
1709198.jpeg,1920,0.95,Dania,0.95
1709982.jpeg,1973,0.95,"Dania, Collj.",0.95
1742735.jpeg,1742735,0.95,Schiedte,0.95
1707446.jpeg,1789,0.95,Asserbo Overdiev,0.95
1708956.jpeg,1874/1872,0.95,Schiedte,0.95
1705532.jpeg,MISSING,0.5,MISSING,0.5
1728494.jpeg,24/5/1910,0.95,Kjeldskov,0.95
1728551.jpeg,27-5-1954,0.95,Dania,0.95
1708343.jpeg,1780343,0.95,Borbjerg,0.95
1708846.jpeg,18-IV-1975,0.95,Tjyskbour krat,0.95
1728512.jpeg,1920,0.95,Gudhjem,0.95
1709624.jpeg,1948,0.95,Blejeredup Fyn,0.95
1705755.jpeg,1993,0.95,Dania,0.95
1708966.jpeg,MISSING,0.5,MISSING,0.5
1707951.jpeg,1786/10/20,0.95,Schiedte,0.95
1706172.jpeg,1786,0.95,DAB,0.95
1706788.jpeg,18.6.1949,0.95,Hillerød,0.95
1707740.jpeg,9.6.1982,0.95,Dania coll.,0.95
1743862.jpeg,1951,0.95,Kronenshøj,0.95
1706471.jpeg,1968/5/2,0.95,"Sund, Skåne",0.95
1705796.jpeg,1873,0.95,Johs. Andersen,0.95
1709482.jpeg,MISSING,0.5,MISSING,0.5
1708763.jpeg,MISSING,0.5,MISSING,0.5
1707623.jpeg,1870,0.95,Dassco,0.95
1705514.jpeg,MISSING,0.5,MISSING,0.5
1706872.jpeg,26-7-1953,0.95,Niva,0.95
1743834.jpeg,2015-03,0.95,"Statens Naturhistoriske Museum, Københavns Universitet",0.95
1705549.jpeg,1941,0.95,Barnson-Christensen,0.95
1708919.jpeg,26.8.1940,0.95,Kofoe,0.95
1709319.jpeg,8-6-1909,0.95,Dyrehaven,0.95
1707825.jpeg,1844,0.95,Göttingen,0.95
1707772.jpeg,1902,0.95,Sogne,0.95
1707332.jpeg,1904,0.95,Holz,0.95
1743869.jpeg,29-7-49,0.95,Dassco,0.95
1709539.jpeg,Drews,0.95,MISSING,0.5
1705706.jpeg,17/8/1902,0.95,Jutland,0.95
1705718.jpeg,MISSING,0.5,MISSING,0.5
1743954.jpeg,6-9/1990,0.95,Dania,0.95
1706393.jpeg,1.7.2000,0.95,Lodslevvad,0.95
1743558.jpeg,1743558,0.95,Dassco,0.95
1709451.jpeg,1917,0.95,HOEG,0.95
1743886.jpeg,1892,0.95,Rissholm,0.95
1706432.jpeg,1786432,0.95,"Statens Naturhistoriske Museum, Københavns Universitet",0.95
1709909.jpeg,MISSING,0.5,MISSING,0.5
1706861.jpeg,19-8-1962,0.95,Kongelunden,0.95
1706154.jpeg,1900,0.95,Danmark,0.95
1705883.jpeg,1930,0.95,Sanderup,0.95
1708787.jpeg,1907,0.95,Baltic,0.95
1707334.jpeg,1907,0.95,Borreholmen,0.95
1707497.jpeg,5.6.19,0.95,Dania,0.95
1710360.jpeg,1718360,0.95,Dania coll.,0.95
1707929.jpeg,18.5.1933,0.95,Coll. Jhds. Andersen,0.95
1707048.jpeg,1966,0.95,Tilig,0.95
1709632.jpeg,1/5-1942,0.95,Sand,0.95
1707571.jpeg,1969,0.95,Hans Genget,0.95
1742815.jpeg,1904,0.95,Svejebro,0.95
1706277.jpeg,1786,0.95,Dania,0.95
1705673.jpeg,5/8/1810,0.95,Kronborg,0.95
1708443.jpeg,1973,0.95,JUNI,0.95
1742709.jpeg,18.5.1929,0.95,Vogglund,0.95
1706382.jpeg,1786382,0.95,DassCo,0.95
1709953.jpeg,20-5-1918,0.95,"Kapital, Weltsand",0.95
1705730.jpeg,7-8-05,0.95,21-5-96,0.95
1705767.jpeg,1905,0.95,Schaltz,0.95
1744485.jpeg,1879,0.95,SCHIEDTE,0.95
1709775.jpeg,1950-05-25,0.95,Søborg,0.95
1705572.jpeg,3-7-43,0.95,Vedringe Bakker,0.95
1705845.jpeg,MISSING,0.5,MISSING,0.5
1707938.jpeg,15.10.91,0.95,Dania,0.95
1705559.jpeg,5-6-1882,0.95,Dyrshaven,0.95
1708872.jpeg,26.10.1972,0.95,"Dania, Coll.",0.95
1708402.jpeg,22.9.18,0.95,"Dania, Coll.",0.95
1709453.jpeg,1894,0.95,THORRIAGER,0.95
1707491.jpeg,1977,0.95,Dassco,0.95
1707720.jpeg,13-5-1992,0.95,Dania,0.95
1706080.jpeg,18/10,0.95,Rønne,0.95
1743748.jpeg,27.7.03,0.95,Jensent-Karup,0.95
1707364.jpeg,MISSING,0.5,MISSING,0.5
1708961.jpeg,1780961,0.95,DK,0.95
1708875.jpeg,26/10/1992,0.95,Dania - Coll. F. Bangsholt,0.95
1709144.jpeg,24.8.1993,0.95,BROGANSEN,0.95
1743524.jpeg,1870,0.95,Bemholm,0.95
1707000.jpeg,1887,0.95,Copenhagen,0.95
1708903.jpeg,1893,0.95,Dyrehaven,0.95
1709538.jpeg,MISSING,0.5,MISSING,0.5
1742717.jpeg,9.6.1915,0.95,Coll. Johs. Andersen,0.95
1710386.jpeg,19.IX.1992,0.95,Høstemark,0.95
1728596.jpeg,1928,0.95,Roland,0.95
1706910.jpeg,1948,0.95,Kopenhagen,0.95
1708475.jpeg,1788475,0.95,Dassco,0.95
1743059.jpeg,15.10.81,0.95,Dania,0.95
1706250.jpeg,7-6-1901,0.95,Dania,0.95
1705804.jpeg,21.0.19,0.95,Dania,0.95
1708721.jpeg,2019,0.95,Heeg,0.95
1743962.jpeg,19.9.75,0.95,MISSING,0.5
1708699.jpeg,1788699,0.95,Dassco,0.95
1705925.jpeg,1966,0.95,Asserbo.,0.95
1743550.jpeg,MISSING,0.5,Schjödte,0.95
1708414.jpeg,24-5-1935,0.95,"Dania, Coll.",0.95
1707259.jpeg,20-8-89,0.95,Cald. Chr. Engelhart,0.95
1709558.jpeg,1789558,0.95,Wüstnei.,0.95
1707755.jpeg,MISSING,0.5,STATENS NATURHISTORISKE MUSEUM,0.95
1708038.jpeg,1936,0.95,Svendborgprg Amt,0.95
1707365.jpeg,MISSING,0.5,MISSING,0.5
1705528.jpeg,MISSING,0.5,MISSING,0.5
1710370.jpeg,2.9.1972,0.95,Svinge strand,0.95
1707352.jpeg,1894,0.95,Nordjylland,0.95
1707589.jpeg,1951 Mai,0.95,Habro Skov Jyll,0.95
1705505.jpeg,MISSING,0.5,MISSING,0.5
1705825.jpeg,MISSING,0.5,MISSING,0.5
1709070.jpeg,6/9/1934,0.95,Svendborgprg Amt Coll. Christiani,0.95
1728539.jpeg,1900,0.95,KNUDDTHYRED,0.95
1742748.jpeg,1904,0.95,Schiede,0.95
1744447.jpeg,1887,0.95,HAEG,0.95
1743057.jpeg,15.10.21,0.95,Danin Coll.,0.95
1743991.jpeg,26-7-1951,0.95,Dania coll.,0.95
1707411.jpeg,1907,0.95,Tengnagel,0.95
1743514.jpeg,1783,0.95,De Teugnagel,0.95
1728526.jpeg,20/1/42,0.95,Mors,0.95
1708867.jpeg,1983,0.95,Dannet,0.95
1707568.jpeg,1875,0.95,Dania,0.95
1706047.jpeg,20.5.39,0.95,Reccio,0.95
1709311.jpeg,1944,0.95,Nordland,0.95
1709837.jpeg,1853,0.95,Jansborg,0.95
1709087.jpeg,1912,0.95,Holte,0.95
1706482.jpeg,17/6/1910,0.95,Løn,0.95
1705787.jpeg,27-6-1901,0.95,Gravensholm,0.95
1743501.jpeg,1894,0.95,Schiede,0.95
1707992.jpeg,MISSING,0.5,MISSING,0.5
1709373.jpeg,6-4-1952,0.95,Dyrehaven,0.95
1706162.jpeg,1706162,0.95,Lolland,0.95
1706467.jpeg,1786,0.95,Bjørn,0.95
1709432.jpeg,19.V.2022,0.95,"cow dung on grassland, Bakkås, 53.990000, -10.551667",0.95
1743794.jpeg,1991,0.95,Kastrup Dyrehave,0.95
1742726.jpeg,17.5.97,0.95,DANIA,0.95
1706922.jpeg,5.6.72,0.95,Dania,0.95
1708021.jpeg,1788,0.95,Kopenhagen,0.95
1705608.jpeg,1789688,0.95,MISSING,0.5
1705456.jpeg,MISSING,0.5,MISSING,0.5
1707329.jpeg,MISSING,0.5,Schiedte,0.95
1707323.jpeg,MISSING,0.5,MISSING,0.5
1707318.jpeg,20.8.12,0.95,"Dania, Coll.",0.95
1705989.jpeg,8-7-1951,0.95,Dania coll.,0.95
1709169.jpeg,1789,0.95,Kopenhagen,0.95
1744473.jpeg,1870,0.95,Schiodte,0.95
1705944.jpeg,1962,0.95,Dania,0.95
1709752.jpeg,1870,0.95,Statens Naturhistoriske Museum,0.95
1728505.jpeg,1728509,0.95,Estbjerg,0.95
1707662.jpeg,1870,0.95,"Kampot, Kambod.",0.95
1707381.jpeg,MISSING,0.5,MISSING,0.5
1705470.jpeg,7/16/70,0.95,Schiedte,0.95
1706388.jpeg,1893,0.95,Rorvig,0.95
1709077.jpeg,19-9-36,0.95,Klosterbuk,0.95
1728491.jpeg,28/4/1902,0.95,Aphodius gnarnaritis.,0.95
1705840.jpeg,1865,0.95,fodgnagei,0.95
1706033.jpeg,27.VII.2021,0.95,"DENMARK: W.J. Poulsen's Mindel, 56.35N, 8.96E, 27.m",0.95
1728556.jpeg,1983,0.95,Ristinge Klint,0.95
1705738.jpeg,1907,0.95,JENSEN-HARUP,0.95
1705896.jpeg,1930,0.95,Rangitoh,0.95
1708693.jpeg,2/10/1976,0.95,"Dania, Sjælland Røsnæs, Kongstrup",0.95
1743801.jpeg,1938,0.95,HOLMEN,0.95
1706907.jpeg,1957-03-28,0.95,HOGEG,0.95
1706410.jpeg,19.5.1948,0.95,Høeg,0.95
1743775.jpeg,1930,0.95,St. L. Larsen,0.95
1709952.jpeg,17/8-19,0.95,Orholm St.,0.95
1707368.jpeg,MISSING,0.5,MISSING,0.5
1709331.jpeg,23-10-57,0.95,Eremilagen,0.95
1743819.jpeg,16.6.1829,0.95,Dellinge skov,0.95
1707572.jpeg,15 MAY,0.95,Dania coll.,0.95
1707867.jpeg,1800,0.95,Dania,0.95
1743854.jpeg,10-6-63,0.95,Faxe,0.95
1706189.jpeg,1937,0.95,Svendborg Amt,0.95
1744650.jpeg,1744,0.95,"Dania, Cell.",0.95
1705693.jpeg,MISSING,0.5,MISSING,0.5
1707222.jpeg,1976,0.95,"Dania, Coll.",0.95
1705610.jpeg,1785619,0.95,Nordjylland,0.95
1744578.jpeg,MISSING,0.5,MISSING,0.5
1709742.jpeg,1881,0.95,Fj. Sti.,0.95
1705703.jpeg,MISSING,0.5,MISSING,0.5
1709193.jpeg,29-8-1952,0.95,Dyrehaven,0.95
1709871.jpeg,1970,0.95,SCHIEDTE,0.95
1728468.jpeg,MISSING,0.5,MISSING,0.5
1706014.jpeg,2.7.1950,0.95,Langefland,0.95
1707523.jpeg,1976,0.95,Warte-Hanses,0.95
1705993.jpeg,22.7.1989,0.95,Fuglsag,0.95
1706908.jpeg,19.05.19,0.95,Haug,0.95
1708862.jpeg,26.10.12,0.95,Dania,0.95
1709395.jpeg,"12.5598E, 27.IV.2022",0.95,"Grønne Vestskilte, 56.0375N",0.95
1705998.jpeg,1994,0.95,GOD-NING,0.95
1709492.jpeg,1879,0.95,Schiødtte,0.95
1743732.jpeg,1954,0.95,Dassco,0.95
1707367.jpeg,MISSING,0.5,MISSING,0.5
1707205.jpeg,1822,0.95,Dassco,0.95
1710388.jpeg,3.VII.1991,0.95,Halmemark Skov,0.95
1706066.jpeg,1776,0.95,Dania,0.95
1709205.jpeg,2004,0.95,S. Kristensen,0.95
1705434.jpeg,5.6.1928,0.95,MISSING,0.5
1742778.jpeg,MISSING,0.5,MISSING,0.5
1706150.jpeg,1882,0.95,Ozilborg,0.95
1705726.jpeg,12/8/1906,0.95,Haven,0.95
1707576.jpeg,12-6-1999,0.95,Dania coll.,0.95
1707253.jpeg,MISSING,0.5,MISSING,0.5
1709811.jpeg,16.1.1988,0.95,Klostermølle,0.95
1742805.jpeg,MISSING,0.5,MISSING,0.5
1706412.jpeg,8.7.1883,0.95,Dassco,0.95
1707380.jpeg,MISSING,0.5,MISSING,0.5
1706779.jpeg,19-7-1908,0.95,Coll. Schaitz,0.95
1706510.jpeg,25/10/71,0.95,Lund,0.95
1709162.jpeg,1789,0.95,Kobenhavn,0.95
1743581.jpeg,MISSING,0.5,MISSING,0.5
1709351.jpeg,1789351,0.95,NMD,0.95
1706819.jpeg,1968,0.95,JELLELAND,0.95
1705414.jpeg,1915,0.95,MISSING,0.5
1708884.jpeg,13.10.1997,0.95,Dania coll.,0.95
1743497.jpeg,1893,0.95,Schiedte,0.95
1709391.jpeg,1948,0.95,Dyrehaven Siell,0.95
1705590.jpeg,1794,0.95,Aalborg,0.95
1709385.jpeg,1976-04-10,0.95,Ejstrupholm,0.95
1709378.jpeg,12-10-1962,0.95,Dyrehaven,0.95
1706450.jpeg,1786,0.95,Kopenhagen,0.95
1707723.jpeg,24.5-1974,0.95,Dania,0.95
1706051.jpeg,1927,0.95,H. Heeg,0.95
1706339.jpeg,MISSING,0.5,MISSING,0.5
1709062.jpeg,1940,0.95,København,0.95
1706895.jpeg,20-21-VII - 11-VIII,0.95,"38 km North of Copenhagen, Strædum Naturreservat",0.95
1707890.jpeg,1825,0.95,"DANMARK, EL, NH68",0.95
1705946.jpeg,13-5-1972,0.95,Dania,0.95
1705511.jpeg,MISSING,0.5,Holland,0.95
1707517.jpeg,1875,0.95,"Nørre, Thy",0.95
1705547.jpeg,7/6/1937,0.95,Svendborg Amt,0.95
1707020.jpeg,1787/820,0.95,Klampensunders Dyneham,0.95
1707807.jpeg,1974,0.95,Nordenskold,0.95
1706373.jpeg,MISSING,0.5,MISSING,0.5
1707583.jpeg,17 X. 1980,0.95,DassCo,0.95
1705904.jpeg,28/7 1929,0.95,Svendborg Amt,0.95
1743525.jpeg,1872,0.95,Syrofa,0.95
1706090.jpeg,1786,0.95,Schiedte,0.95
1707958.jpeg,1904,0.95,Schlidste,0.95
1707806.jpeg,1787,0.95,Nordjylland,0.95
1707738.jpeg,29.5.1981,0.95,DANIA COLL.,0.95
1707026.jpeg,1824,0.95,Svendborg Amt,0.95
1706294.jpeg,2021,0.95,DENMARK,0.95
1709309.jpeg,8.5.1925,0.95,Galttholm,0.95
1707959.jpeg,1870,0.95,SCHIADTE,0.95
1709577.jpeg,28/4/1889,0.95,DANMARK,0.95
1707173.jpeg,1986,0.95,København,0.95
1728449.jpeg,1728445,0.95,Schiedte,0.95
1705891.jpeg,1955,0.95,Worm-Hansen,0.95
1706850.jpeg,1884,0.95,H.A.,0.95
1706773.jpeg,20-10-1998,0.95,DassCo,0.95
1707421.jpeg,23/6/1905,0.95,Dassco,0.95
1706247.jpeg,9-6-1971,0.95,"DANIA, COLL.",0.95
1706791.jpeg,1855,0.95,Schlitz,0.95
1709435.jpeg,19. V. 2022,0.95,"Bakke, 55.9922N, 10.3518E",0.95
1743735.jpeg,1975,0.95,Sfinzen,0.95
1709301.jpeg,6/4-1907,0.95,Bødumoseen,0.95
1707964.jpeg,1787964,0.95,Schiede,0.95
1705862.jpeg,178582,0.95,Kobernahns Universitet,0.95
1709965.jpeg,12/7/1939,0.95,Svendhprg Amt,0.95
1709465.jpeg,2018.9.18,0.95,Dania,0.95
1709327.jpeg,13-4-49,0.95,Dyrehaven,0.95
1705446.jpeg,1875/3/14,0.95,Claus og La Mauricie,0.95
1708991.jpeg,1870,0.95,Kronenbys Universitet,0.95
1705467.jpeg,1785467,0.95,"Statens Naturhistoriske Museum, Københavns Universitet",0.95
1707968.jpeg,1787968,0.95,Schledte,0.95
1708022.jpeg,24.9.1894,0.95,Jessee-Kaarup,0.95
1707386.jpeg,MISSING,0.5,MISSING,0.5
1743503.jpeg,1743583,0.95,NMD,0.95
1743809.jpeg,1829,0.95,Lellingel skov,0.95
1709289.jpeg,MISSING,0.5,MISSING,0.5
1707674.jpeg,1904,0.95,Dassco,0.95
1709408.jpeg,27.IV.2022,0.95,"GRÅNE VESTSKILIE, 56.0375N, 12.5596E",0.95
1708820.jpeg,1788820,0.95,Statens Naturhistoriske Museum,0.95
1709992.jpeg,30.10.1964,0.95,Reses Kor. Sjælland,0.95
1743827.jpeg,16.6.1929,0.95,Lellinge skov,0.95
1706451.jpeg,17/4/1871,0.95,Agr. Grøndal,0.95
1706912.jpeg,1883,0.95,KOPENHAVNS UNIVERSITET,0.95
1709524.jpeg,MISSING,0.5,MISSING,0.5
1743000.jpeg,29.6.1986,0.95,DANIA COLL.,0.95
1708483.jpeg,21-9-72,0.95,DANIA: Coll. - Karsten Schnack,0.95
1744588.jpeg,MISSING,0.5,MISSING,0.5
1709342.jpeg,19-9-1953,0.95,"Dania, Collo",0.95
1705751.jpeg,8-7-60,0.95,Vstr. Sørmark,0.95
1744480.jpeg,1902,0.95,Schjoldte,0.95
1743516.jpeg,1993,0.95,DK,0.95
1728506.jpeg,1993,0.95,BELAEQSEKS,0.95
1708967.jpeg,MISSING,0.5,MISSING,0.5
1705552.jpeg,178552,0.95,Rands Fj. 10-7-37,0.95
1706035.jpeg,21.VII.2021,0.95,DENMARK,0.95
1706083.jpeg,1870,0.95,Schiede,0.95
1705646.jpeg,1875,0.95,Hansen,0.95
1706845.jpeg,11-8-49,0.95,Vaserne.,0.95
1709195.jpeg,29-8-1952,0.95,Dyrschauve,0.95
1706479.jpeg,MISSING,0.5,MISSING,0.5
1709339.jpeg,19-9-1913,0.95,"Dania, Coll. F. Bangshoff",0.95
1728598.jpeg,7.5.1948,0.95,Söpp Spålland,0.95
1707375.jpeg,MISSING,0.5,MISSING,0.5
1705629.jpeg,1970,0.95,STRUER,0.95
1743787.jpeg,1940,0.95,NBO,0.95
1707056.jpeg,1859,0.95,KUGEL.,0.95
1709228.jpeg,27.9.3.1995,0.95,"Statens Naturhistoriske Museum, København",0.95
1709470.jpeg,1789,0.95,Braun,0.95
1743852.jpeg,10-5-63,0.95,Dassco,0.95
1710341.jpeg,21-6-1961,0.95,Nystlylland,0.95
1705939.jpeg,1965,0.95,Resen Kongstrup,0.95
1705932.jpeg,1948,0.95,Dania,0.95
1709984.jpeg,9.8-1933,0.95,"Dania, Coll.",0.95
1709920.jpeg,MISSING,0.5,de fengsage,0.95
1742721.jpeg,17.5.92,0.95,"Dania, Cell.",0.95
1728474.jpeg,MISSING,0.5,MISSING,0.5
1744654.jpeg,1911,0.95,Schalitz,0.95
1706961.jpeg,1839,0.95,Dyrhå,0.95
1707630.jpeg,1876,0.95,Holm,0.95
1743714.jpeg,20/8/1902,0.95,Ved Vejrer Møllev,0.95
1709189.jpeg,29-8-1952,0.95,Dyrehaven,0.95
1708363.jpeg,17-0-1921,0.95,Schalitz,0.95
1743778.jpeg,1936,0.95,Grib,0.95
1705757.jpeg,20-8-1999,0.95,Dansk Coll. F. Bangsholt,0.95
1706806.jpeg,1968,0.95,Ringkøbing: Vedersø Klit Strandspækyl,0.95
1707184.jpeg,MISSING,0.5,MISSING,0.5
1707250.jpeg,1780,0.95,Schjødtte,0.95
1744583.jpeg,MISSING,0.5,MISSING,0.5
1708361.jpeg,1819,0.95,"Calli, Schaltz",0.95
1708757.jpeg,1708757,0.95,Statens Naturhistoriske Museum,0.95
1743564.jpeg,1902,0.95,Dassco,0.95
1705821.jpeg,179521,0.95,Schlidte,0.95
1707448.jpeg,1936/1939,0.95,Svendborg Amt Coll Christiani,0.95
1743812.jpeg,16.69/24,0.95,Vallinge Ahov,0.95
1706926.jpeg,1954/70,0.95,Dyrefjord,0.95
1708006.jpeg,1788085,0.95,Lolland,0.95
1708411.jpeg,14.4.18,0.95,DANIS.COLL.,0.95
1708384.jpeg,17-9-49,0.95,Grib Skov,0.95
1707809.jpeg,MISSING,0.5,MISSING,0.5
1707691.jpeg,1787691,0.95,de Tessaguel,0.95
1706874.jpeg,20-7-1961,0.95,Dania coll. Hans Gangel,0.95
1707915.jpeg,1/10/1929,0.95,HBEQ,0.95
1709576.jpeg,21/4/1889,0.95,Rudee Hage,0.95
1705824.jpeg,1819,0.95,Fiellau,0.95
1708986.jpeg,1789898,0.95,Dahlsaa.,0.95
1709081.jpeg,20-9-36,0.95,Vrisi,0.95
1708934.jpeg,1788934,0.95,Schiøtte,0.95
1708908.jpeg,22.8.19,0.95,DANIA,0.95
1728600.jpeg,1950,0.95,fjandarøn,0.95
1706169.jpeg,MISSING,0.5,MISSING,0.5
1706113.jpeg,1790,0.95,"Borbyeholm, Søndre",0.95
1706511.jpeg,1887,0.95,Aalborg,0.95
1743746.jpeg,1935,0.95,Kronens Universitet,0.95
1706508.jpeg,15/2/7,0.95,Braunenglen,0.95
1706938.jpeg,17869328,0.95,Cyll. Schiedte,0.95
1707725.jpeg,1874,0.95,Dania,0.95
1708743.jpeg,9/10/1784,0.95,Sogne,0.95
1705775.jpeg,1785775,0.95,Statens Naturhistoriske Museum Københavns Universitet,0.95
1705502.jpeg,MISSING,0.5,MISSING,0.5
1743717.jpeg,1902,0.95,Haven,0.95
1707113.jpeg,1938,0.95,DANIA,0.95
1707967.jpeg,178967,0.95,Schiodte,0.95
1709054.jpeg,23.8.53,0.95,Jensen-Haarup,0.95
1706109.jpeg,1786/870,0.95,Buprestidae,0.95
1707567.jpeg,1960,0.95,J.V.Jylland Skallingen,0.95
1710000.jpeg,28/7,0.95,MISSING,0.5
1709548.jpeg,MISSING,0.5,MISSING,0.5
1728561.jpeg,1728561,0.95,STATENS NATURHISTORISKE MUSEUM KOPENHAVNS UNIVERSITET,0.95
1728482.jpeg,Lolland,0.95,Coll. Febrilius de Teugnagel,0.95
1707774.jpeg,1787774,0.95,Schiedte,0.95
1743593.jpeg,MISSING,0.5,MISSING,0.5
1708446.jpeg,27-10-1917,0.95,STOCKHOLM,0.95
1709757.jpeg,MISSING,0.5,Gluf Jacobsensen,0.95
1708437.jpeg,1908/16,0.95,"DANIA, COLL.",0.95
1743060.jpeg,15.10.21,0.95,"Dania, Coll.",0.95
1707544.jpeg,1890,0.95,"Statens Naturhistoriske Museum, Copenhagen",0.95
1708707.jpeg,17083787,0.95,KOPENHAVNS UNIVERSITET,0.95
1706190.jpeg,23/1-1937,0.95,Svendborg Amt,0.95
1706151.jpeg,MISSING,0.5,MISSING,0.5
1708710.jpeg,21.10.1977.,0.95,Grunø strand.,0.95
1708344.jpeg,1788344,0.95,Klaesque,0.95
1709437.jpeg,24.II.1916,0.95,A. West,0.95
1706826.jpeg,1870,0.95,Jylland,0.95
1709537.jpeg,MISSING,0.5,DRENA,0.95
1707270.jpeg,1976-08-17,0.95,Krenkerup,0.95
1728568.jpeg,MISSING,0.5,MISSING,0.5
1710375.jpeg,30.7.1946,0.95,JONGELAND,0.95
1707234.jpeg,1879,0.95,GERM,0.95
1709911.jpeg,MISSING,0.5,MISSING,0.5
1707911.jpeg,29.8.1913,0.95,Høeg,0.95
1708432.jpeg,1975,0.95,DANMARKS KLETPLANTEG,0.95
1706019.jpeg,19 V.2022,0.95,"grassland, leg A.K. Hansen & A. Soldovnikov",0.95
1709218.jpeg,1913,0.95,Hoyenhaven,0.95
1743856.jpeg,1863,0.95,Dassco,0.95
1743703.jpeg,MISSING,0.5,Tegnægøl,0.95
1743520.jpeg,19/5/75,0.95,Sjusjøen,0.95
1709753.jpeg,2014,0.95,Cald.,0.95
1708981.jpeg,MISSING,0.5,MISSING,0.5
1706970.jpeg,MISSING,0.5,MISSING,0.5
1707771.jpeg,1993,0.95,Brygge,0.95
1706920.jpeg,25.9.21,0.95,Dania,0.95
1709556.jpeg,1790,0.95,Wüsteni.,0.95
1743975.jpeg,1930,0.95,Cald.,0.95
1706956.jpeg,MISSING,0.5,Schiedte,0.95
1707550.jpeg,19-8-1955,0.95,pusillus,0.95
1705816.jpeg,1785,0.95,Schifstedt,0.95
1706296.jpeg,19.8.2022,0.95,"general collecting dung, grassland",0.95
1705731.jpeg,19-6-83,0.95,de Tongnages,0.95
1708347.jpeg,1942,0.95,Sloj.Willau,0.95
1705809.jpeg,MISSING,0.5,Schiedte,0.95
1728484.jpeg,MISSING,0.5,Lolland,0.95
1706795.jpeg,1945,0.95,Roden Skov,0.95
1705980.jpeg,1996,0.95,Orsild,0.95
1707680.jpeg,1870,0.95,Dassco,0.95
1708865.jpeg,1918,0.95,Dania,0.95
1705471.jpeg,7/1970,0.95,f. fidebus,0.95
1708849.jpeg,14-IV-1976,0.95,Ejstrupholm,0.95
1707267.jpeg,27.7.1998,0.95,Dania coll.,0.95
1709843.jpeg,19.7.1985,0.95,Johs. Andersen,0.95
1707207.jpeg,20-8-62,0.95,Dyrehaven.,0.95
1706441.jpeg,1971,0.95,Lyvindae,0.95
1710378.jpeg,1781,0.95,Kongens Lyngby,0.95
1706417.jpeg,3.9.1885,0.95,Kopenhagen,0.95
1743053.jpeg,16.10.1938,0.95,Coll. Johs. Andersen,0.95
1707844.jpeg,1874,0.95,Dassco,0.95
1743780.jpeg,1932-09-36,0.95,Bbodj.,0.95
1742985.jpeg,30.8.1997,0.95,STATENIS NATURHISTORISKE MUSEUM KOPENHAVNS UNIVERSITET,0.95
1743767.jpeg,1930,0.95,Dassco,0.95
1705841.jpeg,1850,0.95,De Tuugaalai,0.95
1706155.jpeg,1786,0.95,Lolland,0.95
1709032.jpeg,22/8/1900,0.95,Knaresborg,0.95
1728498.jpeg,26.5.1918,0.95,Tjekkerover,0.95
1709184.jpeg,27.VIII.1985,0.95,Alling,0.95
1709294.jpeg,MISSING,0.5,MISSING,0.5
1706949.jpeg,32/4/5/1870,0.95,Schiedte,0.95
1744536.jpeg,1897,0.95,Ler,0.95
1742732.jpeg,1904,0.95,SCHIADTE,0.95
1706822.jpeg,1972,0.95,"Dania, Vestjyll, Tipperne",0.95
1707009.jpeg,17/7/1901,0.95,Kjetldkhour,0.95
1705573.jpeg,16-4-49,0.95,Hoveltsvang.,0.95
1742714.jpeg,185529,0.95,Weygandt,0.95
1709961.jpeg,12/7/1939,0.95,Svendborg Amt,0.95
1708793.jpeg,1870,0.95,Pøge,0.95
1707653.jpeg,1879,0.95,Dassco,0.95
1706054.jpeg,1938,0.95,HØEG,0.95
1705423.jpeg,9.6.1919,0.95,Høbygård,0.95
1744481.jpeg,1904,0.95,Schjødt,0.95
1743752.jpeg,19/4/1938,0.95,Liselund,0.95
1706234.jpeg,1928,0.95,Dania,0.95
1706053.jpeg,1903,0.95,Hoege,0.95
1707931.jpeg,1864,0.95,Statens Naturhistoriske Museum,0.95
1709126.jpeg,1960,0.95,Dania,0.95
1744683.jpeg,1744683,0.95,Dania coll.,0.95
1705658.jpeg,18.9.37,0.95,Dania,0.95
1743987.jpeg,26-7-1951,0.95,Dania coll.,0.95
1742711.jpeg,18.5.1939,0.95,Kopenhagen,0.95
1706263.jpeg,1876,0.95,Dassco,0.95
1743036.jpeg,MISSING,0.5,MISSING,0.5
1706229.jpeg,1966,0.95,Hiderø,0.95
1744693.jpeg,1945,0.95,Dania,0.95
1707260.jpeg,9.VII.1985,0.95,Bjergsted,0.95
1706761.jpeg,1930,0.95,"Statens Naturhistoriske Museum, Københavns Universitet",0.95
1706336.jpeg,2/6/1856,0.95,Slovakia,0.95
1705477.jpeg,1820,0.95,Fjelland,0.95
1728588.jpeg,6.v.2007,0.95,"DANMARK, NEZ UC 11",0.95
1708377.jpeg,27.4.49,0.95,Frederikslund.,0.95
1707830.jpeg,MISSING,0.5,MISSING,0.5
1706844.jpeg,5-8-1933,0.95,Dania,0.95
1707488.jpeg,19-5-1829,0.95,Schalitz,0.95
1707767.jpeg,1894,0.95,SCHIADTE,0.95
1709569.jpeg,4/5/1901,0.95,"Celle, Jern Haller",0.95
1743015.jpeg,19 V.2022,0.95,"general collecting dung,grassland",0.95
1707350.jpeg,MISSING,0.5,MISSING,0.5
1707660.jpeg,MISSING,0.5,MISSING,0.5
1707854.jpeg,29-5-1985,0.95,"Røsnæs Kongstrup, JH",0.95
1707554.jpeg,14-5-1954,0.95,Dania coll.,0.95
1742744.jpeg,1904,0.95,Schiodte,0.95
1706459.jpeg,1946,0.95,Hjermad,0.95
1709443.jpeg,26.9.1919,0.95,A. West,0.95
1706785.jpeg,29-7-49,0.95,Qsserbo,0.95
1707314.jpeg,17.6.92,0.95,Dania,0.95
1706983.jpeg,MISSING,0.5,MISSING,0.5
1705460.jpeg,MISSING,0.5,MISSING,0.5
1706127.jpeg,1796,0.95,Hegyehágó,0.95
1742750.jpeg,1870,0.95,Schiodte,0.95
1742731.jpeg,1904,0.95,SCHOTTE,0.95
1705808.jpeg,MISSING,0.5,Schiedte,0.95
1742979.jpeg,1908,0.95,Gol.,0.95
1743544.jpeg,MISSING,0.5,Fligensborg,0.95
1705847.jpeg,1896,0.95,Copenhagen,0.95
1743518.jpeg,1997,0.95,JENSEN-HAARUP,0.95
1707405.jpeg,1907,0.95,Ri,0.95
1743914.jpeg,1955,0.95,Bommerlund Plantage,0.95
1743574.jpeg,MISSING,0.5,MISSING,0.5
1743515.jpeg,1907,0.95,Dassco,0.95
1707174.jpeg,MISSING,0.5,MISSING,0.5
1705702.jpeg,MISSING,0.5,MISSING,0.5
1707783.jpeg,1862,0.95,Ejendal,0.95
1708421.jpeg,25-9-1960,0.95,Dania,0.95
1709754.jpeg,1903,0.95,Celle,0.95
1707585.jpeg,8.VI.2003,0.95,Tofte,0.95
1707744.jpeg,5-5-1974,0.95,SKALLINGEN,0.95
1708803.jpeg,13/10-46,0.95,S.J.Rarbek,0.95
1709014.jpeg,6.9.02,0.95,Sonderburg,0.95
1707591.jpeg,2.6.48,0.95,Roland,0.95
1709231.jpeg,1898,0.95,Dania,0.95
1744632.jpeg,15/2/1934,0.95,Svendborg Amt Coll Christiani,0.95
1709025.jpeg,189/1887,0.95,Kobenhavn,0.95
1705482.jpeg,MISSING,0.5,MISSING,0.5
1708881.jpeg,2010-1992,0.95,"Dania, Coll.",0.95
1743893.jpeg,1874,0.95,"Nørre, Thy",0.95
1708381.jpeg,17-9-49,0.95,Grib Skov,0.95
1709174.jpeg,1945,0.95,SCHENKELHAYNE,0.95
1744590.jpeg,MISSING,0.5,MISSING,0.5
1706958.jpeg,MISSING,0.5,Schiodte,0.95
1708386.jpeg,157/5/1960,0.95,Vemo,0.95
1708338.jpeg,1925,0.95,Gall. Bladnæs.,0.95
1743769.jpeg,1930,0.95,Holmudd,0.95
1709123.jpeg,19-9-1953,0.95,DANIA,0.95
1705889.jpeg,25/6-8/7 1943,0.95,København,0.95
1709896.jpeg,MISSING,0.5,MISSING,0.5
1708452.jpeg,1897,0.95,MISSING,0.5
1706423.jpeg,17/6/1871,0.95,Schiede,0.95
1705568.jpeg,2018,0.95,Sjø Molles,0.95
1706334.jpeg,MISSING,0.5,MISSING,0.5
1709345.jpeg,1949,0.95,Dania,0.95
1707529.jpeg,1948,0.95,Ko 275-55,0.95
1728599.jpeg,1947,0.95,Saltholm,0.95
1707055.jpeg,1966,0.95,Eremifagen,0.95
1707325.jpeg,MISSING,0.5,MISSING,0.5
1706349.jpeg,MISSING,0.5,MISSING,0.5
1707360.jpeg,MISSING,0.5,MISSING,0.5
1708664.jpeg,1974,0.95,Hvistebol,0.95
1705529.jpeg,MISSING,0.5,Jespen-Maarup,0.95
1707167.jpeg,1787/10/6,0.95,LAV,0.95
1706460.jpeg,1974/68/71,0.95,Jydske Hede,0.95
1707057.jpeg,1-7-28,0.95,"Dania, Coll.",0.95
1708878.jpeg,26-10-1972,0.95,Dania,0.95
1743924.jpeg,6/12/1962,0.95,"Lumssås, Odde",0.95
1706959.jpeg,1870,0.95,SCHIEDTE,0.95
1706461.jpeg,1964/67,0.95,Hygrendal,0.95
1744585.jpeg,MISSING,0.5,MISSING,0.5
1707869.jpeg,1960,0.95,Dania,0.95
1709095.jpeg,6-10-1914,0.95,Nagell Skov,0.95
1705425.jpeg,19.5.1870,0.95,Hogesens,0.95
1744664.jpeg,19.87,0.95,Agger,0.95
1707331.jpeg,MISSING,0.5,MISSING,0.5
1706973.jpeg,1850,0.95,Lav,0.95
1709153.jpeg,1919,0.95,CHR.ENGELHART,0.95
1705890.jpeg,23-8-2019,0.95,Worm-Hamlet,0.95
1707614.jpeg,22.9.88,0.95,Stodid,0.95
1709421.jpeg,MISSING,0.5,MISSING,0.5
1743511.jpeg,MISSING,0.5,MISSING,0.5
1708447.jpeg,1969,0.95,FLYUEMDE,0.95
1706409.jpeg,19.5.19,0.95,Axaholm,0.95
1706801.jpeg,22/7/1906,0.95,Dyrehaven,0.95
1706081.jpeg,1890,0.95,Rfume,0.95
1742754.jpeg,1907,0.95,Schladte,0.95
1707408.jpeg,1782,0.95,Copenhagen,0.95
1708835.jpeg,MISSING,0.5,MISSING,0.5
1707639.jpeg,1870,0.95,Schiede,0.95
1709873.jpeg,1894,0.95,Hoggydunrig,0.95
1743064.jpeg,1743,0.95,Dassco,0.95
1708412.jpeg,2-10-1915,0.95,KAGSMOJEN,0.95
1707746.jpeg,9.VI.1992,0.95,Dassco,0.95
1743556.jpeg,1907,0.95,Schiedte,0.95
1708811.jpeg,1890,0.95,Sph.,0.95
1728461.jpeg,MISSING,0.5,MISSING,0.5
1706311.jpeg,1869,0.95,Dania,0.95
1709250.jpeg,1944,0.95,SCHIEDTTE,0.95
1709998.jpeg,1878,0.95,HARBO,0.95
1743993.jpeg,26-7-1961,0.95,Dania coll.,0.95
1705427.jpeg,8.9.1883,0.95,Coll. Johs. Andersen,0.95
1707905.jpeg,26.3.1922,0.95,Bygdehaven,0.95
1709979.jpeg,1915,0.95,Schaitz,0.95
1705648.jpeg,1915,0.95,Skagen,0.95
1708798.jpeg,1897,0.95,Valka,0.95
1709063.jpeg,1934,0.95,Tangiv,0.95
1709929.jpeg,MISSING,0.5,MISSING,0.5
1744649.jpeg,1971,0.95,Dania,0.95
1706812.jpeg,1968,0.95,Jylland Ringkøbing Vedersø Klit Strandopskyl,0.95
1743945.jpeg,12 IX 1971,0.95,"Ryket, L. Varisse SI.",0.95
1705852.jpeg,1901,0.95,Copen,0.95
1709907.jpeg,1904,0.95,MISSING,0.5
1706238.jpeg,1965,0.95,Sjælland,0.95
1707064.jpeg,25.8.87,0.95,Harboor,0.95
1705461.jpeg,MISSING,0.5,MISSING,0.5
1706321.jpeg,1852,0.95,Bog,0.95
1743594.jpeg,8.00,0.95,Nordholm,0.95
1743898.jpeg,1854,0.95,Worm-Hansen,0.95
1705880.jpeg,6-7-37,0.95,Trelldi,0.95
1705513.jpeg,MISSING,0.5,MISSING,0.5
1706029.jpeg,19 V2022,0.95,"Bakke, 55.9922N, 10.5515E",0.95
1709772.jpeg,178972,0.95,Dania coll.,0.95
1706317.jpeg,1786317,0.95,Schiedte,0.95
1743902.jpeg,29.Juli-11.Aug.1894,0.95,Gallehus Skov,0.95
1708341.jpeg,22-9-36,0.95,Bodø,0.95
1705835.jpeg,MISSING,0.5,MISSING,0.5
1705670.jpeg,MISSING,0.5,MISSING,0.5
1743744.jpeg,1915-1918,0.95,Trekroner,0.95
1707917.jpeg,2.5.9.1937,0.95,Copenhagen,0.95
1709413.jpeg,MISSING,0.5,MISSING,0.5
1743721.jpeg,MISSING,0.5,MISSING,0.5
1707914.jpeg,1913,0.95,Høeg,0.95
1707852.jpeg,1878,0.95,Jensen-Kaarup,0.95
1744582.jpeg,MISSING,0.5,MISSING,0.5
1707394.jpeg,1879,0.95,Tegnagul,0.95
1706093.jpeg,1904,0.95,SCHNITZEL,0.95
1705788.jpeg,1879,0.95,Dassco,0.95
1707051.jpeg,1966,0.95,Tilg.1.11.1966,0.95
1709475.jpeg,MISSING,0.5,Schiodte,0.95
1709310.jpeg,1934,0.95,Dassco,0.95
1706010.jpeg,19.7.1962,0.95,DK,0.95
1707542.jpeg,1787542,0.95,"Statens Naturhistoriske Museum, Københavns Universitet",0.95
1708474.jpeg,17888474,0.95,STATENS NATURHISTORISKE MUSEUM KOPENHAVNS UNIVERSITET,0.95
1705934.jpeg,7.5.49.,0.95,"Dania, Coll.",0.95
1744569.jpeg,MISSING,0.5,MISSING,0.5
1743815.jpeg,16.6.1929,0.95,S.V.G.L.,0.95
1706356.jpeg,MISSING,0.5,MISSING,0.5
1742728.jpeg,20-5-72,0.95,Dania,0.95
1706984.jpeg,MISSING,0.5,STATENS NATURHISTORISKE MUSEUM KOPENHAVNS UNIVERSITET,0.95
1705455.jpeg,1992,0.95,DK,0.95
1706452.jpeg,1764,0.95,AFRICA,0.95
1728575.jpeg,MISSING,0.5,MISSING,0.5
1706902.jpeg,19.6.1903,0.95,Borgensby,0.95
1706122.jpeg,MISSING,0.5,MISSING,0.5
1706497.jpeg,1876,0.95,Dassco,0.95
1706868.jpeg,23-6-72,0.95,DANIA: Coll. Karsten Schnack,0.95
1709579.jpeg,MISSING,0.5,MISSING,0.5
1707644.jpeg,1787644,0.95,Nordens Naturhistoriske Museum,0.95
1708853.jpeg,15 XI 1976,0.95,Ejstrupholm,0.95
1709509.jpeg,MISSING,0.5,MISSING,0.5
1707702.jpeg,MISSING,0.5,MISSING,0.5
1705506.jpeg,MISSING,0.5,MISSING,0.5
1708415.jpeg,25-9-1860,0.95,Dania,0.95
1706514.jpeg,26-8-1968,0.95,DANIS. Cell.,0.95
1743770.jpeg,1921,0.95,Sv. Larsen,0.95
1707928.jpeg,13.5.1938,0.95,Dassco,0.95
1707668.jpeg,1787668,0.95,Kopenhagen,0.95
1705439.jpeg,17.5.22,0.95,Dania Coll Victor Hansen,0.95
1708380.jpeg,6-9-49,0.95,Høvelte,0.95
1728503.jpeg,1894-96,0.95,Agraevarium,0.95
1706814.jpeg,1968,0.95,Jylland Ringkøbing Vedersø Klit Strandoppskylt,0.95
1710393.jpeg,1890,0.95,Celle,0.95
1742719.jpeg,17.5.92,0.95,Søllerød,0.95
1708942.jpeg,1794/970,0.95,Schiedte,0.95
1744551.jpeg,MISSING,0.5,MISSING,0.5
1706399.jpeg,21.VII.2004,0.95,Lodskopgrav,0.95
1706512.jpeg,1887,0.95,Aalborg,0.95
1709522.jpeg,MISSING,0.5,MISSING,0.5
1706439.jpeg,1904/04/21,0.95,Schøbøl,0.95
1709399.jpeg,27 IV 2022,0.95,"Helsinge, Grønne Vestkile, 56.0375N, 12.5598E",0.95
1706237.jpeg,1965,0.95,Kongens Lyngby,0.95
1707272.jpeg,17-VIII-1976,0.95,Krenkerup,0.95
1709335.jpeg,19-9-1953,0.95,"Dania, Cellie",0.95
1705807.jpeg,1890,0.95,Schiede,0.95
1706986.jpeg,MISSING,0.5,MISSING,0.5
1706989.jpeg,1890,0.95,Lolland,0.95
1709392.jpeg,27.IV.2022,0.95,"DENMARK, NEZ: Helsingor, Grenne Vestkile, 56.0373N",0.95
1744573.jpeg,MISSING,0.5,MISSING,0.5
1709575.jpeg,2/4/1889,0.95,C. le Doux,0.95
1709159.jpeg,1890,0.95,Nordland,0.95
1708039.jpeg,1939,0.95,Svendborg Amt,0.95
1705694.jpeg,1876,0.95,Nordjylland,0.95
1708990.jpeg,MISSING,0.5,MISSING,0.5
1707286.jpeg,1934,0.95,Slothed Skot,0.95
1709991.jpeg,13.vi. 1978,0.95,"Røsnæs, Kongstrup",0.95
1709964.jpeg,12/7/1939,0.95,Svendborg Amt,0.95
1742999.jpeg,22.7.1992,0.95,Dania coll.,0.95
1707213.jpeg,30-8-62,0.95,Dyrehaven,0.95
1705666.jpeg,MISSING,0.5,MISSING,0.5
1743840.jpeg,1976/07,0.95,Nyberg Lassen,0.95
1706076.jpeg,2.7.1937,0.95,Coll. Johs. Andersen,0.95
1706882.jpeg,1908,0.95,DARIE,0.95
1705429.jpeg,18.5.1903,0.95,HALL,0.95
1707257.jpeg,MISSING,0.5,Schiedte,0.95
1709152.jpeg,1919,0.95,Copenhagen,0.95
1709161.jpeg,MISSING,0.5,MISSING,0.5
1706301.jpeg,1954,0.95,Habro Skov,0.95
1706964.jpeg,1904,0.95,Schiede,0.95
1709960.jpeg,12/7/1939,0.95,Svendborg Amt,0.95
1705724.jpeg,MISSING,0.5,MISSING,0.5
1705497.jpeg,MISSING,0.5,MISSING,0.5
1705763.jpeg,24-8-1915,0.95,Skagen,0.95
1744599.jpeg,MISSING,0.5,MISSING,0.5
1707629.jpeg,1993,0.95,Schiodte,0.95
1709316.jpeg,1907,0.95,Dyrehaven,0.95
1728603.jpeg,2009,0.95,Herbist,0.95
1744607.jpeg,1891,0.95,Gunduj Krak,0.95
1708923.jpeg,1879,0.95,Dania,0.95
1708387.jpeg,1959,0.95,Vodskov,0.95
1743845.jpeg,1872,0.95,Nyborg-Lassen,0.95
1705550.jpeg,10-7-37,0.95,Rando Fj,0.95
1706352.jpeg,MISSING,0.5,MISSING,0.5
1706282.jpeg,1950,0.95,Denet Dania,0.95
1743730.jpeg,MISSING,0.5,MISSING,0.5
1709813.jpeg,12.IV.2071,0.95,Sukkertoppen,0.95
1705591.jpeg,21/15/1922,0.95,Lellinge Aa,0.95
1705684.jpeg,1904,0.95,Schlagte,0.95
1706853.jpeg,1876,0.95,Dykkhave,0.95
1709848.jpeg,1866,0.95,Dania,0.95
1744703.jpeg,1890,0.95,Genget Dania,0.95
1708695.jpeg,1872,0.95,Dassco,0.95
1707001.jpeg,MISSING,0.5,MISSING,0.5
1709313.jpeg,18-5-1943,0.95,Saltholm,0.95
1743994.jpeg,26-7-1961,0.95,Dania coll.,0.95
1708895.jpeg,9-10-1972,0.95,MARSELISSborg,0.95
1709525.jpeg,MISSING,0.5,MISSING,0.5
1706240.jpeg,26-5-1962,0.95,Dania,0.95
1743531.jpeg,8.4.1883,0.95,Coll.: Johs. Andersen,0.95
1709963.jpeg,1939,0.95,Svendborg Amt,0.95
1709023.jpeg,1890,0.95,Kopenhagen,0.95
1744668.jpeg,1744668,0.95,Statens Naturhistoriske Museum,0.95
1707886.jpeg,1896,0.95,Statens Naturhistoriske Museum,0.95
1742722.jpeg,17.9.22,0.95,Dania,0.95
1709890.jpeg,MISSING,0.5,MISSING,0.5
1709248.jpeg,1874,0.95,BIG-CHAMARU,0.95
1744535.jpeg,1904,0.95,SCHWEDEN,0.95
1706485.jpeg,MISSING,0.5,MISSING,0.5
1705699.jpeg,MISSING,0.5,MISSING,0.5
1707003.jpeg,1902,0.95,Røret,0.95
1707747.jpeg,5-5-1974,0.95,SKALLINGEN,0.95
1707686.jpeg,MISSING,0.5,MISSING,0.5
1708360.jpeg,1908,0.95,Skaagen,0.95
1707298.jpeg,1957,0.95,DAKIA,0.95
1728577.jpeg,6-1916,0.95,K.W.,0.95
1707464.jpeg,2.6.1973,0.95,Dyrehaven,0.95
1708978.jpeg,MISSING,0.5,Danesø,0.95
1710403.jpeg,1890,0.95,Haug,0.95
1708765.jpeg,MISSING,0.5,MISSING,0.5
1709194.jpeg,29-8-1962,0.95,Dyrehaven,0.95
1709566.jpeg,14/4/1896,0.95,"Statens Naturhistoriske Museum, Københavns Universitet",0.95
1708888.jpeg,13.10.1991,0.95,Dania coll.,0.95
1706455.jpeg,1786455,0.95,DassCo,0.95
1709090.jpeg,21.9.1903,0.95,Schaltz,0.95
1709434.jpeg,MISSING,0.5,MISSING,0.5
1708352.jpeg,1929,0.95,Suecia,0.95
1743771.jpeg,1930,0.95,Dassco,0.95
1707320.jpeg,17.6.92,0.95,Dania,0.95
1744541.jpeg,MISSING,0.5,MISSING,0.5
1709055.jpeg,23.8.09,0.95,Jesen-Baarup,0.95
1709252.jpeg,1944,0.95,Schiödte,0.95
1708709.jpeg,1867,0.95,Dania,0.95
1705928.jpeg,12-6-43,0.95,Sandbjerg,0.95
1706875.jpeg,26-7-1951,0.95,"Dania coll., Hans Genget",0.95
1707815.jpeg,1787815,0.95,NMB,0.95
1705641.jpeg,10.8.1944,0.95,S.Raguen,0.95
1706839.jpeg,1953,0.95,Dania,0.95
1707315.jpeg,6.6.20,0.95,Dania,0.95
1706203.jpeg,1804,0.95,Dyrehaven,0.95
1707262.jpeg,4.9.1979,0.95,Dania coll.,0.95
1707159.jpeg,1820/5/1868,0.95,Aarhus,0.95
1743849.jpeg,10-5-63,0.95,MISSING,0.5
1706502.jpeg,1993,0.95,DK,0.95
1707823.jpeg,MISSING,0.5,MISSING,0.5
1706132.jpeg,1876/1876,0.95,Borndel,0.95
1705583.jpeg,29-5-1965,0.95,"Dania, V.Sjelland, Køge Kommune, Køge Kommunekommune",0.95
1705922.jpeg,1937,0.95,Veddinge,0.95
1744701.jpeg,1956,0.95,Hania,0.95
1708890.jpeg,4-10-1972,0.95,MARSELIISBORG,0.95
1743885.jpeg,1875,0.95,Jy. Herning Brændgaard,0.95
1706856.jpeg,1786456,0.95,NMD,0.95
1707853.jpeg,1992,0.95,Tarmeskamp,0.95
1706813.jpeg,1968,0.95,Jylland Ringkøbing Vedersø Klit Strandopskyl,0.95
1708737.jpeg,1708737,0.95,"DANIA, COLL VICTOR HANSEN",0.95
1709422.jpeg,MISSING,0.5,MISSING,0.5
1707864.jpeg,1787864,0.95,NMD,0.95
1706004.jpeg,F.VI.1903,0.95,Tofte Skov,0.95
1708761.jpeg,1882,0.95,Celle,0.95
1709015.jpeg,6.9.02,0.95,Sonderburg,0.95
1709102.jpeg,1935,0.95,Bræmstrup,0.95
1707965.jpeg,1787965,0.95,"Statens Naturhistoriske Museum, Københavns Universitet",0.95
1708348.jpeg,6/6/1942,0.95,Bornholm,0.95
1742759.jpeg,1907,0.95,SCHIODETE,0.95
1707624.jpeg,1878,0.95,Dassco,0.95
1705793.jpeg,25.6.1913,0.95,Hegg,0.95
1706003.jpeg,12.V.1990,0.95,Hæstemark Skov NEJ,0.95
1709805.jpeg,21 Mai 1950,0.95,"Køgehus, Sjælland",0.95
1707949.jpeg,1870,0.95,Schjödte,0.95
1709955.jpeg,1930,0.95,Halmstad.,0.95
1707068.jpeg,1870,0.95,Harboudi,0.95
1742828.jpeg,1900,0.95,Rørbæk,0.95
1708041.jpeg,17/6 1940,0.95,Svendborg Amt,0.95
1707939.jpeg,1905,0.95,Dania,0.95
1705709.jpeg,17/8/1902,0.95,Havna,0.95
1705734.jpeg,Suditassancios,0.95,Danmark,0.95
1707620.jpeg,19.5.29,0.95,Dania,0.95
1706939.jpeg,MISSING,0.5,Schjøtete,0.95
1709846.jpeg,2018,0.95,Dania,0.95
1709447.jpeg,19.5.1915,0.95,Hoeq,0.95
1706955.jpeg,1786955,0.95,Schidte,0.95
1705758.jpeg,1903,0.95,Gultervann,0.95
1708740.jpeg,1870,0.95,Bjørn,0.95
1709224.jpeg,1905-10-19,0.95,Svithavnen,0.95
1707578.jpeg,7.6.1990,0.95,Dania coll.,0.95
1743890.jpeg,23-8-1913,0.95,Worm-Hansens,0.95
1709487.jpeg,1879,0.95,SCHLIDTE,0.95
1706498.jpeg,MISSING,0.5,MISSING,0.5
1706796.jpeg,1941,0.95,Wern-Huset,0.95
1706787.jpeg,1930,0.95,Hillerød,0.95
1705728.jpeg,MISSING,0.5,Lolland,0.95
1744533.jpeg,1879,0.95,Svendborg,0.95
1705520.jpeg,1800,0.95,Dyrehaven,0.95
1706924.jpeg,5.6.72,0.95,Dania,0.95
1743506.jpeg,MISSING,0.5,Danes,0.95
1743829.jpeg,16.6.1929,0.95,S.V.G.L.,0.95
1707749.jpeg,24-V-1975,0.95,Harrild hede,0.95
1743861.jpeg,19-6-1816,0.95,Vandrup,0.95
1706308.jpeg,29.6.92,0.95,KANDERSTEDT,0.95
1744688.jpeg,10-5-1976,0.95,Kongelunden,0.95
1744558.jpeg,1744558,0.95,NMMI,0.95
1742783.jpeg,MISSING,0.5,MISSING,0.5
1706398.jpeg,21.VII.2004,0.95,Lodskorsund,0.95
1709093.jpeg,9-20-1864,0.95,"Colt, Schaltz",0.95
1709948.jpeg,196-17,0.95,Esbjerg,0.95
1728529.jpeg,28-5-55,0.95,Kollerod,0.95
1706309.jpeg,1895,0.95,Johs. Andersen,0.95
1707277.jpeg,1953,0.95,Kopenup Sjøll,0.95
1705599.jpeg,1850,0.95,Tidovne,0.95
1707726.jpeg,24.5-1974,0.95,Dania,0.95
1706221.jpeg,1804,0.95,Dyrehaven,0.95
1743016.jpeg,19 V.2022,0.95,"general collecting dung,grassland",0.95
1728493.jpeg,1/5/1998,0.95,Havgen,0.95
1728579.jpeg,28.VII.1987,0.95,Strandvej,0.95
1710344.jpeg,1931,0.95,"MidtJylland, Galgeha, Hjarbæk",0.95
1706941.jpeg,1786541,0.95,Syrien,0.95
1743800.jpeg,1941,0.95,P. Johnsen,0.95
1706919.jpeg,195.9.21,0.95,Dania,0.95
1744539.jpeg,MISSING,0.5,MISSING,0.5
1707750.jpeg,8.VI.2003,0.95,Tetteskæet,0.95
1707824.jpeg,MISSING,0.5,MISSING,0.5
1709396.jpeg,27.IV.2022,0.95,"DENMARK: NEZ. Helsingen, Grønne Vestkøle 56.0375N 12.598E",0.95
1705447.jpeg,1975/04/20,0.95,Copenhagen,0.95
1709916.jpeg,17899916,0.95,Dassco,0.95
1707530.jpeg,24.5.88,0.95,Terning,0.95
1706325.jpeg,17/10/62,0.95,Bay,0.95
1709323.jpeg,21-5-49,0.95,Etemilagen,0.95
1706100.jpeg,1786,0.95,Schladte,0.95
1709459.jpeg,8.7.1883,0.95,Wavum,0.95
1743843.jpeg,1871/6/4,0.95,Nyborg-Lassen,0.95
1706200.jpeg,1876,0.95,Kongens Lyngby,0.95
1707328.jpeg,1879,0.95,Schiedte,0.95
1707264.jpeg,23.7.1998,0.95,DANIA COLL.,0.95
1705697.jpeg,MISSING,0.5,MISSING,0.5
1744634.jpeg,2/5 1938,0.95,Sollinge,0.95
1728485.jpeg,1890,0.95,Tjus,0.95
1709074.jpeg,1916,0.95,Søtholm,0.95
1742832.jpeg,11-5-34,0.95,Klampenborg Dyrehave,0.95
1707349.jpeg,1876,0.95,Borsholm,0.95
1743579.jpeg,1890,0.95,Seydlitz,0.95
1743720.jpeg,MISSING,0.5,Jessen-Aarup,0.95
1744605.jpeg,MISSING,0.5,MISSING,0.5
1708751.jpeg,1708751,0.95,"Statens Naturhistoriske Museum, Københavns Universitet",0.95
1707903.jpeg,28.8.1942,0.95,A. West,0.95
1708398.jpeg,1864,0.95,"Dania, Coll.",0.95
1706934.jpeg,1975/07/01,0.95,SCHIEDTE,0.95
1709755.jpeg,1907,0.95,Statens Naturhistoriske Museum,0.95
1710406.jpeg,1929,0.95,Hoege,0.95
1743704.jpeg,1904,0.95,Tengesøgel,0.95
1709954.jpeg,28/7/1930,0.95,5691,0.95
1707208.jpeg,30-8-62,0.95,Dyrehaven,0.95
1742793.jpeg,1904,0.95,Bosenup,0.95
1707444.jpeg,1876,0.95,Rosenberg,0.95
1742770.jpeg,1869,0.95,Horn,0.95
1707599.jpeg,21.6.92,0.95,Skagen,0.95
1743911.jpeg,1-10 Aug 1893,0.95,Froslev,0.95
1744656.jpeg,1906,0.95,Schaltz,0.95
1705949.jpeg,1867,0.95,Klatrup syd f. Vejle,0.95
1707344.jpeg,1890,0.95,Løv,0.95
1705798.jpeg,22.5.1902,0.95,Coll. Johs. Andersen,0.95
1706293.jpeg,14.V.2011,0.95,Dassco,0.95
1743838.jpeg,1874/79,0.95,Nyborg-Lassen,0.95
1744477.jpeg,1902,0.95,Schjødtte,0.95
1706192.jpeg,1/6/1937,0.95,Svendborg Amt Coll. Christiani,0.95
1743034.jpeg,11.5.1982,0.95,Grib Skov,0.95
1705900.jpeg,1870,0.95,Tollisee,0.95
1743028.jpeg,31.V.1986,0.95,Dania,0.95
1705551.jpeg,10-7-37,0.95,Rands Fj.,0.95
1706453.jpeg,1764,0.95,Hundested,0.95
1707531.jpeg,1875,0.95,Rope,0.95
1708011.jpeg,1794,0.95,Sagel,0.95
1708460.jpeg,1788460,0.95,STATENATURHISTORISKE MUSEUM,0.95
1706454.jpeg,1874,0.95,Rydehus,0.95
1709768.jpeg,12-5-1981,0.95,Dania coll.,0.95
1706097.jpeg,1870,0.95,Schiedte,0.95
1707228.jpeg,197-7-1997,0.95,Dania,0.95
1728478.jpeg,MISSING,0.5,Lolland,0.95
1707729.jpeg,1780,0.95,"Statens Naturhistoriske Museum, København",0.95
1708768.jpeg,1877,0.95,Kopenhagen,0.95
1706042.jpeg,20.5.34,0.95,A. West,0.95
1744602.jpeg,MISSING,0.5,MISSING,0.5
1743981.jpeg,1985,0.95,Munchholm,0.95
1708754.jpeg,1870,0.95,Fjorde,0.95
1706849.jpeg,24.06.1976,0.95,DANMARK,0.95
1743023.jpeg,21 Mai 1950,0.95,København,0.95
1706286.jpeg,18-6-1956,0.95,Dania coll.,0.95
1743010.jpeg,19. V. 2022,0.95,"general collecting dung, grassland, leg A.K. Hansen & N. Kozdovnikov",0.95
1708392.jpeg,1893,0.95,Dania,0.95
1728536.jpeg,1809,0.95,Grenarium,0.95
1706371.jpeg,1780,0.95,Dassco,0.95
1709207.jpeg,29.8.39,0.95,Dassco,0.95
1707483.jpeg,5-6-1922,0.95,Dyrehaven,0.95
1707126.jpeg,28.7.18,0.95,Dania,0.95
1707742.jpeg,5-5-1974,0.95,SKALLINGEN,0.95
1708926.jpeg,1868,0.95,Dania,0.95
1706484.jpeg,MISSING,0.5,MISSING,0.5
1709780.jpeg,1859,0.95,HARRESDAL,0.95
1743982.jpeg,27.IV.1986,0.95,Brandholt,0.95
1707900.jpeg,12.4V.2011,0.95,Sukkerlappen,0.95
1709460.jpeg,26.2.1931,0.95,"Statens Naturhistoriske Museum, Københavns Universitet",0.95
1744482.jpeg,1904,0.95,Schjödetæ,0.95
1709779.jpeg,1947,0.95,HARBOUR,0.95
1743810.jpeg,16.09.1929,0.95,Sv. t. u.,0.95
1706829.jpeg,12/6/1962,0.95,Nordsjælland,0.95
1705533.jpeg,MISSING,0.5,MISSING,0.5
1705708.jpeg,17/8/1902,0.95,Maceria,0.95
1707251.jpeg,1870,0.95,Schiede,0.95
1744662.jpeg,20.5.95,0.95,Løbøejs,0.95
1705483.jpeg,1905,0.95,BREMEN,0.95
1706840.jpeg,2-29191,0.95,Dania,0.95
1708920.jpeg,20.8.1940,0.95,Johs. Andersen,0.95
1706082.jpeg,1876,0.95,Ryom,0.95
1708436.jpeg,24.9.75,0.95,Dania,0.95
1707977.jpeg,MISSING,0.5,MISSING,0.5
1708995.jpeg,MISSING,0.5,MISSING,0.5
1709526.jpeg,MISSING,0.5,MISSING,0.5
1705865.jpeg,1895,0.95,Tundro,0.95
1728451.jpeg,MISSING,0.5,MISSING,0.5
1706046.jpeg,20.5.94,0.95,Risø,0.95
1708877.jpeg,26-10-1937,0.95,Dania,0.95
1708750.jpeg,1788750,0.95,Statens Naturhistoriske Museum,0.95
1705792.jpeg,1908,0.95,DANIA,0.95
1706279.jpeg,1876,0.95,DANIA,0.95
1707918.jpeg,1967,0.95,Dyrehaven,0.95
1744597.jpeg,1744597,0.95,Dassco,0.95
1709107.jpeg,10-9-1935,0.95,K.O.Leth leg.,0.95
1707594.jpeg,13.6.92,0.95,A West,0.95
1743939.jpeg,1960,0.95,V.Sjælland,0.95
1707650.jpeg,5/6/87,0.95,Sul,0.95
1708806.jpeg,23/11/1969,0.95,"Dania, Jylland, Karup",0.95
1742782.jpeg,MISSING,0.5,MISSING,0.5
1705828.jpeg,1860,0.95,Mack,0.95
1709125.jpeg,25-9-1960,0.95,"Dania, Coll.",0.95
1705801.jpeg,1906,0.95,Dania,0.95
1709852.jpeg,22.8.19,0.95,Dania,0.95
1710367.jpeg,1877/98,0.95,Jongsgaard,0.95
1705604.jpeg,MISSING,0.5,MISSING,0.5
1709222.jpeg,1896,0.95,Dyrehaven,0.95
1710334.jpeg,23-6-1981,0.95,Hjarbæk,0.95
1709497.jpeg,1902,0.95,Schjådte,0.95
1706131.jpeg,1908,0.95,Kongens Lyngby,0.95
1709974.jpeg,1978-01,0.95,Stubbbergard Sevel,0.95
1709729.jpeg,10-5-63,0.95,Statens Naturhistoriske Museum,0.95
1743989.jpeg,16-9-1951,0.95,DANIA COLL.,0.95
1705849.jpeg,185/1890,0.95,Selø,0.95
1707780.jpeg,1864/02,0.95,Dassco,0.95
1708818.jpeg,1788818,0.95,Dassco,0.95
1709841.jpeg,1988,0.95,Kronborg,0.95
1710394.jpeg,1906,0.95,Dassco,0.95
1709541.jpeg,MISSING,0.5,Lolland,0.95
1709138.jpeg,23.9.1933,0.95,RISØ ROSKILDE,0.95
1709051.jpeg,1907,0.95,Tentamn,0.95
1744581.jpeg,MISSING,0.5,MISSING,0.5
1743899.jpeg,1954,0.95,Nørreby,0.95
1708894.jpeg,9-10-1972,0.95,MARSELISSborg,0.95
1707485.jpeg,1829,0.95,Dassco,0.95
1743042.jpeg,26.9.1922,0.95,Dassco,0.95
1707821.jpeg,MISSING,0.5,MISSING,0.5
1743959.jpeg,1974,0.95,SILHOLMEN,0.95
1707540.jpeg,MISSING,0.5,MISSING,0.5
1743948.jpeg,4-4-1953,0.95,"Dania, Celle",0.95
1706824.jpeg,1869,0.95,Nordmarken,0.95
1708694.jpeg,28-9-1969,0.95,Bedei,0.95
1709847.jpeg,1878,0.95,Dania,0.95
1707004.jpeg,26/8/1899,0.95,Jens Maiter,0.95
1707274.jpeg,19-X-1976,0.95,Sundby storsk,0.95
1707425.jpeg,MISSING,0.5,Svejlbak,0.95
1707566.jpeg,20-5-1956,0.95,Skegg Dania,0.95
1707426.jpeg,29 MAY 1897,0.95,O. jacobsen,0.95
1706435.jpeg,1/6/1871,0.95,by vand.,0.95
1705605.jpeg,MISSING,0.5,MISSING,0.5
1707452.jpeg,21-5-49,0.95,Tilg*1.11.1966,0.95
1705918.jpeg,1-6-50,0.95,Heslehaven Hillerød.,0.95
1705649.jpeg,1993,0.95,DK,0.95
1709186.jpeg,29-8-1952,0.95,Dyrehaven,0.95
1707473.jpeg,19-5-1987,0.95,Vandvøen,0.95
1705633.jpeg,21.7.1974,0.95,Dania coll.,0.95
1744564.jpeg,MISSING,0.5,MISSING,0.5
1709476.jpeg,MISSING,0.5,Schiddte,0.95
1707845.jpeg,1787845,0.95,STATENS NATURHISTORISKE MUSEUM,0.95
1708438.jpeg,1879,0.95,Barnholm,0.95
1743500.jpeg,1993,0.95,DK,0.95
1706915.jpeg,1898,0.95,Kopenhagen,0.95
1706830.jpeg,1928,0.95,Dania,0.95
1708807.jpeg,1873,0.95,"Dania, Schleswig",0.95
1707366.jpeg,MISSING,0.5,MISSING,0.5
1707675.jpeg,MISSING,0.5,MISSING,0.5
1743583.jpeg,1743583,0.95,tejgagel,0.95
1743879.jpeg,14.4.1949,0.95,Rüde Skov,0.95
1709581.jpeg,1870,0.95,Dybelhaven,0.95
1743922.jpeg,22-10-1974,0.95,"DANIA, STHENHUSIT",0.95
1728565.jpeg,MISSING,0.5,MISSING,0.5
1743014.jpeg,1984,0.95,"Denmark, Samsø, EJ Faisdal",0.95
1743799.jpeg,1942,0.95,Dassco,0.95
1705444.jpeg,1970/5/2,0.95,Schiedte,0.95
1709027.jpeg,13/9/1887,0.95,Kobegahow,0.95
1706040.jpeg,20.5.39,0.95,A. West,0.95
1743985.jpeg,1986,0.95,Hede,0.95
1707463.jpeg,2.6.1893,0.95,Dyrehaven,0.95
1744665.jpeg,1879,0.95,Hans,0.95
1709197.jpeg,1894,0.95,Dania,0.95
1710404.jpeg,1927,0.95,Hoeeg,0.95
1705542.jpeg,28/5/1939,0.95,Svendborg Amt,0.95
1708802.jpeg,18.10.44,0.95,Røløkshå,0.95
1707080.jpeg,29-5-1931,0.95,Dyrehaven,0.95
1705863.jpeg,1900,0.95,Bentsteg,0.95
1706433.jpeg,2017,0.95,AFRICA,0.95
1705494.jpeg,MISSING,0.5,MISSING,0.5
1709120.jpeg,19-6-1953,0.95,Dania,0.95
1743491.jpeg,26/1876,0.95,Heggieidene,0.95
1709592.jpeg,1906,0.95,Jylland,0.95
1709445.jpeg,1830,0.95,HOGEG,0.95
1743836.jpeg,13-8-30,0.95,H. Lemche.,0.95
1709927.jpeg,19/8/86,0.95,Göteborg,0.95
1742774.jpeg,MISSING,0.5,MISSING,0.5
1705419.jpeg,25.6.1913,0.95,DANIA,0.95
1706445.jpeg,1871,0.95,Lipnides,0.95
1706981.jpeg,MISSING,0.5,MISSING,0.5
1709988.jpeg,7-8/1933,0.95,Dania,0.95
1709530.jpeg,MISSING,0.5,MISSING,0.5
1708759.jpeg,1948,0.95,Hornsaae,0.95
1709640.jpeg,1925,0.95,Nyborg-Lassen,0.95
1708416.jpeg,1950,0.95,"Dania, Coll.",0.95
1707317.jpeg,1787317,0.95,Dania,0.95
1707898.jpeg,2.1V.1983,0.95,Sandmilen 8 Skagen NEJ,0.95
1705756.jpeg,7-6-1954,0.95,"Dania, Coll.",0.95
1709491.jpeg,1789,0.95,Dassco,0.95
1707984.jpeg,1876,0.95,Lars,0.95
1728488.jpeg,1724848,0.95,Jensen-Karup,0.95
1706137.jpeg,1904,0.95,MISSING,0.5
1710373.jpeg,1990,0.95,Dania coll.,0.95
1709298.jpeg,1896,0.95,Hede,0.95
1709479.jpeg,MISSING,0.5,MISSING,0.5
1706404.jpeg,21.VII.2004,0.95,Lædskorred,0.95
1705437.jpeg,27.6.11,0.95,Dania,0.95
1744707.jpeg,4.5.1978,0.95,Dania coll.,0.95
1743756.jpeg,1930,0.95,Ribe,0.95
1743576.jpeg,1904,0.95,Kopenhagen,0.95
1707230.jpeg,1898,0.95,Bognaes,0.95
1707324.jpeg,1780,0.95,Kopenhagen,0.95
1707858.jpeg,1870,0.95,Uguttah,0.95
1705855.jpeg,2.6.1913,0.95,JENSEN-HAARUP,0.95
1742740.jpeg,MISSING,0.5,MISSING,0.5
1706199.jpeg,1772,0.95,Sundby,0.95
1706757.jpeg,1930,0.95,Lange,0.95
1709932.jpeg,1894,0.95,Sagk.,0.95
1744446.jpeg,1978,0.95,HAEEG,0.95
1743011.jpeg,19 V.2022,0.95,"general collecting dung,grassland",0.95
1707631.jpeg,1780,0.95,Schliete,0.95
1706491.jpeg,MISSING,0.5,MISSING,0.5
1708823.jpeg,1945,0.95,"Statens Naturhistoriske Museum, Københavns Universitet",0.95
1743918.jpeg,1964,0.95,Nordjyskland,0.95
1743967.jpeg,1850,0.95,L.,0.95
1708439.jpeg,17808430,0.95,Lamholt,0.95
1709219.jpeg,1913,0.95,Dyjehaven,0.95
1709915.jpeg,MISSING,0.5,MISSING,0.5
1707843.jpeg,1787843,0.95,de Tengnagel,0.95
1705910.jpeg,1917,0.95,Dassco,0.95
1707059.jpeg,1-7-28,0.95,"Dania, Coll.",0.95
1709835.jpeg,1883,0.95,Johs. Andersen,0.95
1706000.jpeg,2004,0.95,Dante,0.95
1709067.jpeg,1935,0.95,Svendborg Amt,0.95
1707565.jpeg,1954,0.95,Dania,0.95
1743710.jpeg,1890,0.95,C. le Deus,0.95
1707150.jpeg,1888,0.95,KOPENHAVNS UNIVERSITET,0.95
1707196.jpeg,27/7/18,0.95,Aarhus,0.95
1705619.jpeg,14-5-1954,0.95,Kulhuse,0.95
1743527.jpeg,1904,0.95,Kulhacek,0.95
1728467.jpeg,MISSING,0.5,Dassco,0.95
1706262.jpeg,1978/02,0.95,Freyng,0.95
1706171.jpeg,MISSING,0.5,STATEN MUSEUM,0.95
1706146.jpeg,MISSING,0.5,MISSING,0.5
1728537.jpeg,23-8-1915,0.95,SHAGEN,0.95
1706999.jpeg,1870,0.95,Holland,0.95
1709372.jpeg,2-10-1952,0.95,Dyrehaven,0.95
1705695.jpeg,1870,0.95,Nordisk,0.95
1705420.jpeg,1913,0.95,Hoeeg,0.95
1707170.jpeg,MISSING,0.5,MISSING,0.5
1709168.jpeg,1789/9158,0.95,STATENS NATURHISTORISKE MUSEUM,0.95
1707982.jpeg,1890,0.95,Lav.,0.95
1706867.jpeg,28.7.39,0.95,DANIA: Coll. Karsten Schnack,0.95
1706790.jpeg,1855,0.95,Cella Schaltz,0.95
1709429.jpeg,27.IV.2022,0.95,"Hellebæk, Avlsgård, Køhove",0.95
1708937.jpeg,1788937,0.95,Schiedte,0.95
1706210.jpeg,1925,0.95,Dyrehaven,0.95
1708925.jpeg,28.9.18,0.95,Dania,0.95
1743726.jpeg,24-8-1953,0.95,Worm-Hansen,0.95
1708426.jpeg,8-9/1970,0.95,"Dania, Coll.",0.95
1708672.jpeg,1930,0.95,København,0.95
1709357.jpeg,MISSING,0.5,MISSING,0.5
1708993.jpeg,1846,0.95,Dassco,0.95
1705575.jpeg,12-6-50,0.95,Jægerspris.,0.95
1708356.jpeg,25-5-1944,0.95,Vandrup,0.95
1744696.jpeg,1874,0.95,Dania,0.95
1707865.jpeg,1902,0.95,Dassco,0.95
1709517.jpeg,MISSING,0.5,MISSING,0.5
1708866.jpeg,26.10.1978,0.95,Dania,0.95
1706266.jpeg,MISSING,0.5,MISSING,0.5
1707923.jpeg,1905,0.95,Coll. Johs. Andersen,0.95
1705898.jpeg,1930,0.95,København,0.95
1706835.jpeg,22-5-1965,0.95,Kongstrup,0.95
1708451.jpeg,1891,0.95,Taschvoll,0.95
1708671.jpeg,1907,0.95,H,0.95
1707878.jpeg,1902,0.95,Schiedte,0.95
1709735.jpeg,10-5-63,0.95,MISSING,0.5
1707035.jpeg,1924-5-38,0.95,MISSING,0.5
1707667.jpeg,MISSING,0.5,MISSING,0.5
1708897.jpeg,9-10-1972,0.95,MARSELSISBORG,0.95
1706843.jpeg,16.7.1996,0.95,LIMA JORDEN,0.95
1705598.jpeg,1894,0.95,Fresville,0.95
1709347.jpeg,1789347,0.95,"Statens Naturhistoriske Museum, København",0.95
1709293.jpeg,MISSING,0.5,MISSING,0.5
1708858.jpeg,1-16-1959,0.95,Sikkeløg,0.95
1709005.jpeg,1798,0.95,Lolland,0.95
1728457.jpeg,MISSING,0.5,MISSING,0.5
1707340.jpeg,MISSING,0.5,Schiødtte,0.95
1709284.jpeg,MISSING,0.5,MISSING,0.5
1707458.jpeg,1966,0.95,Tisvilde Hegn.,0.95
1709322.jpeg,1800-02-29,0.95,Cactus,0.95
1707361.jpeg,1870,0.95,Havn,0.95
1705654.jpeg,1873,0.95,Dania,0.95
1707498.jpeg,1862,0.95,Dania,0.95
1744628.jpeg,23/1/1936,0.95,Rudkøbing Svendborg Amt,0.95
1705674.jpeg,1874,0.95,Køge,0.95
1709368.jpeg,6-4-1952,0.95,Dyrehaven,0.95
1742822.jpeg,29/6/1908,0.95,Kjeldshov,0.95
1706942.jpeg,1954/70,0.95,Bygdehamm,0.95
1744637.jpeg,1966,0.95,Tisvilde Strand,0.95
1709409.jpeg,MISSING,0.5,MISSING,0.5
1706401.jpeg,21.VII.2004,0.95,NEMH,0.95
1708430.jpeg,21.X. 1976,0.95,"Dania, Sjælland Røsnæs, Kongstrup",0.95
1742995.jpeg,19-7-1961,0.95,DANIA COLL. HANS GENGERT,0.95
1707752.jpeg,8.VI.2003,0.95,Tettes Skov,0.95
1710379.jpeg,29. august 1993,0.95,"Kongstrup, Rønneag",0.95
1707718.jpeg,17-06-1993,0.95,DK,0.95
1707085.jpeg,29-5-1951,0.95,Dyrehaven,0.95
1708848.jpeg,1976-04-12,0.95,Ejstrupholm,0.95
1710410.jpeg,1879,0.95,DAN,0.95
1705669.jpeg,MISSING,0.5,MISSING,0.5
1707413.jpeg,1874,0.95,Tengnagel,0.95
1708686.jpeg,23.10.32,0.95,Dania,0.95
1706211.jpeg,30.6.1942,0.95,Gland Bjerg,0.95
1708727.jpeg,2010,0.95,Heg,0.95
1743575.jpeg,1872,0.95,Lor,0.95
1709972.jpeg,17-7-51,0.95,Stubbbergaard Sevel,0.95
1705685.jpeg,MISSING,0.5,MISSING,0.5
1709623.jpeg,1942-04-22,0.95,Statens Naturhistoriske Museum,0.95
1707371.jpeg,MISSING,0.5,Drejøs.,0.95
1705624.jpeg,1954,0.95,Dania coll.,0.95
1707908.jpeg,26.9.1922,0.95,Dassco,0.95
1706386.jpeg,MISSING,0.5,MISSING,0.5
1709788.jpeg,1974,0.95,MALTRUP,0.95
1743745.jpeg,25-8-1920,0.95,Biologisk Samling,0.95
1709043.jpeg,MISSING,0.5,MISSING,0.5
1705688.jpeg,1876,0.95,Læsø,0.95
1709389.jpeg,1947,0.95,"Vedergø, Jylland",0.95
1707748.jpeg,5-5-1974,0.95,SKALLINGEN,0.95
1707129.jpeg,1907,0.95,Dania,0.95
1709249.jpeg,1964,0.95,Schladte,0.95
1742752.jpeg,1904,0.95,Schjødtte,0.95
1706492.jpeg,MISSING,0.5,MISSING,0.5
1706104.jpeg,1786/184,0.95,Kopenhagen,0.95
1709844.jpeg,1859,0.95,"Statens Naturhistoriske Museum, Copenhagen",0.95
1707635.jpeg,1904,0.95,Wiesbaden,0.95
1742725.jpeg,5.6.1921,0.95,"Dania, Goll.",0.95
1743722.jpeg,V.97.,0.95,Wüsteni.,0.95
1742808.jpeg,MISSING,0.5,MISSING,0.5
1709745.jpeg,1874,0.95,Dassco,0.95
1708938.jpeg,1874,0.95,Schjødt,0.95
1743702.jpeg,MISSING,0.5,de Tanggaard,0.95
1707651.jpeg,1879,0.95,SCHIEDTE,0.95
1743858.jpeg,10-5-63,0.95,Faxe,0.95
1706166.jpeg,1901,0.95,Sundager,0.95
1708748.jpeg,1788748,0.95,Nordisk,0.95
1705972.jpeg,1785972,0.95,STATENS NATURHISTORISKE MUSEUM KOPENHAVNS UNIVERSITET,0.95
1709283.jpeg,MISSING,0.5,MISSING,0.5
1706500.jpeg,MISSING,0.5,MISSING,0.5
1707372.jpeg,196/157,0.95,Drejebbe,0.95
1706513.jpeg,1887,0.95,Aalborg.,0.95
1744593.jpeg,MISSING,0.5,MISSING,0.5
1707225.jpeg,17.7.1997,0.95,Dania,0.95
1708336.jpeg,1931,0.95,Dals,0.95
1707698.jpeg,MISSING,0.5,MISSING,0.5
1706996.jpeg,MISSING,0.5,Holland,0.95
1706267.jpeg,1786267,0.95,NMBD,0.95
1742765.jpeg,1904,0.95,MISSING,0.5
1709253.jpeg,1902,0.95,Bygland,0.95
1743742.jpeg,1909,0.95,Altingo,0.95
1707280.jpeg,19.6.1924,0.95,S. Eutad. Sow.,0.95
1707045.jpeg,25-5-1914,0.95,Vandrup,0.95
1709001.jpeg,1789081,0.95,NHMD,0.95
1709906.jpeg,MISSING,0.5,MISSING,0.5
1709098.jpeg,1798,0.95,Dania,0.95
1743568.jpeg,MISSING,0.5,MISSING,0.5
1743983.jpeg,1987,0.95,DK,0.95
1707693.jpeg,1786,0.95,Tengnagel,0.95
1708756.jpeg,16.10/1873,0.95,Nordland,0.95
1707342.jpeg,1876,0.95,Helle,0.95
1744478.jpeg,MISSING,0.5,MISSING,0.5
1743006.jpeg,25-4-1774,0.95,DANIA,0.95
1728604.jpeg,22/5/1917,0.95,Vestervolden,0.95
1707499.jpeg,23.7.72,0.95,Dania,0.95
1743565.jpeg,MISSING,0.5,MISSING,0.5
1744629.jpeg,23/1/1936,0.95,Svendborg Amt,0.95
1743541.jpeg,1743541,0.95,Schjødtte,0.95
1705647.jpeg,8/8/1926,0.95,Bælert,0.95
1707302.jpeg,19.7.1928,0.95,Grønningen,0.95
1728587.jpeg,10.6.1979,0.95,Dania coll.,0.95
1707596.jpeg,6.6.1924,0.95,St. Agern,0.95
1707376.jpeg,MISSING,0.5,MISSING,0.5
1709402.jpeg,MISSING,0.5,MISSING,0.5
1707070.jpeg,1787878,0.95,CHR.EUGELHART,0.95
1743892.jpeg,23-8-1953,0.95,Nord-Thy,0.95
1709277.jpeg,MISSING,0.5,MISSING,0.5
1706379.jpeg,1894,0.95,Lund,0.95
1709085.jpeg,2-9-1915,0.95,Lurgien,0.95
1706469.jpeg,MISSING,0.5,MISSING,0.5
1744560.jpeg,MISSING,0.5,MISSING,0.5
1743920.jpeg,1981,0.95,Nordsjælland,0.95
1708043.jpeg,1936,0.95,Svendborg Amt,0.95
1707067.jpeg,25.8.1879,0.95,Haiti,0.95
1743874.jpeg,6-9-49,0.95,Sønderskov Hövelte,0.95
1705711.jpeg,MISSING,0.5,MISSING,0.5
1709131.jpeg,25-9/1969,0.95,"Dania, Coll.",0.95
1705924.jpeg,1948,0.95,"Jydeliet, Møn",0.95
1706031.jpeg,19.2.2022,0.95,"Det. C.S. Bramsholm et M.D. Draaby, 2022",0.95
1709485.jpeg,MISSING,0.5,Schiodte,0.95
1706092.jpeg,1786892,0.95,Schlodte,0.95
1705750.jpeg,1966,0.95,Sømark,0.95
1707223.jpeg,1976,0.95,Dania,0.95
1705851.jpeg,25/5/1896,0.95,Åtboek,0.95
1744670.jpeg,1964,0.95,KTH,0.95
1706881.jpeg,10-17-44,0.95,Jongelund,0.95
1707849.jpeg,1870,0.95,Sørupdal,0.95
1707007.jpeg,18/5/1901,0.95,Kobenhavn,0.95
1706156.jpeg,1786,0.95,Tengnagel,0.95
1710383.jpeg,?-VII-1976,0.95,Norddyn,0.95
1709838.jpeg,7.1883,0.95,Johs. Andersen,0.95
1743830.jpeg,1923,0.95,Rønnebjer,0.95
1742794.jpeg,MISSING,0.5,Tegegnagel,0.95
1743750.jpeg,27.07.03,0.95,Hensø-Haarup,0.95
1742736.jpeg,1902,0.95,Kongens Have,0.95
1707753.jpeg,21 Mai 1930,0.95,Kagerup,0.95
1705586.jpeg,1958,0.95,Dania,0.95
1705836.jpeg,MISSING,0.5,de Tegnungen,0.95
1705705.jpeg,17/8/1902,0.95,Haven,0.95
1706421.jpeg,1971/6/18/71,0.95,AF/Malawi,0.95
1743888.jpeg,1/8/1938,0.95,Wormit,0.95
1709415.jpeg,27.IV.2022,0.95,"GRANNE VESTSKILDE, 56.0335N, 12.5598E",0.95
1706153.jpeg,MISSING,0.5,MISSING,0.5
1709226.jpeg,16.1904,0.95,Koekaberg,0.95
1742776.jpeg,MISSING,0.5,MISSING,0.5
1706848.jpeg,17.8.1974,0.95,Dania,0.95
1707294.jpeg,2.8.1831,0.95,Dassco,0.95
1707220.jpeg,28-8-1976,0.95,Dania,0.95
1707453.jpeg,21-5-49,0.95,Zemilagen.,0.95
1707049.jpeg,21-5-49,0.95,STEMILAGEN,0.95
1707838.jpeg,MISSING,0.5,MISSING,0.5
1707528.jpeg,1857,0.95,Hart,0.95
1705753.jpeg,22-7-60,0.95,Vstr.Somark.,0.95
1710349.jpeg,19-7-1959,0.95,Nordvestjyske,0.95
1707947.jpeg,1870,0.95,Schlæde,0.95
1707687.jpeg,MISSING,0.5,MISSING,0.5
1710339.jpeg,23-6-1951,0.95,Hjärrest,0.95
1706135.jpeg,1706135,0.95,Statens Naturhistoriske Museum Københavns Universitet,0.95
1705715.jpeg,MISSING,0.5,MISSING,0.5
1707469.jpeg,1929,0.95,Dyrehaven,0.95
1708870.jpeg,26/10/1972,0.95,Dassco,0.95
1705866.jpeg,20.9.1918,0.95,Wielanddleg,0.95
1744645.jpeg,1958,0.95,Dania,0.95
1709761.jpeg,12-10-1962,0.95,Dyrehaven,0.95
1706297.jpeg,18.V.2022,0.95,"grassland, leg. A.K. Hansen",0.95
1706416.jpeg,1876,0.95,Fjord,0.95
1743941.jpeg,1965,0.95,"Kongsgarup,KL",0.95
1709461.jpeg,26.9.1939,0.95,"Statens Naturhistoriske Museum, Københavns Universitet",0.95
1706810.jpeg,1968,0.95,Jylland Ringkøbing Vedersø Klif Strandopskyl,0.95
1705594.jpeg,5.6.1976,0.95,i KOKASSE,0.95
1744556.jpeg,1904,0.95,Lav,0.95
1707559.jpeg,26-6-1985,0.95,Lindholm,0.95
1707414.jpeg,20.6.95,0.95,Trindlev,0.95
1743513.jpeg,1902,0.95,SEROFA,0.95
1707437.jpeg,9/5/20,0.95,Mose,0.95
1705458.jpeg,MISSING,0.5,MISSING,0.5
1743041.jpeg,26.03.1922,0.95,Dassco,0.95
1708886.jpeg,13.10.1991,0.95,Dania coll.,0.95
1708834.jpeg,MISSING,0.5,MISSING,0.5
1707855.jpeg,27-5-1940,0.95,Dania,0.95
1707557.jpeg,26-6-1958,0.95,Dassco,0.95
1707255.jpeg,MISSING,0.5,MISSING,0.5
1707850.jpeg,25 MAY 1986,0.95,SKANDERBORG,0.95
1706028.jpeg,19 V.2022,0.95,"Bakke, 55.9922N, 10.5515E",0.95
1708909.jpeg,28.8.1915,0.95,Horsens,0.95
1706932.jpeg,1870,0.95,Dassco,0.95
1710335.jpeg,1970,0.95,"Middlylland Galighel, Njarben",0.95
1707069.jpeg,1908,0.95,Copenhagen,0.95
1742747.jpeg,MISSING,0.5,MISSING,0.5
1707379.jpeg,MISSING,0.5,MISSING,0.5
1742762.jpeg,1853,0.95,Björköviken,0.95
1707709.jpeg,1877,0.95,Tengnagel,0.95
1708660.jpeg,1870,0.95,Dassco,0.95
1705759.jpeg,24-8-1919,0.95,Coll. Schaltz,0.95
1709031.jpeg,29/8/1902,0.95,Sundbyberg,0.95
1707545.jpeg,1879,0.95,KOPENHAGEN,0.95
1707456.jpeg,1966,0.95,Jagerspris,0.95
1706147.jpeg,1786,0.95,Danmark,0.95
1705970.jpeg,1870,0.95,Copenhagen,0.95
1707896.jpeg,15-10-1974,0.95,"Statens Naturhistoriske Museum, København",0.95
1709286.jpeg,1790,0.95,SCHENHAYNE,0.95
1743755.jpeg,13/7 1930,0.95,TARO,0.95
1706437.jpeg,1904,0.95,Schipfte,0.95
1707902.jpeg,12.NV.2011,0.95,Sukkerterp,0.95
1744610.jpeg,1854/97,0.95,Nygårdsvær,0.95
1705765.jpeg,23-5-1897,0.95,Schaltz,0.95
1743495.jpeg,1743495,0.95,"Statens Naturhistoriske Museum, Københavns Universitet",0.95
1708758.jpeg,1873,0.95,Kothenhavns Universitet,0.95
1743984.jpeg,1986,0.95,BIRMA,0.95
1708883.jpeg,26/10/1932,0.95,Dania,0.95
1705516.jpeg,Cpl.,0.95,J.P. Johansen.,0.95
1707766.jpeg,1870,0.95,Børglum,0.95
1709160.jpeg,1890,0.95,Cofl.,0.95
1709814.jpeg,12.IV.2011,0.95,Sukkertrappen,0.95
1707073.jpeg,624,0.95,624,0.95
1709328.jpeg,13-4-49,0.95,Dyrehaven,0.95
1743866.jpeg,26-06-1909,0.95,L'Iselborg,0.95
1706906.jpeg,1947,0.95,HANNAEDEK,0.95
1708679.jpeg,1925,0.95,Larsso,0.95
1707114.jpeg,1767114,0.95,Drejhaven,0.95
1706449.jpeg,17/6/87,0.95,Larvik,0.95
1743046.jpeg,1921,0.95,Oxlehaven,0.95
1743938.jpeg,30.10.1944,0.95,V.Sjælland,0.95
1743835.jpeg,1931,0.95,S.M.SKREVEN,0.95
1707866.jpeg,1787,0.95,Hertsl.,0.95
1709812.jpeg,16.1.1988,0.95,Klostermell,0.95
1706249.jpeg,9-6-1971,0.95,Dania,0.95
1705500.jpeg,1875,0.95,Dnestr.,0.95
1709000.jpeg,MISSING,0.5,MISSING,0.5
1708002.jpeg,17080902,0.95,Lolland,0.95
1707050.jpeg,21-8-49,0.95,Bemillegn.,0.95
1709308.jpeg,MISSING,0.5,MISSING,0.5
1742993.jpeg,14-5-1963,0.95,Kalhuise,0.95
1709080.jpeg,19-9-26,0.95,Klosterholt,0.95
1707901.jpeg,12.IV.2017,0.95,Sukkertoppen,0.95
1708831.jpeg,1943,0.95,Caj J.,0.95
1709371.jpeg,12-10-1952,0.95,Dyrehaven,0.95
1742767.jpeg,MISSING,0.5,MISSING,0.5
1707419.jpeg,1906,0.95,Kopenhagen,0.95
1744690.jpeg,1890,0.95,Kongelunden,0.95
1709943.jpeg,16/7/907,0.95,Jord Svendsen,0.95
1743773.jpeg,1930,0.95,Villing,0.95
1710352.jpeg,1874,0.95,Dania,0.95
1705421.jpeg,25.6.1913,0.95,DANIA,0.95
1710376.jpeg,1944,0.95,Konge Land,0.95
1743032.jpeg,11.5.1982,0.95,DANIA COLL.,0.95
1706074.jpeg,196.1939,0.95,DK,0.95
1742830.jpeg,1954,0.95,Tengnangel,0.95
1708678.jpeg,1876,0.95,Jensen-Karup,0.95
1743774.jpeg,1926,0.95,"Kogen, Gothenburg",0.95
1706213.jpeg,17-6-1923,0.95,Typehaven,0.95
1709362.jpeg,1894,0.95,S,0.95
1707075.jpeg,MISSING,0.5,Gluf Jacobsen,0.95
1705901.jpeg,2/6/1929,0.95,Svendborg Amt,0.95
1709750.jpeg,1789750,0.95,NMD,0.95
1706261.jpeg,1897,0.95,Hartøya,0.95
1707533.jpeg,178753,0.95,Kopenhagen,0.95
1709833.jpeg,28.7.1933,0.95,THORSAGER,0.95
1743926.jpeg,1974,0.95,"Dania, Vestjylland",0.95
1707909.jpeg,10.6.30,0.95,Dassco,0.95
1706204.jpeg,1786,0.95,Dassco,0.95
1708471.jpeg,1895,0.95,Dassco,0.95
1709299.jpeg,1789299,0.95,"Statens Naturhistoriske Museum, Copenhagen",0.95
1708792.jpeg,1873,0.95,Hortens,0.95
1743782.jpeg,13-8-36,0.95,H. Lemche,0.95
1707689.jpeg,1993,0.95,de Tengnagel,0.95
1728591.jpeg,27-IV-1978,0.95,Halk,0.95
1707112.jpeg,1892,0.95,Dyrehaven,0.95
1709213.jpeg,1936,0.95,Sphacelatiss,0.95
1708047.jpeg,1974,0.95,DK,0.95
1744589.jpeg,1825,0.95,SHELLAND,0.95
1728522.jpeg,1935,0.95,Svendborg Amt,0.95
1706448.jpeg,17/6/1871,0.95,Apenudal,0.95
1707316.jpeg,70.5.92,0.95,Dania,0.95
1707043.jpeg,1924,0.95,Dyrehaven,0.95
1709793.jpeg,6.5.1978,0.95,Dania coll.,0.95
1706794.jpeg,1985,0.95,"Røden Skov, Lolland",0.95
1743499.jpeg,1864,0.95,Lav,0.95
1706772.jpeg,1908,0.95,BANGLED,0.95
1709383.jpeg,1.5.1997,0.95,Dagebølven,0.95
1709486.jpeg,1789486,0.95,Dassco,0.95
1742978.jpeg,1907,0.95,Dassco,0.95
1707046.jpeg,1923,0.95,Dyrehaven,0.95
1707945.jpeg,26/08/20,0.95,Dyjelværn,0.95
1705707.jpeg,17/8/902,0.95,HAVEN,0.95
1709069.jpeg,1935,0.95,Svendborg Amt,0.95
1705999.jpeg,1998,0.95,"Skimlet Halm, Hø",0.95
1743508.jpeg,1902,0.95,KOPENHAGEN,0.95
1706767.jpeg,1924,0.95,Dronninglund,0.95
1743592.jpeg,MISSING,0.5,MISSING,0.5
1707904.jpeg,26.9.1922,0.95,"Statens Naturhistoriske Museum, København",0.95
1708010.jpeg,1888,0.95,Cgli.,0.95
1708910.jpeg,22-8-1915,0.95,Høeg,0.95
1743548.jpeg,1907,0.95,SCHIO,0.95
1707185.jpeg,MISSING,0.5,MISSING,0.5
1707025.jpeg,12/7/1939,0.95,Svendborg Amt,0.95
1708783.jpeg,1904,0.95,V-S,0.95
1709059.jpeg,1789050,0.95,Horsens,0.95
1705451.jpeg,29/5/1870,0.95,Jyrgen Gammelum,0.95
1709925.jpeg,MISSING,0.5,MISSING,0.5
1707276.jpeg,20-VIII-1976,0.95,Maltrup,0.95
1707851.jpeg,23 Mai 1889,0.95,Randerbro,0.95
1708440.jpeg,1963,0.95,Nordbohus,0.95
1707820.jpeg,MISSING,0.5,MISSING,0.5
1706462.jpeg,1946,0.95,Hv. Vendah,0.95
1706026.jpeg,19.V.2022,0.95,"Bakke, 55.9923N, 10.5515E",0.95
1743865.jpeg,1907,0.95,Dassco,0.95
1744699.jpeg,5.11-6.1960H,0.95,Sv.Jylland,0.95
1709996.jpeg,12.9.58,0.95,Steenwijk,0.95
1709555.jpeg,MISSING,0.5,MISSING,0.5
1709386.jpeg,12.IV.2011,0.95,Sukkertopf,0.95
1708346.jpeg,1979/4,0.95,Sig. Niederm,0.95
1706518.jpeg,1899,0.95,Aphidionamnitens,0.95
1708857.jpeg,1-11-1959,0.95,Silliebog,0.95
1709325.jpeg,18-4-49,0.95,Dyrehaven,0.95
1706338.jpeg,MISSING,0.5,MISSING,0.5
1743719.jpeg,14/5/1896,0.95,i Køgehus,0.95
1743806.jpeg,25-7-42,0.95,Fustwy,0.95
1708017.jpeg,MISSING,0.5,Jensen-Haarup,0.95
1705957.jpeg,166928,0.95,S.V.G.L.,0.95
1743932.jpeg,24.4.41,0.95,Danis. Coll.,0.95
1709330.jpeg,23-10-57,0.95,Eremitage,0.95
1709966.jpeg,12.8.1937,0.95,Svendborg Amt Coll. Christiani,0.95
1707258.jpeg,MISSING,0.5,MISSING,0.5
1743803.jpeg,1938,0.95,Skellingen,0.95
1708689.jpeg,18-10-41,0.95,"DANIS, Coll.",0.95
1706472.jpeg,MISSING,0.5,MISSING,0.5
1708998.jpeg,1798998,0.95,NHMD,0.95
1709318.jpeg,12-5-1907,0.95,Dense,0.95
1705897.jpeg,1930,0.95,ANGO.,0.95
1707706.jpeg,1902/25,0.95,Kopenhagen,0.95
1708830.jpeg,1977,0.95,"Statens Naturhistoriske Museum, København",0.95
1705843.jpeg,1870,0.95,Lolland,0.95
1706219.jpeg,17-6-1924,0.95,Dyrehaven,0.95
1705995.jpeg,23-7-44,0.95,DANMARK,0.95
1708815.jpeg,1902,0.95,Gulfsund,0.95
1708874.jpeg,26-10-1978,0.95,Dania,0.95
1706022.jpeg,19.V.2022,0.95,"general collecting dung, grassland, legg. A.K. Hansen & A. Solodovnikov",0.95
1743584.jpeg,1743584,0.95,Dassco,0.95
1708455.jpeg,1978,0.95,Dassco,0.95
1743814.jpeg,16.6.1929,0.95,S.V.B.,0.95
1705448.jpeg,29/5/1876,0.95,MISSING,0.5
1743545.jpeg,1904,0.95,SCHLADTTE,0.95
1707461.jpeg,1966,0.95,Dyrehaven,0.95
1709440.jpeg,26.9.1917,0.95,A. West,0.95
1743785.jpeg,2/9/1944,0.95,Sass Odda,0.95
1744459.jpeg,1879,0.95,Johans. Andersen,0.95
1705983.jpeg,8-7-1961,0.95,"Dania coll., Hans Senget",0.95
1707988.jpeg,MISSING,0.5,MISSING,0.5
1743567.jpeg,1874,0.95,Nabbyvold,0.95
1709759.jpeg,1947,0.95,Hakarving,0.95
1707764.jpeg,1894,0.95,Schiedte,0.95
1706975.jpeg,MISSING,0.5,MISSING,0.5
1743196.jpeg,1964,0.95,Sangat,0.95
1710325.jpeg,1951,0.95,Dania,0.95
1707101.jpeg,31.V.1986,0.95,"Hestemark, Sk. NEJ",0.95
1742858.jpeg,1742858,0.95,Hørsholm,0.95
1709736.jpeg,10-5-63,0.95,"Statens Naturhistoriske Museum, Københavns Universitet",0.95
1708084.jpeg,9-5-1971,0.95,Dania,0.95
