image_file,verbatimDate,verbatimLocality
1709398.jpeg,27.IV.2022,"DENMARK: NEZ. Helsinger, Grenne Vestkilele 56.0375N*"
1705937.jpeg,1965,Dania V.Sjelland Reagens Eongstrup.Ki
1705822.jpeg,1879,Gyldenløve
1742998.jpeg,1970,Dania
1728459.jpeg,MISSING,København
1707402.jpeg,1879,Woking
1707293.jpeg,19.5.1931,HOGEG
1744483.jpeg,1870,Gard
1708366.jpeg,9-5-1914,Vandrup
1705671.jpeg,MISSING,MISSING
1706305.jpeg,1937,halus
1705435.jpeg,27.5.19,Folkevang
1744708.jpeg,16.6.1984,Juhog Strand
1707266.jpeg,23.7.1998,D. Micc. Hansen
1707732.jpeg,275,Dassco
1706407.jpeg,2005,Bonningleid
1707492.jpeg,21-10-1908,Tidswilde
1706769.jpeg,1945,Gurre
1706988.jpeg,MISSING,Lolland
1707847.jpeg,1993,DK
1706811.jpeg,1968,Ringkøbing: Vederød Klit Strandopskyl
1705914.jpeg,1930-6-7,Sanabjeng
1708046.jpeg,1722,Jegersborg
1706310.jpeg,1882,Coll. Jh. Andersen
1709011.jpeg,MISSING,Lolland
1709933.jpeg,9.4.1884,A.interius
1743557.jpeg,1993,BELÅGESEKS
1743005.jpeg,1990,Dania
1705495.jpeg,MISSING,MISSING
1708876.jpeg,26-10-1878,"Dania, Coll."
1706389.jpeg,1.7.2000,Dania coll.
1706354.jpeg,MISSING,MISSING
1708730.jpeg,1894,Kopenhagen
1728563.jpeg,MISSING,MISSING
1705652.jpeg,178565,Johs. Andersen
1707536.jpeg,1744,"Statens Naturhistoriske Museum, Københavns Universitet"
1707973.jpeg,1820,S. stellaties
1708746.jpeg,17882746,Schidde
1707717.jpeg,1828,Bristol
1742786.jpeg,MISSING,MISSING
1707615.jpeg,1929,Dassco
1706774.jpeg,1908,Copenhagen
1708478.jpeg,1900,ungdansk
1707621.jpeg,19.5.29,Dassco
1708973.jpeg,1904,Zurich
1743757.jpeg,1930,Lango.
1706130.jpeg,1706130,Mun. Liv.
1709922.jpeg,1879,Tejnageri
1709338.jpeg,19-9-1953,Dania
1707433.jpeg,29/5-19,Rosenberg
1744572.jpeg,MISSING,MISSING
1743797.jpeg,3/5/1942,Asserbo
1709425.jpeg,MISSING,MISSING
1705902.jpeg,2/6/1939,Svendborg Amt
1744537.jpeg,MISSING,MISSING
1709220.jpeg,28.9.1913,Dyrehaven
1708731.jpeg,19.0.1884,Coll. Johs. Andersen
1743586.jpeg,MISSING,MISSING
1707808.jpeg,1900,Lav
1708004.jpeg,MISSING,Lolland
1707490.jpeg,30-6-1912,Sandbjerg
1743925.jpeg,19.4.1983,"DANIS, ÖSTJYLLAND KLOTHMO syd f. Vejle"
1707457.jpeg,1966,Dyrehaven
1705691.jpeg,MISSING,MISSING
1709406.jpeg,27.IV.2022,"DENMARK: NEZ: Helsinger, Grønne Vestkøle"
1708473.jpeg,1890,KOREAN
1707979.jpeg,1879,Lav
1707115.jpeg,1918,Dytekhaaven
1706764.jpeg,14/8/1930,Sv. 6th Larcus
1707247.jpeg,MISSING,MISSING
1744538.jpeg,1904,Larv
1743973.jpeg,1950,Dassco
1708429.jpeg,21.X. 1976,"Dania, Sjælland Rønnes, Kongstrup."
1707676.jpeg,MISSING,MISSING
1706789.jpeg,26.6.1975,Tilg.1.11.1966
1708764.jpeg,MISSING,MISSING
1706420.jpeg,17/6/1871,AFRICA
1743870.jpeg,1949,Asserbo
1710350.jpeg,1874,Jutland
1706089.jpeg,1876,SCHJOLTE
1709876.jpeg,1870,Haggedunng
1705615.jpeg,1765,"Midtjylland, Galgegård, Hjarbæk"
1707975.jpeg,1984,Tirilae
1710338.jpeg,23-6-1961,Dania coll.
1708424.jpeg,10-9-1970,"Dania, Coli."
1709166.jpeg,1902,Copenhagen
1728573.jpeg,MISSING,MISSING
1728514.jpeg,28/5/1916,Drager
1707465.jpeg,18-6-24,Dania
1707636.jpeg,1871,Dassco
1743864.jpeg,1907,Donge
1743768.jpeg,1930,Holmudd.
1708445.jpeg,1971,Dania
1706086.jpeg,1870,Rønne
1706783.jpeg,28.6.1993,Vaserne kruiesgeno
1743763.jpeg,1930,Sv. E. Lærsø
1706254.jpeg,23.6.1973,DANMARK
1705871.jpeg,27/10/1939,Staallingen
1707451.jpeg,21-5-49,EREMILAGEN.
1705454.jpeg,1785,Schiodte
1707537.jpeg,275,Oluf Jacobsen
1705563.jpeg,1802,Sandbjerg
1706049.jpeg,1906,Bjørnum
1709823.jpeg,29-6-31,KARMUNLIDDM
1708734.jpeg,24.9.1884,Dassco
1708003.jpeg,1788063,Lolland
1728528.jpeg,1941,Saltholm
1744687.jpeg,1904,Dania
1744704.jpeg,19-6-1954,Dragsholm
1706523.jpeg,MISSING,MISSING
1709066.jpeg,1935,Svendborg Amt
1706771.jpeg,1855,Schaltz
1744574.jpeg,MISSING,MISSING
1709380.jpeg,23-10-1955,Dyrehaven
1744640.jpeg,1744648,Frederikshavn
1706255.jpeg,24.6.1975,DENMARK
1718184.jpeg,1879,Hertst.
1708907.jpeg,22-8-1915,HAEG
1707053.jpeg,21-5-49,Johs. Petersen
1705779.jpeg,22.5.1984,Dania coll.
1708927.jpeg,1829,Dania
1706870.jpeg,22-6-32,DANIA: Coll. Karsten Schnack
1709118.jpeg,1931,Dania
1709091.jpeg,1910,Dyrehaven
1708777.jpeg,1904,Kronenhøjvej
1709146.jpeg,26.8.87,Harbour
1708026.jpeg,13/10/1908,Kjetilshov
1709441.jpeg,24.9.1921,MISSING
1705800.jpeg,1860,Dania
1706034.jpeg,20.VII.2021,"DENMARK; NWJ, Hjelm Hede (west); 56.48N, 8.89E; 16.m"
1706235.jpeg,1964,Kongens Trup
1742741.jpeg,MISSING,MISSING
1708745.jpeg,1872,Schiede
1728531.jpeg,24.9.60,Ejemplagen.
1709116.jpeg,14-9-58,Dyrehaven
1709109.jpeg,6.9-49,Sønderkøv. Håvelte.
1706458.jpeg,1974/10/26,Hyggenhus
1705766.jpeg,1925-05-19,Skagen
1743555.jpeg,MISSING,MISSING
1709580.jpeg,1709580,KOPENHAGEN
1706114.jpeg,MISSING,Dysselkilde
1707924.jpeg,1905,Johs. Andersen
1709072.jpeg,8/9/1985,Dyrehaven
1707486.jpeg,25-5-1918,Celli
1707889.jpeg,30.3.1975,Hørsholm
1709874.jpeg,1850,Kopenhagen
1707582.jpeg,1978,Rye
1707714.jpeg,MISSING,MISSING
1709926.jpeg,1880,Ragbultligard
1707439.jpeg,9/5-20,Mose
1709114.jpeg,27-9-58,Eremitage
1707238.jpeg,MISSING,MISSING
1706792.jpeg,27-8-1911,Coll. Scholtz
1743943.jpeg,1972,Sj.
1707707.jpeg,1877,Tengnagel
1705522.jpeg,1896,Tandsholm
1707526.jpeg,1860,Havre
1705413.jpeg,14.6.1898,Sjaavoldi
1706208.jpeg,1772-6-1935,Dyrehaven
1705701.jpeg,MISSING,MISSING
1707036.jpeg,1950 QC,Dyrehaven
1707563.jpeg,21-6-1996,"Denget, Dania"
1743881.jpeg,1934,Tasdyg s. Obe
1744529.jpeg,1744529,Statens Naturhistoriske Museum Københavns Universitet
1705885.jpeg,24/8-1996,T.Wix-Fagge
1706145.jpeg,1866,Læsø
1706116.jpeg,1890,Danes
1705503.jpeg,MISSING,MISSING
1743977.jpeg,19.9.78,MISSING
1708836.jpeg,MISSING,MISSING
1705606.jpeg,MISSING,MISSING
1709278.jpeg,MISSING,MISSING
1708753.jpeg,17808753,Kopenhagen
1728594.jpeg,9.V.1992,Høstemark
1707390.jpeg,MISSING,Teşnagel
1708681.jpeg,1871-03-29,Dania
1742745.jpeg,1904,Schjødt
1707538.jpeg,275,"Statens Naturhistoriske Museum, København"
1709045.jpeg,MISSING,MISSING
1705870.jpeg,27/6/1984,E. Sæo Søerne
1707310.jpeg,4.5.1938,"Statens Naturhistoriske Museum, Københavns Universitet"
1728490.jpeg,1976,Jensen-Haarup
1709456.jpeg,15.10.1928,Estony
1706854.jpeg,1786954,NORDHavn
1742818.jpeg,28/5/1917,Hjeldestov
1706272.jpeg,1706272,"Statens Naturhistoriske Museum, København Universitet"
1709245.jpeg,1870,Schiedte
1706077.jpeg,1988,Koerenhavns Universitetet
1707999.jpeg,1970,Dansk
1744646.jpeg,12.5.1957,"Dania, Coll."
1708955.jpeg,1972,Kopenhagen
1709778.jpeg,1924,L
1743753.jpeg,1906,Tusser
1705644.jpeg,1936,PANNA
1709004.jpeg,1874,Dassco
1708747.jpeg,1870,Lav.
1705744.jpeg,28-6-53,Vestr. Sømark
1709463.jpeg,26.9.1893,Dassco
1705812.jpeg,1900,SCHIDTTS
1744706.jpeg,27.3.1978,Dania coll.
1708425.jpeg,8-9-1970,"DANIA, COLI."
1705790.jpeg,25.6.1913,DANIS
1707569.jpeg,21-4-1956,Dania coll.
1709804.jpeg,1-5-1949,SOLL
1705545.jpeg,1826-1929,Svendborg Amt
1707993.jpeg,1850,Løvendal
1744705.jpeg,7.5.1977,Dania coll.
1705746.jpeg,8-7-60,VSR Jomark
1708819.jpeg,MISSING,MISSING
1708470.jpeg,1890,Kopenhagen
1710374.jpeg,23.7.1944,DANMARK
1707913.jpeg,1913,HOEG
1708697.jpeg,1870,Kongens Lyngby
1743820.jpeg,16.6.1939,"S.V., G.B."
1744652.jpeg,1983,Dette
1710395.jpeg,1890,BREDA
1705861.jpeg,1900,Fossø
1705592.jpeg,1906-06-26,Hammeren
1705450.jpeg,23.9/5/870,Coli.
1709908.jpeg,MISSING,MISSING
1743035.jpeg,27.V.2022,"NEZ. Helsingor, Grønne Vestkile, 56.0975N, 12.5598E"
1705919.jpeg,24-7-61,Jydelejel Man.
1708774.jpeg,MISSING,MISSING
1709899.jpeg,1709899,MISSING
1707475.jpeg,8-6-1914,Vamand
1709749.jpeg,1890,Brahman
1705672.jpeg,MISSING,MISSING
1707935.jpeg,15.10.21,Dania
1706778.jpeg,1927-07-08,Rangsted
1709037.jpeg,9/9/12,Dyrt
1744586.jpeg,MISSING,MISSING
1709203.jpeg,22.9.1996,DANIA COLL.
1706222.jpeg,12-6-43,Sandbjerg.
1743595.jpeg,19.4.99,ungbala
1705481.jpeg,1765481,Leyreduvius
1706148.jpeg,MISSING,MISSING
1705656.jpeg,1879,Dania
1706464.jpeg,1782,Vandby
1709188.jpeg,29-8-1962,Dyrehaven
1709562.jpeg,V.00.,Wüstnei.
1707248.jpeg,MISSING,Schjoldte
1709940.jpeg,9/4/1908,Kjuaskov
1744692.jpeg,10-5-1956,Dania
1707943.jpeg,1870,Jøfretkvarter
1709892.jpeg,1789892,STATENS NATURHISTORISKE MUSEUM KOPENHAVNS UNIVERSITET
1743578.jpeg,1879,S. ELLAND.
1705996.jpeg,29.7.44,DANMARK
1705424.jpeg,1918,Hoegeg
1707805.jpeg,1797,Herber
1705436.jpeg,1877.5.22,Dania
1728475.jpeg,MISSING,MISSING
1707282.jpeg,19.6.1934,"Statens Naturhistoriske Museum, Københavns Universitet"
1707953.jpeg,1870,Schiedte
1708824.jpeg,1904,KONGSHOLM
1742785.jpeg,MISSING,MISSING
1705942.jpeg,1964,Dania
1705860.jpeg,MISSING,Jensel-Marup
1742994.jpeg,13-9-1951,DANIA COLL. HANS GANGET
1706220.jpeg,1932,Dyrehaven
1743995.jpeg,2.5.1951,Dania coll.
1708704.jpeg,1788764,STATENS NATURHISTORISKE MUSEUM
1706889.jpeg,20.VII.2021,"DENMARK, NWJ, Hjelm Hede (west), 56.48N, 8.99E, 16 m."
1706876.jpeg,26-9-1961,Dania coll.
1709100.jpeg,1968,Søholt
1707998.jpeg,MISSING,MISSING
1705428.jpeg,8.9.1815,MISSING
1709206.jpeg,10-9-1972,Vester Mølle
1728534.jpeg,12-9-61,Eremilagen.
1709216.jpeg,1893,Dyrehaven
1708873.jpeg,26-10-1992,"Dania, Coll."
1706503.jpeg,1706583,de Tengnagel
1743737.jpeg,1894,Fogelum
1743851.jpeg,10-5-63,Faxe
1744531.jpeg,1870,Bø
1708379.jpeg,5-4-50,Sonderskov
1744587.jpeg,1888,Bellav
1709154.jpeg,1902,Nordjylland
1709516.jpeg,1780516,NAMD
1709282.jpeg,MISSING,MISSING
1706193.jpeg,7/6/1937,Svendborg Amt
1706063.jpeg,5.6.1922,Dania
1708456.jpeg,14.9.09,Sægen
1709743.jpeg,1799,Dassco
1706015.jpeg,18.3.1950,Roslund Skovgaard
1709762.jpeg,12-4-1952,Haveskov
1705936.jpeg,11.6.49,Dania
1709875.jpeg,1870,Krygdeskoven
1708785.jpeg,MISSING,MISSING
1708985.jpeg,1903,Dassco
1708922.jpeg,10.10.1891,"Statens Naturhistoriske Museum, København"
1705492.jpeg,1870,Danes
1742771.jpeg,MISSING,MISSING
1742738.jpeg,1742738,Dyrehaven
1743872.jpeg,16-4-49,Lillerød
1706173.jpeg,1904,HONG KONG
1708832.jpeg,1902,KOBENHAVNS UNIVERSITET
1709088.jpeg,12-9-1944,Vandrup
1710390.jpeg,1911,Dassco
1709962.jpeg,1938,Svendborg Amt
1708860.jpeg,20.10.78,Dania
1707002.jpeg,MISSING,MISSING
1709981.jpeg,26-7-1965,"Dania, Celle"
1742789.jpeg,1742789,Holland
1705956.jpeg,16.6.1929,Wallingåker
1708722.jpeg,1976,SALTEN
1706473.jpeg,MISSING,MISSING
1706887.jpeg,2021,grazed heathland
1707564.jpeg,1870,Dania
1744549.jpeg,MISSING,MISSING
1707442.jpeg,5/7/1898,Rosenberg
1744475.jpeg,1902,Schiodte
1708841.jpeg,19.1.1990,Dania coll.
1707828.jpeg,1787/23,Lvd.
1707826.jpeg,1893,Dassco
1743019.jpeg,27.IV.2022,"DENMARK-NEZ Helsinger, Grense Vestkøle, 56.0375N, 12.5598E"
1728448.jpeg,1874,Bj
1706111.jpeg,1870,Jorvik
1709904.jpeg,MISSING,MISSING
1707832.jpeg,1830,Gustafsskog
1707944.jpeg,1870,Schjodte
1743917.jpeg,1963,Nordbahnhuse
1709806.jpeg,1945,Dyrehaven
1707645.jpeg,1900,Schiodte
1728582.jpeg,10.6.1979,Dania coll.
1705681.jpeg,1976/870,Cpll. Schiodte
1705622.jpeg,14-6-1951,Kulhuse
1706823.jpeg,1902,"Klattrup, ved f. Vejle"
1728460.jpeg,MISSING,MISSING
1743573.jpeg,1900,Lunde
1706141.jpeg,MISSING,MISSING
1707287.jpeg,1915,HOBEG
1706863.jpeg,19-8-1962,Kongelunden
1708911.jpeg,1918,HAEG
1709416.jpeg,MISSING,MISSING
1708674.jpeg,15/10-18,Rude Heggn
1744622.jpeg,1744622,Statens Naturhistoriske Museum
1709041.jpeg,24.vii.9/9.7,MISSING
1709770.jpeg,1879,Dania
1708996.jpeg,MISSING,MISSING
1707930.jpeg,18.5.1938,Johs. Andersen
1743952.jpeg,8-9-1970,Dania
1707893.jpeg,24-III-1975,Tykskow krat
1706331.jpeg,MISSING,Schiedte
1709411.jpeg,MISSING,MISSING
1707242.jpeg,1890,Dassco
1743792.jpeg,1935,Svendborg Amt
1743848.jpeg,16/9/1940,Takoua
1707502.jpeg,1993,DANIA
1706041.jpeg,205194,A. West
1705510.jpeg,MISSING,Holland
1709084.jpeg,1980,Dyrehaven
1743018.jpeg,19 V.2022,DENMARK
1709820.jpeg,187.921,Dassco
1708449.jpeg,1868,Hamb
1743727.jpeg,2-6-18,Dania coll.
1709046.jpeg,MISSING,MISSING
1710333.jpeg,23-6-1961,Dania coll.
1708677.jpeg,15-7-1942,Ste. Victoire
1705584.jpeg,1978,Kongstrup
1709400.jpeg,MISSING,MISSING
1706280.jpeg,26-10-1974,Dania
1705663.jpeg,MISSING,MISSING
1743715.jpeg,27/5/1901,HAVEN
1707044.jpeg,1924,Kopenhagen
1705842.jpeg,1785842,Lolland
1709854.jpeg,1889,Dania
1742781.jpeg,MISSING,MISSING
1744635.jpeg,1938,Kronenhavns Universitet
1707574.jpeg,12.6.1944,Dania coll.
1706124.jpeg,MISSING,MISSING
1709149.jpeg,191975,Cell.
1707997.jpeg,MISSING,MISSING
1706883.jpeg,1997,"Almindingen, Svinemose."
1708945.jpeg,1794-1870,Schjödte
1709240.jpeg,1904-1270,Dortmund
1743990.jpeg,26-7-1987,Dania coll.
1708349.jpeg,6/6-1942,Barnholaa
1728533.jpeg,28-5-61,Eremilagen.
1709137.jpeg,239.1978,RISØ ROSKILDE
1706838.jpeg,19-9-1953,"Dania, Coll."
1709234.jpeg,5.10.21,Dania
1709547.jpeg,MISSING,MISSING
1705906.jpeg,1923,Ravneholm
1708395.jpeg,1910-10-25,"DANIN. Coll., O.G.K. Kristensen"
1728576.jpeg,MISSING,MISSING
1706136.jpeg,1876,Dassco
1709939.jpeg,1577-1890,København
1708009.jpeg,1888,Copenhagen
1707221.jpeg,1876,"Dania, Calli"
1742739.jpeg,MISSING,MISSING
1705523.jpeg,1785523,Røtled
1706888.jpeg,2021,Hjelm Hede
1707704.jpeg,1905,H. elevinor
1706302.jpeg,18.8.1980,Roland Skovgaard
1708382.jpeg,19-9-49,Grib Skov.
1707246.jpeg,MISSING,MISSING
1705893.jpeg,1941,Tanga v Ribe
1705637.jpeg,24-7-1972,Ex coll. Viggo Mahler
1744445.jpeg,1925,Heeg
1707083.jpeg,29-5-1951,Dyrehaven
1709122.jpeg,19-9-1853,"Dansk Coll., F. Bangsholt"
1707952.jpeg,1870,Schlædte
1705512.jpeg,MISSING,Lolland
1709477.jpeg,MISSING,MISSING
1707236.jpeg,1787235,Dassco
1706891.jpeg,2021,Hjelm Hede
1707995.jpeg,MISSING,MISSING
1709455.jpeg,9.11.1936,"Statens Naturhistoriske Museum, Københavns Universitet"
1706181.jpeg,1785/18,Odense
1744627.jpeg,23/1/1936,Svendborgrg Amt
1705534.jpeg,1794,Vendsyssel
1706052.jpeg,1974,HONG
1743731.jpeg,MISSING,MISSING
1705595.jpeg,1897,Aphodius errabius
1709882.jpeg,1904,Schiedte
1708442.jpeg,13-4-1963,Nødelgåsve
1706993.jpeg,1876,Lolland
1707525.jpeg,1937,Worps-Weser
1708969.jpeg,MISSING,MISSING
1708717.jpeg,24-III-1975,Tjyskvor krad
1706318.jpeg,MISSING,MISSING
1707700.jpeg,1902,KONGENHAVNS UNIVERITET
1706230.jpeg,1966,"Hestehaven, Hillerød."
1709777.jpeg,1875,Denget Dania
1709242.jpeg,1870,Schiedte
1705560.jpeg,1922,Copenhagen
1706128.jpeg,MISSING,MISSING
1743540.jpeg,1902,Schiidte
1743944.jpeg,1972,Dyrehave Sj.
1706488.jpeg,MISSING,MISSING
1705773.jpeg,1946,Tasmanien
1707921.jpeg,1938,Hoeq
1708675.jpeg,1893,Geels Skov
1706167.jpeg,1908,Holland
1743020.jpeg,1945,Salmloim
1728562.jpeg,MISSING,MISSING
1705588.jpeg,25-17-99,Rosenberg
1707495.jpeg,5.6.78,Dania
1709237.jpeg,8.8.21,Dania
1709967.jpeg,1929-30,Dassco
1708916.jpeg,10.14.1889,Cell.
1706187.jpeg,1895,Tiiis Sø
1706864.jpeg,19-8-1962,KONGELUNDEN
1705837.jpeg,1890,de Tongnaigal
1743532.jpeg,5.9.1887,Dassco
1742825.jpeg,1892,Horens
1709280.jpeg,MISSING,MISSING
1709834.jpeg,1923,Hoege
1728513.jpeg,1/6/1920,Gudhjem
1705543.jpeg,1939,Svendbprg Amt
1710387.jpeg,5.VI.2011,Dassco
1705678.jpeg,2016/1870,Køge
1708825.jpeg,1980,Copenhagen
1709047.jpeg,MISSING,MISSING
1707527.jpeg,1958,Hobjung
1706425.jpeg,1904,dav
1743045.jpeg,19.9.1897,A. West.
1709564.jpeg,1900,H. prodomus
1708703.jpeg,1870,Kronenhuus
1707640.jpeg,1902,SCHIADETE
1728487.jpeg,1907,Jesenørn
1743850.jpeg,10-5-63,Dassco
1728578.jpeg,1904,Hans Genget
1705580.jpeg,28-5-1969,"Kongelundrup,KI"
1707933.jpeg,12.10.81,Dania
1707556.jpeg,26-8-1985,Lindholm
1709377.jpeg,12-10-1952,Dyrehaven
1708906.jpeg,1915,Hartens
1710348.jpeg,19-7-1959,S.Sjælland Mogensstrup
1744638.jpeg,1966,Boserup Strand
1706991.jpeg,1788991,Lolland
1707169.jpeg,MISSING,MISSING
1707164.jpeg,MISSING,MISSING
1709329.jpeg,23-10-57,Eremiagen.
1728567.jpeg,MISSING,MISSING
1706027.jpeg,19 V.2022,"Bakke, 55.0922N, 10.5515E"
1743705.jpeg,1960,Dassco
1707398.jpeg,1928,Wüsfnei.
1744472.jpeg,1744472,Oggersgaard.
1708918.jpeg,15.9.1939,"Johs., Andersen"
1709326.jpeg,13-4-49,Dyrehaven
1706754.jpeg,29/8 1927,"St. K. ""Larsson"""
1707848.jpeg,1993,DK
1708337.jpeg,1928,"Langebli, Rejdefj."
1709977.jpeg,17.9-21.,"Stubbegaard, Sevel!"
1708733.jpeg,24.9.1889,Coll. Johs. Andersen
1706971.jpeg,MISSING,MISSING
1742980.jpeg,MISSING,MISSING
1744653.jpeg,10-6-1921,Schalztz
1709938.jpeg,24/8/1896,Dassco
1706447.jpeg,1871,Dassco
1708882.jpeg,26-10-1932,Dania
1744479.jpeg,1895,Gyng. gaavd.
1706161.jpeg,1786,Holland
1707724.jpeg,24.5-1974,"Dania, Coll."
1708028.jpeg,22-5-1906,Kjellshkov
1705581.jpeg,1950,Kongens Kungsgaard
1743535.jpeg,26.7.1910,Sørgården
1708808.jpeg,1864,Tebelshof
1728470.jpeg,5/1890,Dalsø
1706158.jpeg,1786,Lolland
1708842.jpeg,9.4.1977,Dania coll.
1706024.jpeg,19 V/2022,"Bakke, 55.9922N, 10.5513E"
1707358.jpeg,MISSING,MISSING
1709851.jpeg,1786,Dania
1708893.jpeg,9-10-1972,MARSELLISBORG
1708736.jpeg,1993,Dania
1707781.jpeg,1862,Kopenhagen
1742753.jpeg,MISSING,Schiedte
1707835.jpeg,1787235,Dassco
1728520.jpeg,1924,Svendborg Amt
1709403.jpeg,MISSING,MISSING
1742997.jpeg,1906,Ganget Dania
1743038.jpeg,2009,Odense
1708404.jpeg,28.5.18,"Dania, Coll."
1710361.jpeg,1964,Gentet-Snja
1706424.jpeg,1871,Schiede
1707508.jpeg,1787-03-05,Dania
1707089.jpeg,6.3.1975,DANIA COLL.
1708406.jpeg,08.5/18,Dania
1705850.jpeg,1896,Åbæk
1743517.jpeg,MISSING,MISSING
1708364.jpeg,25-8-1944,Coll. Schaltz
1705818.jpeg,MISSING,MISSING
1706264.jpeg,MISSING,MISSING
1708847.jpeg,18-IV-1975,Tjykshov kral
1709544.jpeg,1879,Lolland
1709523.jpeg,1788,Kopenhagen
1742803.jpeg,1908,Cajll.
1706904.jpeg,1907,HOGEG
1709886.jpeg,1904,Schjødtte
1708943.jpeg,1794-0820,SCHIEDTE
1708837.jpeg,12.Y.1982.,Ugelboulu
1705973.jpeg,1875,Copenhagen
1708457.jpeg,2017-05-08,Dassco
1707017.jpeg,1905,Dyrbu
1707487.jpeg,1924,Cell.
1709133.jpeg,8-9-1970,Dania
1709543.jpeg,MISSING,Lolland
1707370.jpeg,1870,Hinberb
1743876.jpeg,6-9-49,Sønderstov Havelte
1743915.jpeg,1955,Bommerlund Plantage
1709774.jpeg,1870,Dania
1705921.jpeg,28.5.1997,Veddringe bakker
1708904.jpeg,1914,Høeg
1707081.jpeg,29-5-1951,Dyrehaven
1708869.jpeg,26.10.1874,Dania
1708372.jpeg,26-3-1855,Bolivani
1708856.jpeg,1890,Silkeborg
1709071.jpeg,23.8.1943,Hadsund
1705596.jpeg,MISSING,MISSING
1707054.jpeg,17-9-49,Grib Skov.
1706520.jpeg,1796520,"Statens Naturhistoriske Museum, Københavns Universitet"
1709147.jpeg,26.8.1897,Hadsbøvoll
1706381.jpeg,1902,Dassco
1706013.jpeg,11.v.1998,P.Jørum leg.
1705838.jpeg,178538,Brommy
1706319.jpeg,1786319,Nordhavn
1707038.jpeg,1940,Dagrefshaven
1709022.jpeg,MISSING,MISSING
1708029.jpeg,1902,Klitshoven
1743017.jpeg,19 V 2022,"Bakke, 55° 10.3575'E."
1706068.jpeg,17.6-22,Dania
1707432.jpeg,17/6/1923,Ravneholm Ggr.
1706369.jpeg,MISSING,MISSING
1743976.jpeg,1907,MISSING
1710380.jpeg,1781,Dania Coll.
1708716.jpeg,19. IX. 1992,"Skei, NEU"
1708340.jpeg,1927,Gurri
1707019.jpeg,MISSING,MISSING
1706017.jpeg,1947,Bomholm
1743012.jpeg,19.5.2022,"general collecting dung, grassland"
1706341.jpeg,1993,Zuidelijk Zuid-Afrika
1742983.jpeg,1944,Frederiksdal
1706860.jpeg,1907,Vestfyn
1708971.jpeg,MISSING,MISSING
1709839.jpeg,3 6 1899,Johs. Andersen.
1706072.jpeg,30.5.1983,Coll. Johs. Andersen
1707976.jpeg,1870,Sankt Hans
1709405.jpeg,MISSING,MISSING
1742809.jpeg,MISSING,MISSING
1707880.jpeg,1890,Dassco
1728496.jpeg,17-5-91,Granatii
1706129.jpeg,1786129,"Statens Naturhistoriske Museum, København"
1707872.jpeg,1841,Dania
1705717.jpeg,MISSING,MISSING
1743054.jpeg,15.10.81,Dania
1743846.jpeg,1876,Coll. Nybjerg Lassen
1705632.jpeg,21.7.1974,Dania coll.
1742797.jpeg,1874,Wüsteni.
1743857.jpeg,10-5-63,FAXE
1705661.jpeg,15.7.97,Dania
1706392.jpeg,1.7.2000,Dania coll.
1707383.jpeg,MISSING,MISSING
1744465.jpeg,1868,Dania
1707385.jpeg,MISSING,MISSING
1706909.jpeg,1945,HØEG
1708468.jpeg,1894,Dassco
1709878.jpeg,12/7/1876,Heggendam
1707736.jpeg,1966,Dassco
1707632.jpeg,1878,Dassco
1707685.jpeg,MISSING,MISSING
1744552.jpeg,MISSING,MISSING
1744613.jpeg,16.6.1888,Staerkøge
1743728.jpeg,26-7-1969,Klitplantagen
1707377.jpeg,MISSING,MISSING
1705553.jpeg,10-7-37,HANNO
1708839.jpeg,30.7.1975,Dania coll.
1709872.jpeg,1970,SCHIEDTE
1706138.jpeg,MISSING,MISSING
1728464.jpeg,1728464,WESTERN.
1706121.jpeg,1876,Drewno
1706007.jpeg,1758,Dania
1706799.jpeg,1942,Dyrehaven
1708850.jpeg,27-III-1976,Ejstrupholm
1743791.jpeg,18/6/1927,Svendborgprg Amt
1707078.jpeg,29-5-1951,Dyrehaven
1708770.jpeg,MISSING,MISSING
1705564.jpeg,1924,Sandvigskr.
1705991.jpeg,28.7.1992,Dania coll.
1707239.jpeg,MISSING,MISSING
1705655.jpeg,15.7.37,"Dania, Coll."
1707669.jpeg,1904,Kongens Lyngby
1709969.jpeg,25-6-7/1943,Worm-Hansen
1709995.jpeg,1871,Bonn
1707356.jpeg,1870,Rosenhavn
1708954.jpeg,9/7/1870,Brykland
1744633.jpeg,1936,Rudkøbing Svendborg Amt
1743526.jpeg,MISSING,MISSING
1707427.jpeg,1878,Svejbak
1709586.jpeg,MISSING,MISSING
1705984.jpeg,8-7-1961,Dania coll.
1709554.jpeg,MISSING,MISSING
1706781.jpeg,18-6-49,Heslehaven Hillerød
1706226.jpeg,1966,Hillerød.
1743965.jpeg,26.8.87,Harbouro
1706852.jpeg,1874,Aalestrup
1708914.jpeg,10.10.1834,"Statens Naturhistoriske Museum, Københavns Universitet"
1708413.jpeg,7-9-1958,"Dania, Coll."
1705714.jpeg,MISSING,MISSING
1707990.jpeg,MISSING,MISSING
1709417.jpeg,27.IV.2022,"DENMARK, NEZ: Helsingor, Grønne Vestskilte, 56.0375N,"
1707357.jpeg,MISSING,MISSING
1706143.jpeg,MISSING,MISSING
1707679.jpeg,1870,Drewno
1709438.jpeg,11-10.1914,Røde Stigen
1708779.jpeg,MISSING,MISSING
1709758.jpeg,1897,"Statens Naturhistoriske Museum, Copenhagen"
1709792.jpeg,26.3.1978.,Dania coll.
1707335.jpeg,1900,Schjøtte
1708353.jpeg,29/4/1947,Vibes
1706223.jpeg,4-8-43,Veddinge.
1744464.jpeg,1777,Dania
1705577.jpeg,1-6-50,"Hestehaven, Hillerød."
1743740.jpeg,1895,Austria
1706048.jpeg,20.9.34,Rogues
1705931.jpeg,11-5-49,Dania
1744453.jpeg,1903,Dassco
1706290.jpeg,1.1X.2001,KOPENHAGEN UNIVERSITY
1705480.jpeg,MISSING,MISSING
1709450.jpeg,1917,Haug
1706463.jpeg,1927,Aarhus
1706894.jpeg,3. VIII. 1991,NEJ.J.Hentenmark Stow
1706413.jpeg,1786413,Statens Naturhistoriske Museum
1708724.jpeg,20.10.18,Kronenhayms Universitet
1742817.jpeg,28/5/1908,Aphodiur
1705662.jpeg,15.7.97,Dania
1705659.jpeg,1877,Dania
1707891.jpeg,13. xi. 2011.,"DANMARK, NEZ: UC 11 Melby Overdrev"
1743980.jpeg,16-3-1964,Ryget
1709809.jpeg,15-10-1974,Ostbirk
1707970.jpeg,178978,Schiidte
1709003.jpeg,MISSING,MISSING
1709902.jpeg,MISSING,MISSING
1706160.jpeg,1786,Holland
1707626.jpeg,1904,Tibidabo
1706968.jpeg,MISSING,MISSING
1709056.jpeg,23.8.03,Jenss-kaarup
1709008.jpeg,1799088,Holland
1706430.jpeg,197/6/87,hirciculai
1708378.jpeg,1966,HÅVELLE.
1709945.jpeg,1967,Esbjerg
1707309.jpeg,4.5.1938,Coll. Johs. Andersen
1705913.jpeg,1805,Dyrehaven
1706890.jpeg,2021,grazed grassland
1705948.jpeg,14-7-1973,"Coll., Dania"
1708778.jpeg,MISSING,MISSING
1708817.jpeg,MISSING,MISSING
1707899.jpeg,12.V.2011,Sukkertoppen
1709785.jpeg,1914-15,Halsbænke
1707481.jpeg,18-6-1940,Dyrehaven
1709801.jpeg,1948,Poland
1705761.jpeg,1907,Shaden
1743029.jpeg,1979,DK
1706952.jpeg,1786952,CglL Schjodte
1705748.jpeg,1956,Vstk Sømark
1728554.jpeg,3.7.1999,KLOBEN ENDELAVE
1728564.jpeg,MISSING,MISSING
1706326.jpeg,1902,Søbye
1709424.jpeg,MISSING,MISSING
1743931.jpeg,26-8-28,"Dania, Cell."
1706058.jpeg,19-6-19,Høeg
1705854.jpeg,14/7-1962,Silkeborg
1706499.jpeg,MISSING,MISSING
1709290.jpeg,MISSING,MISSING
1709942.jpeg,24/8/1901,Dassco
1707598.jpeg,21.6.32,Cell.
1706385.jpeg,MISSING,MISSING
1709510.jpeg,MISSING,MISSING
1706245.jpeg,9-6-1991,Dania
1706869.jpeg,2017-6-30,"DANIA: Coll., Karsten Schnack"
1707295.jpeg,1920,HAEG
1709756.jpeg,MISSING,MISSING
1706165.jpeg,1878,Holland
1705920.jpeg,1839,Veddinge Bakker
1709515.jpeg,MISSING,MISSING
1710401.jpeg,1915,Kyllingtekov
1709968.jpeg,25.6-7.7 1943,Worm-Hansenen
1708805.jpeg,13-10-46,s.f. Rørbek Sø.
1709773.jpeg,1934,Dania
1709499.jpeg,1902,Schiede
1709993.jpeg,1987,Dassco
1707199.jpeg,MISSING,JENSEN-NARUP
1707215.jpeg,30-8-62,Dyrehaven
1707661.jpeg,MISSING,MISSING
1706243.jpeg,9-6-1971,Dania
1744576.jpeg,1904,KORENHAYMS
1744442.jpeg,6.6.37,Nedd. Dyk.
1707887.jpeg,30.3.1975,Dania coll.
1705517.jpeg,21/5/93,Hæsede
1708692.jpeg,2/10/1974,"Dania, Sjælland Røsnæs, Kongstrup"
1705770.jpeg,31-7-1927,Rosenberg
1705443.jpeg,1836/7,Slygghaven
1709407.jpeg,27.IV.2022,"DENMARK: NEZ: Helsingor, Grønne Vestkøle"
1706298.jpeg,19.5.2022,grassland
1728465.jpeg,1785,Larsen
1706314.jpeg,6/1809,SCHJODTE
1709306.jpeg,1896,Sphacelatus
1709221.jpeg,28.9.1903,HAEG
1728483.jpeg,1728483,Lolland
1707292.jpeg,19.5.1931,Søndrup
1705747.jpeg,8-7-60,Vstfr. Sömærk.
1706231.jpeg,1966,Hestehavep Millersod
1707343.jpeg,MISSING,MISSING
1709150.jpeg,1919,Dassco
1709893.jpeg,MISSING,MISSING
1708859.jpeg,30.9.72,Dania
1706315.jpeg,1870,Suecica
1705971.jpeg,MISSING,STATENS NATURHISTORISKE MUSEUM KOPENHAVNS UNIVERSITET
1707028.jpeg,1934,Svendborg Amt
1709483.jpeg,1709483,Schiedte
1709246.jpeg,1870,Syrupus
1743551.jpeg,9/7/1870,Næstved
1707895.jpeg,18-IV-1975,Tykskov krat
1709888.jpeg,1874,Kopenhagen
1706759.jpeg,1720,rufipes.
1708983.jpeg,1904,Dawso.
1707336.jpeg,1902,SCHIDTTE
1709410.jpeg,27.IV.2022,"Helsingør, Grønne Vestkøle, 56°03'35N, 12.5598E"
1708427.jpeg,1963,Kongens Lyngby
1708767.jpeg,1900,MISSING
1743817.jpeg,1929,S.V.B.L.
1708921.jpeg,10.10.1891,Søløv
1707040.jpeg,1920-5-18,Dyrehaven
1743761.jpeg,1930,Dassco
1705445.jpeg,1876,Schiedte
1708833.jpeg,MISSING,MISSING
1743971.jpeg,1979,Dassco
1707079.jpeg,24.5-1961,Dyrehaven
1705687.jpeg,1795,Schiedte
1708479.jpeg,1907,MISSING
1744567.jpeg,1904,Lav
1706782.jpeg,31-8-49,Folehave
1743960.jpeg,2.5.1934,STRILAND
1709552.jpeg,MISSING,MISSING
1708766.jpeg,1904,KOPENHAGEN
1709238.jpeg,1864-1870,Lundhin
1710354.jpeg,1874,Dania
1743880.jpeg,1936,"JALI, JUTT"
1707919.jpeg,1838,Hoeeg
1707240.jpeg,1879,Dassco
1743563.jpeg,1904,Schiedte
1706935.jpeg,1975-1870,DassCo
1743877.jpeg,25.5.1947,Veddinge Bakker
1709830.jpeg,1973,Haug
1709917.jpeg,17809517,NHMD
1728555.jpeg,1983,Rønninge Klit
1705499.jpeg,1785,Dreves
1743935.jpeg,6-6-29,Dania
1708014.jpeg,4.96,stilbetei
1744449.jpeg,1919,Aarsen
1742764.jpeg,MISSING,MISSING
1708988.jpeg,MISSING,Dassco.
1709393.jpeg,12.5598E,"Helsingor, Grønne Vestkile, 56.0375N"
1705679.jpeg,1870,Rupite
1705430.jpeg,22.5.1980,MISSING
1709317.jpeg,1909,Dyrehaven
1706917.jpeg,1898,Copenhagen
1709910.jpeg,MISSING,MISSING
1705452.jpeg,1870,Dygesvej
1706170.jpeg,1/8/1901,Sundagav Holland
1706106.jpeg,9/7/1810,Bornholm
1709493.jpeg,1789493,Schidte
1707810.jpeg,MISSING,MISSING
1706241.jpeg,5-6-1965,Dania
1728580.jpeg,28.VI.1987,grandkar
1706470.jpeg,MISSING,MISSING
1705951.jpeg,28.4.1972,Dania
1708786.jpeg,1902,S. pietin
1707773.jpeg,1870,Bryt
1707751.jpeg,8.VI.2003,TOFFE
1708018.jpeg,1858,Gealenve
1706456.jpeg,17/6/1871,Coll. Schiedte
1709113.jpeg,27.9.58,Eremilagen.
1706179.jpeg,1786/179,Tommerup
1708887.jpeg,13.10.1991,Dania coll.
1709439.jpeg,26.9.1997,A. West
1706506.jpeg,1977,Braunegelund
1707455.jpeg,1966,Tilg.1.11.
1743790.jpeg,24/5/1929,Svendborg Amt
1706383.jpeg,1800,Dassco
1707415.jpeg,1879,Ry
1743002.jpeg,7.6.1990,Søse
1707894.jpeg,24-III-1975,Tjyskvor krat
1708822.jpeg,1788822,STATENS NATURHISTORISKE MUSEUM
1709115.jpeg,14-9-58,Dyrenhaven
1744530.jpeg,1870,Tigeri
1709571.jpeg,1789571,Denmark
1707391.jpeg,MISSING,de Tengnagel
1708428.jpeg,1965,Kongstrup
1707401.jpeg,1870,Kopenhagen
1744658.jpeg,24-8-1956,Slinge
1707581.jpeg,31.V.1986,Hestemark
1705686.jpeg,1904,Schiodte
1744435.jpeg,6.6.1944,Dassco
1707374.jpeg,MISSING,MISSING
1706477.jpeg,MISSING,MISSING
1707659.jpeg,MISSING,MISSING
1709472.jpeg,1789472,Schiedte
1705813.jpeg,MISSING,MISSING
1705911.jpeg,20-9-1999,Dyrehaven
1705794.jpeg,1833,Johs. Andersen
1708027.jpeg,1788027,Nordhavn
1743906.jpeg,1948,Sønderjylland
1706144.jpeg,MISSING,MISSING
1742737.jpeg,1890,Copen
1728500.jpeg,1904,H
1742829.jpeg,1897,Dassco
1708928.jpeg,22.8.69,Dania
1728532.jpeg,1966,Eremilagen
1743741.jpeg,1993,Dyrehaven
1706073.jpeg,1907,Johs. Andersen
1709401.jpeg,27 IV 2022,DENMARK
1707042.jpeg,1919-06-08,Dyrehaven
1710405.jpeg,1927,DANIA
1706828.jpeg,1964,Nordjylland
1709490.jpeg,1904,Dyrrhachium
1707362.jpeg,1904,Lav
1744443.jpeg,1922,DK
1744595.jpeg,MISSING,MISSING
1706976.jpeg,1869,Copenhagen
1709337.jpeg,19-9-1953,"Dania, Coll."
1709578.jpeg,1947,A. brodronus
1705690.jpeg,MISSING,MISSING
1709496.jpeg,1798,Dassco
1744604.jpeg,MISSING,MISSING
1743953.jpeg,6-9/1990,Dania
1707397.jpeg,1904,Wüstnei
1708924.jpeg,20 S.193,Dania
1708019.jpeg,1788819,"Statens Naturhistoriske Museum, København"
1707227.jpeg,1977,Dania
1742760.jpeg,1904,MISSING
1709802.jpeg,1948,Sall
1708959.jpeg,1794-1870,Borrisolus
1708760.jpeg,1873,Hansen
1706196.jpeg,27/6/1931,Dassco
1705531.jpeg,MISSING,Danmark
1708031.jpeg,1888,Gauboune
1743937.jpeg,1940,Sjælland
1706415.jpeg,1896,Kobenhavn
1705680.jpeg,1876/10,Rønne.
1707269.jpeg,17-VIII-1976,Krenkerup
1709870.jpeg,1789,Dagomys
1708809.jpeg,1870,Bogt
1709776.jpeg,1904,Dania
1709832.jpeg,28.7.1923,Heg
1743996.jpeg,1954,Denget Dania
1744647.jpeg,1956,"Dania, Coll."
1743777.jpeg,19-9-36,Kloster
1706163.jpeg,1901,holland
1744554.jpeg,MISSING,MISSING
1709884.jpeg,1970,Schiedte
1707218.jpeg,36-8-62,Dyrehaven
1706438.jpeg,1786,pompeii
1708755.jpeg,1804,Schjødtte
1728462.jpeg,MISSING,MISSING
1728571.jpeg,1908,Celle
1708024.jpeg,10 Oct. 1897,Felsbækup
1708034.jpeg,1967,Frederiksværk
1706487.jpeg,1876,Kopenhagen
1710347.jpeg,1718347,Dania coll.
1743783.jpeg,13-8-36,Kindsholm
1705912.jpeg,1875,Schaltz
1742792.jpeg,1742792,Holland
1709204.jpeg,18.10.1997,Dania coll.
1707695.jpeg,MISSING,Teugnagel
1707516.jpeg,1937,Worm-Ausen
1707252.jpeg,1787252,Kopenhagen
1709786.jpeg,14.IV.1992,H.LI.JENSEN
1744545.jpeg,1902,Nordenskold
1706123.jpeg,1870,Dassco
1706969.jpeg,1786/1854,KOPENHAVNS UNIVERSITET
1708930.jpeg,1892,Dania
1705628.jpeg,1997,BUHL
1709808.jpeg,19. IX. 1992,Høstemark
1743030.jpeg,11.5.1982,Dania coll.
1728476.jpeg,MISSING,MISSING
1707436.jpeg,19,Hammeren
1706139.jpeg,MISSING,MISSING
1707006.jpeg,1/6-1849,Dann Moller
1709428.jpeg,MISSING,MISSING
1707561.jpeg,26-6-1955,LINDHOLM
1744614.jpeg,1890,Estbjerg
1707831.jpeg,1787837,Nord
1705945.jpeg,5-61965,"Dania, Coll."
1706194.jpeg,1939,Svenstrup Amt
1707775.jpeg,1902,BOGE
1706841.jpeg,1900,DANIS COLL.
1708422.jpeg,17-5-1964,"DANIA, COLI"
1709333.jpeg,23-10-57,Eremilagen
1707813.jpeg,1906,JUTLAND
1707008.jpeg,2/5/1910,Witker Mielow
1743798.jpeg,31-5-1942,Osserupa
1705858.jpeg,MISSING,MISSING
1708799.jpeg,1927/1930,Hamborg
1707268.jpeg,17-VIII-1976,Krenkerup
1709128.jpeg,25-4/1960,"DANIA, COLL."
1744691.jpeg,1904,Dania
1708844.jpeg,14.10.1979,Lindum skov
1705535.jpeg,27/7/1920,Jens Møller
1706260.jpeg,1897,Hørsholm
1706945.jpeg,2016/5/30,Dyrrhachium
1706091.jpeg,1874,Schibdte
1709370.jpeg,12-10-1952,Dyrehaven
1744623.jpeg,22/5/1900,Hjkkedakov
1744626.jpeg,1907,plagiatus
1710351.jpeg,1904,Dania
1708001.jpeg,1788,Teugnagel
1706444.jpeg,1942,Lyngvæsø
1707168.jpeg,MISSING,MISSING
1708788.jpeg,1973,Røssk Møring
1743591.jpeg,1817,Siceland
1707388.jpeg,MISSING,MISSING
1706108.jpeg,176/1870,Coll. Schiade
1707672.jpeg,MISSING,MISSING
1708933.jpeg,1788933,"Statens Naturhistoriske Museum, Københavns Universitet"
1708987.jpeg,Dassco,Dassco
1744661.jpeg,16-5-1981,Jylland Skålenen
1709192.jpeg,29-8-1952,DANIA COLL.
1705892.jpeg,1944,Meen
1706313.jpeg,1870,Jutland
1709101.jpeg,1945,S.V.
1707562.jpeg,26-6-1955,Hans Genget
1728572.jpeg,MISSING,MISSING
1707694.jpeg,1904,De Tendhuizen
1705784.jpeg,15.7.1908,DassCo
1709505.jpeg,1870,Waddernorg
1706252.jpeg,1976,DENMARK
1709034.jpeg,1905,Havne
1708376.jpeg,27.4-49,Frederikslund
1707265.jpeg,23.7.1998,Dania coll.
1743711.jpeg,1891,Saltso Skov
1743559.jpeg,1890,Schiede
1709060.jpeg,1954,Tangorv. Ribe
1709921.jpeg,1789921,STATENS NATURHISTORISKE MUSEUM KOPENHAVNS UNIVERSITET
1705561.jpeg,1922,Dyrehaven
1707447.jpeg,13/6/1938,Svendborg Amt
1728471.jpeg,MISSING,MISSING
1705982.jpeg,G-1915,Vorbarre
1743013.jpeg,19.5.2022,"general collecting dung, grassland"
1709502.jpeg,MISSING,Schjödte
1705698.jpeg,MISSING,MISSING
1744436.jpeg,8.5.25,Saltholm
1709384.jpeg,19.10.1992,Skov NEJ
1705994.jpeg,63-7-44,DANMARK
1706362.jpeg,MISSING,MISSING
1742761.jpeg,1904,SCHJODTE
1706316.jpeg,MISSING,MISSING
1744562.jpeg,MISSING,MISSING
1709791.jpeg,26-3-1978,DANIA COLL.
1705515.jpeg,MISSING,MISSING
1709394.jpeg,27.IV.2022,"Helsinge, Grønne Vestlige, 56.0375N, 12.5598E"
1709229.jpeg,18.10.21,Dania
1707178.jpeg,MISSING,MISSING
1709097.jpeg,22.8.92,Dania
1705814.jpeg,MISSING,MISSING
1706101.jpeg,1706181,"Statens Naturhistoriske Museum, Københavns Universitetet"
1709164.jpeg,1789164,Kobenhavns Universitet
1743905.jpeg,1948,Worm-hansen
1709139.jpeg,29-VII-1983,Dania
1708958.jpeg,1870,Kopenhagen
1743044.jpeg,22.9.1932,Dassco
1706268.jpeg,1870,Rosenhavn
1705574.jpeg,21-5-49,Eremilagen
1707927.jpeg,18.5.1903,Coll. Johs. Andersen
1705992.jpeg,3.8.1973,Dania coll.
1743522.jpeg,1892,Dassco
1744700.jpeg,12-07-1937,Saltholm
1743025.jpeg,10-65,Dania
1709488.jpeg,1789488,"Statens Naturhistoriske Museum, Københavns Universitet"
1705864.jpeg,1908,Nepal
1728602.jpeg,1938,KOBENHAVNS UNIVERSITET
1707052.jpeg,21-5-49,Eremitagen
1706323.jpeg,1874,Rønne
1709274.jpeg,MISSING,MISSING
1707161.jpeg,1876,"ZENKERI, GERMANY"
1710382.jpeg,16-7-1972,EJSTRUPHOLM
1728501.jpeg,MISSING,MISSING
1705979.jpeg,19.6.96,Onsild
1707319.jpeg,92.5.22,Dania
1709052.jpeg,23.8.03,København
1709895.jpeg,MISSING,MISSING
1709353.jpeg,MISSING,MISSING
1707424.jpeg,31.5.1888,Jutzen-Kaarup
1705976.jpeg,1785,Nordland
1705459.jpeg,1785,MISSING
1707482.jpeg,1849,Dyrehaven
1742981.jpeg,MISSING,MISSING
1743837.jpeg,13-8-26,H. Lemche
1705962.jpeg,1976,"Dania, Vestjyll, Tipperne"
1743933.jpeg,29-4-28,Dania
1705501.jpeg,MISSING,France
1708889.jpeg,13.10.1991,Dania coll.
1710377.jpeg,1781,"Kongenshave, Regnum"
1708725.jpeg,20.10.19,HEG
1709136.jpeg,24.10.1996,"Røld Skov, Skorping"
1706011.jpeg,4/1/1988,DK.NEJ.NW38
1708838.jpeg,29.3.1975,Dania coll.
1743793.jpeg,21/4/1934,Svendborg Amt
1707955.jpeg,1970,Dyrehaven
1708441.jpeg,1963,Malteses
1707684.jpeg,1871,Dhewa
1706270.jpeg,1904,Copenhagen
1706287.jpeg,13-5-1972,SKALLINGEN
1707418.jpeg,22/6/1905,Dassco
1742816.jpeg,1904,JENSEN-HAARUP
1705525.jpeg,2/7/1898,Kulhuse
1705859.jpeg,MISSING,JENSEN-HALVRUP
1707649.jpeg,1894,Schiedte
1707728.jpeg,1787,Pang
1707663.jpeg,MISSING,MISSING
1705908.jpeg,8-6-1914,Vandrup
1709040.jpeg,1972,Kopenhagen
1709905.jpeg,MISSING,MISSING
1709295.jpeg,MISSING,MISSING
1705783.jpeg,5.6.1909,Dassco
1743759.jpeg,1930,Larssen
1707622.jpeg,1787,Tids vjelse
1705582.jpeg,1963,Kongens Trupe
1709312.jpeg,1853,Sagden
1709300.jpeg,1902,DK
1707548.jpeg,1908,Dassco
1706846.jpeg,1972,Lisseløe
1705878.jpeg,1953,Tåtledal
1706967.jpeg,1870,DEPRES-
1709546.jpeg,MISSING,de Teengael
1706877.jpeg,26-7-1951,Dania coll.
1742755.jpeg,MISSING,MISSING
1705617.jpeg,14-5-1951,Dania coll.
1708385.jpeg,12-9-49,griå stov
1743509.jpeg,MISSING,MISSING
1709831.jpeg,1923,Heg
1743708.jpeg,MISSING,MISSING
1705881.jpeg,6-7-37,Tuldi
1743947.jpeg,4-4-1958,Dania
1707814.jpeg,1904,Kobenhavn
1743590.jpeg,MISSING,MISSING
1707434.jpeg,1855-16,Rosenberg
1706320.jpeg,1873,Borgel
1744643.jpeg,22.5.1855,Dania
1709366.jpeg,1894,70
1708797.jpeg,1890,Hortoria
1706985.jpeg,MISSING,MISSING
1705453.jpeg,MISSING,MISSING
1743802.jpeg,1932,Stallingen
1705961.jpeg,23/1902,"Kjøge, Østjylland f., Vejle"
1705762.jpeg,24-5-1915,Coll. Schalitz
1709784.jpeg,1947,København
1707338.jpeg,MISSING,MISSING
1706775.jpeg,1917,Gandaberg
1709375.jpeg,6-4-1982,DANIA COLL.
1707690.jpeg,1797,de Tengnagel
1707969.jpeg,MISSING,MISSING
1707275.jpeg,20-III-1976,Maltrup
1744553.jpeg,1904,Larvik
1709518.jpeg,MISSING,MISSING
1743823.jpeg,1989,Bellinge skov
1708665.jpeg,9.93,Hundrup
1708762.jpeg,MISSING,MISSING
1706291.jpeg,15.V.2011,Koednshavn
1707812.jpeg,MISSING,MISSING
1709561.jpeg,1789561,Wüstnei.
1743781.jpeg,1941,CHRISTIANIA
1707987.jpeg,1870,Kobenhavn
1709553.jpeg,MISSING,MISSING
1708775.jpeg,1904,S-Peclur
1707769.jpeg,1879,Schiedte
1707389.jpeg,1780,tegnavgel
1707541.jpeg,MISSING,MISSING
1710340.jpeg,23-6-1961,Nørrejyske
1706140.jpeg,MISSING,MISSING
1708691.jpeg,1976,"Røsnæs, Kongstrup"
1706963.jpeg,1786953,Schlødtte
1709036.jpeg,1879,Kopenhagen
1707450.jpeg,18-6-49,Hestehaven.
1744679.jpeg,39y,Dassco
1706972.jpeg,MISSING,MISSING
1708769.jpeg,MISSING,MISSING
1709582.jpeg,1902,H
1707703.jpeg,1894,Lagunen
1708845.jpeg,1976,Ejstrupholm
1743003.jpeg,7.6.1990,Dania coll.
1744451.jpeg,1993,BELJESEK
1707633.jpeg,6/8/1871,Schiede
1709767.jpeg,13-9-1952,Hans Gengset
1707510.jpeg,1985,Resmes Kongstrup
1707454.jpeg,12-6-58,Jagerspris
1744697.jpeg,1920,Dania
1707422.jpeg,23/6/1905,Mølbyhed
1708466.jpeg,1892,Dassco
1709924.jpeg,1870,MISSING
1705977.jpeg,MISSING,MISSING
1707249.jpeg,MISSING,Dassco
1709143.jpeg,1880,Vejle.
1707041.jpeg,1922,Coll. Schaltz
1705683.jpeg,2018,Schiedte
1707692.jpeg,1787692,"Statens Naturhistoriske Museum, Københavns Universitet"
1744686.jpeg,1870,Kongelunden
1705498.jpeg,1870,Drejeb
1709427.jpeg,27.IV.2022,"DENMARK, NCZ: Hellebæk"
1706285.jpeg,1786285,Dania coll.
1710409.jpeg,1938,Saltholm
1709821.jpeg,1857,Kannustedet
1706784.jpeg,1922,Dania
1707841.jpeg,1787,J. P. Jørgensen
1705657.jpeg,1879,Dania
1708723.jpeg,1902,HØEG 20.10.10
1708037.jpeg,5/6 1909,GEELS SKOV
1709803.jpeg,1907,DENMARK
1706103.jpeg,1908,Vestf. Buggt
1743868.jpeg,29-7-49,Qasserboe
1707784.jpeg,16/1/862,Schiodte
1707868.jpeg,4.11.89,Dania
1705958.jpeg,1829,Sv.6.6.
1709341.jpeg,19-4-1953,Dania
1709007.jpeg,MISSING,Lolland
1743957.jpeg,1974,DENMARK
1705964.jpeg,1975,Tipperne
1706422.jpeg,17/7/61871,Hennik
1709009.jpeg,1709080,Lolland
1707299.jpeg,1957,DANIA
1709058.jpeg,23.8.03,Jensen-Kaarup
1706834.jpeg,28-5-1965,Dania
1707407.jpeg,1904,A. FURILLUS
1706095.jpeg,1786,Jypphavnen
1705474.jpeg,1870,MISSING
1708941.jpeg,1794/1570,Schiodte
1707511.jpeg,26-5-1965,Reses Sjælland
1708791.jpeg,1873,Croyde
1743844.jpeg,10-9-65,Dassco
1743751.jpeg,1908,GILL.
1706892.jpeg,2021,"DENMARK, NWJ. Hjalm Hada"
1707409.jpeg,21683,Tengnagel
1705524.jpeg,2/7/1898,Kulhusoc
1707646.jpeg,1993,DK
1743942.jpeg,1978,"Dan Madsen, Leg."
1710336.jpeg,25-6-1961,Midtjylland
1706205.jpeg,17-6-1922,Dyrehaven
1709842.jpeg,1979,Johans Andersen
1744612.jpeg,1898,Eng
1709877.jpeg,1890,Hoggaebjerg
1743900.jpeg,1879,Werm-Nansen
1707873.jpeg,1870,Dania
1706186.jpeg,196-79,Nexø
1709348.jpeg,1769348,NMD
1707946.jpeg,1964/08/26,Schiedte
1710385.jpeg,4.VII.1984,Nwag
1706117.jpeg,1900,Dense
1743494.jpeg,1870,Lar.
1742798.jpeg,MISSING,Wüstnei.
1706064.jpeg,5.6.12,Dania
1706329.jpeg,MISSING,MISSING
1708405.jpeg,28.5/18,Dania
1743589.jpeg,MISSING,MISSING
1744673.jpeg,1907,MISSING
1708423.jpeg,18-9-1965,"DANIA, COLL."
1728592.jpeg,9-ⅥI1979,Resnes
1709532.jpeg,MISSING,MISSING
1707404.jpeg,1907,Rø. 1
1707243.jpeg,MISSING,MISSING
1705802.jpeg,1785802,"Dania, Coll."
1706183.jpeg,8/6/19,Hammeren
1705713.jpeg,MISSING,MISSING
1728466.jpeg,MISSING,Dnestr.
1709379.jpeg,6-4-1952,Dyrenvej
1707245.jpeg,1961,Dassco
1707625.jpeg,MISSING,MISSING
1744682.jpeg,1925,K. Is. Løvejselund
1706793.jpeg,26.6.1943,Fure Sø
1708892.jpeg,9-10-1972,MARSEILLESborg
1709949.jpeg,1808,Fargelunden
1709155.jpeg,1919/5,Statens Naturhistoriske Museum
1709550.jpeg,MISSING,MISSING
1709076.jpeg,1930,Silkhbg.
1728597.jpeg,1949,Fjell.
1709388.jpeg,1876-1947,Saltholm
1709190.jpeg,29-8-1902,DANIA COLL.
1707438.jpeg,1895-05-20,Børstinge
1706490.jpeg,MISSING,MISSING
1707348.jpeg,1787348,NHOD
1708821.jpeg,1788821,STATENS NATURHISTORISKE MUSEUM
1709480.jpeg,MISSING,Schiddte
1728590.jpeg,6.VI.1978,Korod
1709797.jpeg,1947.26.8,Røbjerg
1708450.jpeg,1891,Fesant
1707235.jpeg,MISSING,MISSING
1743873.jpeg,13-4-49,Dyrehaven
1707870.jpeg,1960,Dania
1706997.jpeg,MISSING,Lolland
1709232.jpeg,1890,Dania
1709019.jpeg,1879,Kopenhagen
1707217.jpeg,1966,Dyrehaven
1708720.jpeg,1915,Hanssted Sk
1708388.jpeg,30-3-45,St
1705562.jpeg,30-6-1974,Sandbjerg
1705848.jpeg,26/5/1891,Horn
1708982.jpeg,1798,Drews
1742989.jpeg,29-8-1952,Dyrehaven
1708829.jpeg,1902,Kobenhavn
1707681.jpeg,MISSING,MISSING
1707768.jpeg,1890,Schlichte
1743961.jpeg,1904,Lund
1743831.jpeg,1933,Rejskjar
1709170.jpeg,1957,"Statens Naturhistoriske Museum, Copenhagen"
1707288.jpeg,1910,HAEQG
1705627.jpeg,20-5-1956,Skov
1709124.jpeg,19-9-1953,DANIA. COLL.
1708354.jpeg,1892,København
1743887.jpeg,1941,Gindeskov
1743065.jpeg,1870,SCHIEDTE
1705742.jpeg,1904,Rosenberg
1707570.jpeg,1707578,Dania coll.
1707543.jpeg,1905,"Statens Naturhistoriske Museum, Københavns Universitet"
1709291.jpeg,MISSING,MISSING
1742796.jpeg,MISSING,Wüstnei.
1707897.jpeg,2. IV. 1983,Skagen NSE
1705602.jpeg,MISSING,MISSING
1706197.jpeg,13-8-36,H Lemcha
1708826.jpeg,1870,MISSING
1709987.jpeg,9-8-1973,Dania
1744534.jpeg,MISSING,MISSING
1705735.jpeg,MISSING,"Jensen-Kaarup, Danmark"
1709433.jpeg,27.IV.2022,"Hellebæk, Kohave, 56.0553N 12.5439E"
1706786.jpeg,29-9-49,Asserbo
1705478.jpeg,MISSING,Danmark
1705777.jpeg,22.5.1984,Dania coll.
1708804.jpeg,18-10-46,S.F. KORBAK S0
1708668.jpeg,1872,Vedde
1743502.jpeg,1870,Bønge
1708030.jpeg,26/8/1899,Kjeldshov
1708931.jpeg,1780,Dassco
1742768.jpeg,MISSING,MISSING
1706227.jpeg,1966,Hørsholm
1728518.jpeg,7/5/1890,Svendborg Amt Coll. Christiani
1728569.jpeg,MISSING,MISSING
1709986.jpeg,9-8-1973,"Dania, Coll."
1744462.jpeg,17.7.94,"Dania, Coll. Victor Hansen"
1707512.jpeg,22-5-1963,"Kongestrup, KI."
1744528.jpeg,1744528,NMB
1744631.jpeg,15/2/1934,Svendborg Amt
1706120.jpeg,1786/128,DassCo
1707981.jpeg,MISSING,MISSING
1743528.jpeg,MISSING,MISSING
1710397.jpeg,1915,Heg
1707493.jpeg,1976,Dassco
1706259.jpeg,1877,Tersens
1708463.jpeg,1788463,STATENS NATURHISTORISKE MUSEUM
1709551.jpeg,1789,KOPENHAGEN
1743765.jpeg,1930,Holmestad
1706818.jpeg,1987,DANIA
1705504.jpeg,MISSING,MISSING
1708880.jpeg,26-10-1972,Dania
1705716.jpeg,MISSING,MISSING
1708891.jpeg,4-10-1972,MARSEILLESBORG
1743897.jpeg,1854,Worm Hansen
1707489.jpeg,1994,Dassco
1709172.jpeg,1974,Dassco
1706374.jpeg,1900,Dassco
1705872.jpeg,8.4.1939,Sjøhavn
1707337.jpeg,1904,Schiede
1709287.jpeg,MISSING,MISSING
1706118.jpeg,MISSING,MISSING
1744685.jpeg,1934,Dania
1743055.jpeg,15.10.21,Dania
1706351.jpeg,MISSING,MISSING
1705817.jpeg,1785817,"Statens Naturhistoriske Museum, Københavns Universitetet"
1708453.jpeg,1870,Kronens Naturhistoriske Museum
1707074.jpeg,MISSING,STATENS NATURHISTORISKE MUSEUM KOPENHAVNS UNIVERSITET
1709790.jpeg,25.Y.1986,Dania.coll.
1706363.jpeg,MISSING,MISSING
1708738.jpeg,2017,Dania
1744439.jpeg,B.S.1857,Sætholmo
1709321.jpeg,1856-6-1922,Dyrehaven
1705916.jpeg,1785916,Coll. Schaltz
1709320.jpeg,1983,Schaltz
1742824.jpeg,1892,Hørsholm
1705768.jpeg,23-5-1945,Cull. Schaltz
1707029.jpeg,16/9 1937,Svendborg Amt
1707033.jpeg,29-5-38,Dassco
1707076.jpeg,1787/06,STATENS NATURHISTORISKE MUSEUM KOBENHAVNS UNIVERSITET
1707244.jpeg,1792,Dassco
1728469.jpeg,1728469,DREWS.
1708667.jpeg,1904,THASKULI
1743504.jpeg,1743,Dassco
1707978.jpeg,1879,Bukhara
1709588.jpeg,19496,Utterslev
1707122.jpeg,27.7.1918,Dassco
1706218.jpeg,17-6-1922,Dyrehaven
1708735.jpeg,1889,Johs. Andersen
1705660.jpeg,1854-07-27,Dania
1707327.jpeg,1870,Schiedte
1706157.jpeg,MISSING,Tuapsagel
1709163.jpeg,1790,Kobenhavn
1705509.jpeg,MISSING,Tegnagaei
1709590.jpeg,11-5-84,Dyrehave
1709121.jpeg,19-9-1952,Dansk
1706954.jpeg,26/5/1870,Schidte
1743853.jpeg,10-6-68,MISSING
1705736.jpeg,MISSING,MISSING
1744571.jpeg,MISSING,MISSING
1709334.jpeg,19-9-1857,"Dania, Coll."
1705874.jpeg,8.9.1939,St. Bakhuis
1743569.jpeg,1875,Scybalia
1743572.jpeg,MISSING,MISSING
1705676.jpeg,1876,Rønne
1706855.jpeg,1862,Dassco
1706992.jpeg,1876,Lolland
1709420.jpeg,MISSING,MISSING
1743039.jpeg,2009,Drager
1708719.jpeg,1-1037,Dassco
1710372.jpeg,22.7.1986,Uglestrup Mose.
1743571.jpeg,1743571,NAMO
1707229.jpeg,30-8-1998,"DANIA, Celle"
1710353.jpeg,1894,Dongtun
1708401.jpeg,22.9.18,"DANIS, Coll."
1709782.jpeg,1995,MAISTROP
1709119.jpeg,8-9-1970,Dania
1707279.jpeg,17.6.1944,Søstened Stor
1706005.jpeg,14.V.2011,Rosenborggad.
1705557.jpeg,31/5/1896,MISSING
1707339.jpeg,1787339,Schjødtie
1743916.jpeg,1962,Hadjlund
1705677.jpeg,1870,Schiede
1709086.jpeg,1892,Holte
1709244.jpeg,1911/4/8,Schiede
1709944.jpeg,1922,Koebenhavn
1707861.jpeg,MISSING,MISSING
1707701.jpeg,MISSING,MISSING
1706057.jpeg,19.6.1872,DANIA
1709199.jpeg,26.9.1977,Byghaven
1707974.jpeg,MISSING,MISSING
1744441.jpeg,1855,Sallgulen
1707311.jpeg,5.6.1922,Dania
1707519.jpeg,1785,"Orgardshorn, Thy"
1705975.jpeg,MISSING,MISSING
1709145.jpeg,26.8.1897,Harboör
1707121.jpeg,1787/121,"Dania, Coll."
1744565.jpeg,1870,KOREA
1706486.jpeg,MISSING,MISSING
1708481.jpeg,28-8-1963,Ganlosse Egede
1706504.jpeg,1871,Løvendal
1706457.jpeg,1946,Lavendel
1706372.jpeg,1862,"König, 62."
1710364.jpeg,1894,Lunia
1742766.jpeg,MISSING,MISSING
1728581.jpeg,10.6.1979.,Dania coll.
1708485.jpeg,12.IV.1984,Squaddelbe
1743580.jpeg,1743,Bosenrup
1709156.jpeg,19.9.78,CHR.ENGELHART
1708713.jpeg,29.3.1975.,Dania coll.
1706087.jpeg,1870,København
1708035.jpeg,12/5/1922,Dyrehaven
1705782.jpeg,1785,Dassco
1706763.jpeg,24/7/1934,Ebeltoft
1742743.jpeg,MISSING,MISSING
1743826.jpeg,14.6.1929,Lellinge skov
1706770.jpeg,1948,Midnats
1709766.jpeg,23.10.1955,Dyrehaven
1706002.jpeg,2004,Nordjylland
1708032.jpeg,17/8-19,Orholm St.
1706913.jpeg,25.9.21,Johs. Andersen
1710345.jpeg,19-7-1959,S.Sjælland
1706378.jpeg,1890,Røring
1742795.jpeg,1742795,Boserup
1708714.jpeg,29.3.1975,Dania coll.
1706346.jpeg,MISSING,MISSING
1708852.jpeg,15-XI-1976,Ejstrupholm
1707577.jpeg,12.6.1999,Dania coll.
1705831.jpeg,1785,Dassco
1707634.jpeg,1876,SCHIADTE
1705541.jpeg,1917,Vraa
1728479.jpeg,1728479,Holland
1706096.jpeg,1904,Schidate
1709404.jpeg,MISSING,MISSING
1709542.jpeg,MISSING,Lolland
1706995.jpeg,MISSING,Lolland
1707892.jpeg,7-3-1972,Ex coll. Viggo Mahler
1708374.jpeg,5-5-49,Osterlide
1707682.jpeg,MISSING,MISSING
1742746.jpeg,1742746,"Statens Naturhistoriske Museum, Københavns Universitet"
1708863.jpeg,10.10.78,Dania
1707023.jpeg,7/8/1911,Dyrehaven
1706056.jpeg,22-6-1912,Heg
1707837.jpeg,MISSING,MISSING
1742775.jpeg,1850,Dansk
1708683.jpeg,14.10.28,"Dania, Coll."
1742992.jpeg,29-5-1982,Dyrehaven
1743713.jpeg,MISSING,Dassco
1708012.jpeg,1884,teflonggel
1743966.jpeg,26.8.87,Harboor
1707326.jpeg,MISSING,Schjødtæ
1708855.jpeg,1959,Kobenhavns Universitet
1744619.jpeg,1851,"Pelo, Strand"
1710357.jpeg,1874,Dansk Coll.
1708790.jpeg,1904,SCHWEDEN
1707885.jpeg,1-1-1964,"Dania, Coll."
1744681.jpeg,9.5.87,Stocoe
1705727.jpeg,1785,Sulteranii
1744616.jpeg,1744/616,STATENATURHISTORISKE MUSEUM
1709448.jpeg,1970,Hegg
1705692.jpeg,MISSING,MISSING
1707906.jpeg,1927,Dassco
1709017.jpeg,MISSING,MISSING
1709914.jpeg,1894,Copenhagen
1706361.jpeg,MISSING,Dissco
1709414.jpeg,MISSING,MISSING
1707788.jpeg,1894,Hyrcania
1707555.jpeg,9-6-1934,Hans Genget
1707162.jpeg,MISSING,MISSING
1708403.jpeg,21.9.19,Dania Coll.
1706242.jpeg,9-6-1971,"DANIA, COLL. BANGSHOIF"
1709528.jpeg,MISSING,MISSING
1706360.jpeg,MISSING,MISSING
1709531.jpeg,MISSING,MISSING
1708729.jpeg,20-10-1916,HOBEG
1705611.jpeg,MISSING,MISSING
1708020.jpeg,1980,JENSEN-KARUP
1707966.jpeg,1879,Schladte
1705905.jpeg,1930,Svendborgg Amt
1743587.jpeg,MISSING,MISSING
1744644.jpeg,22-5-1955,Dania. Celli.
1710343.jpeg,1874,Neksele S.
1706021.jpeg,19.V.2022,"general collecting dung, grassland, leg. A.K. Hansen & NHMD"
1743972.jpeg,1743972,København
1708476.jpeg,MISSING,MISSING
1707790.jpeg,1862,Nordfrisland
1709436.jpeg,27.IV.2022,"DENMARK: NEZ, Hellebæk Avlsgård, Kohave."
1705987.jpeg,8-2-1966,Dania coll.
1705626.jpeg,26-6-1985,Hindholm
1743747.jpeg,27.9.03,Densen-Haarup
1705653.jpeg,1705653,Coll. Johs. Andersen
1744563.jpeg,MISSING,MISSING
1709894.jpeg,MISSING,MISSING
1744672.jpeg,1904,Copenhagen
1706142.jpeg,MISSING,MISSING
1705832.jpeg,1904,China
1707785.jpeg,1870,Schiodte
1706865.jpeg,1947,DANIA
1709167.jpeg,1799,Statens Naturhistoriske Museum
1708467.jpeg,1708467,NNNN
1728601.jpeg,17.7.1949,Saltholm
1708812.jpeg,1892,"Statens Naturhistoriske Museum, Copenhagen"
1707321.jpeg,MISSING,Schiodte
1706295.jpeg,23.VII.2021,Sundssørs.
1706405.jpeg,21.VII.2009,Lodskouvej
1709574.jpeg,1890,Saltazor
1742769.jpeg,MISSING,MISSING
1710337.jpeg,25-6-1961,Midtjylland
1742810.jpeg,1742618,Dassco
1709534.jpeg,8/9/1930,Dassco.
1706088.jpeg,1786,Schiedte
1707128.jpeg,28.7.18,Dania
1709165.jpeg,MISSING,MISSING
1706400.jpeg,21.VII.2004,Ledeckyovni
1709481.jpeg,1894,Schiedte
1708342.jpeg,22-9-36,Bouyj
1709549.jpeg,MISSING,MISSING
1705926.jpeg,29-7-49,Asserbo.
1706943.jpeg,1872,Schiedte
1707373.jpeg,MISSING,MISSING
1708960.jpeg,1779-1870,Schladte
1709560.jpeg,1891,Wüstnei
1706440.jpeg,1974/6/871,Lufvviddal
1706265.jpeg,1897,Koerenschavn
1706442.jpeg,1786442,DassCo
1707420.jpeg,7/7/1906,Jons Maller
1706517.jpeg,1786517,Dannemorad
1707237.jpeg,1978,Dassco
1706403.jpeg,21.VII.2004,Lodskovvad
1728585.jpeg,10.6.1979,Dania coll.
1706070.jpeg,1903,Dassco
1707879.jpeg,1993,DK
1705473.jpeg,9/7/1870,Schiodte
1706873.jpeg,26-9-1951,Dania coll.
1706821.jpeg,1992,Kronsholm
1708433.jpeg,31-X 1983,Dania
1708964.jpeg,MISSING,MISSING
1709324.jpeg,13-4-49,Dyrehaven
1709840.jpeg,17.7.1938,Johs. Andersen
1707705.jpeg,1787,Tengesøgel
1743772.jpeg,28/7/1930,Sv. E. Langesø
1706044.jpeg,20.5.39,Reerio
1743056.jpeg,15.10.21,"Dania, Coll."
1743542.jpeg,MISSING,MISSING
1709346.jpeg,1949,DK
1708771.jpeg,1870,Lemnh
1705442.jpeg,1860,Dania
1707846.jpeg,1900,KOPENHAVNS UNIVERSITET
1744663.jpeg,1878,Braunau
1709769.jpeg,1870,Dania
1707648.jpeg,MISSING,MISSING
1706328.jpeg,1907,Birgerja
1707941.jpeg,15.10.21,"Dania, Coll."
1707071.jpeg,1879,Kopenhagen
1707907.jpeg,1932,Dassco
1743986.jpeg,1986,A. fiedleri
1706159.jpeg,MISSING,Holland
1709024.jpeg,1887,Kobezham
1709412.jpeg,"12.5590E, 27.IV.2022","NEZ: Helsinger, Grønne Vestkile, 56.0375N,"
1706164.jpeg,1890,dalsland
1707962.jpeg,1978,Schiidte
1705929.jpeg,.7-6-49,Tisvilde
1728519.jpeg,1935,Svendborg Amt
1708776.jpeg,1904,Dassco
1707782.jpeg,1946/1842,Grundal
1709495.jpeg,MISSING,SCHIEDTTE
1708357.jpeg,1940,Knaudshoveel
1708868.jpeg,2017-03-17,Dania
1708980.jpeg,MISSING,Dahlsø
1707400.jpeg,MISSING,MISSING
1709302.jpeg,9/5/1901,Kjeldskov
1707552.jpeg,19-8-1965,"Dania coll., Hans Ganget"
1728456.jpeg,MISSING,MISSING
1707860.jpeg,1787868,CHR.ENGELHART
1708461.jpeg,MISSING,MISSING
1707130.jpeg,1886,Dania
1728517.jpeg,3/15/1934,Svendborgprg Amt
1709511.jpeg,MISSING,MISSING
1743789.jpeg,31/7/1934,Svendborg Amt Coll. Christiani
1709444.jpeg,26.9.1932,HOLTE
1709869.jpeg,3/4/1870,Schibolz i Regioindien
1710371.jpeg,22.7.1986,Uglestrup Mose
1743493.jpeg,8.6/1070,Sjeppland järnystad
1709350.jpeg,1789350,"Statens Naturhistoriske Museum, København"
1743760.jpeg,25/1930,Dassco
1707743.jpeg,9.VI.1982,Skallingen
1728530.jpeg,1-3-59,Dyrehaven.
1743807.jpeg,30.6.1927,Hjørring
1705769.jpeg,23-5-1995,DK
1706980.jpeg,1876,København
1707524.jpeg,1916,Berggaard
1708780.jpeg,MISSING,MISSING
1706880.jpeg,22.9.1996,Dania coll.
1728583.jpeg,10.6.1979,D. Mic. Hansen
1707058.jpeg,1.7.28,Dania
1707261.jpeg,11.8.1993,"Lindesler, Falster"
1705764.jpeg,1785,Schätz
1708434.jpeg,1982,Dania
1709781.jpeg,1994,DENMARK
1728570.jpeg,MISSING,MISSING
1705811.jpeg,1900,Schjødtte
1705959.jpeg,1929,Hellingeskov
1743546.jpeg,1743546,Dassco
1708715.jpeg,30.3.1975.,Dania coll.
1707179.jpeg,MISSING,MISSING
1728516.jpeg,1934,Rudkøbing Svendborg Amt
1705650.jpeg,1783,Vejens
1707573.jpeg,1981,Dahia
1706406.jpeg,21.VII.2004,Lodskovvad
1710358.jpeg,26-7-1951,"Dania coll., Hans Gorguet"
1709473.jpeg,MISSING,Schiedte
1743712.jpeg,1892,Floreno
1705927.jpeg,12-6-43,Sandbjerg.
1705882.jpeg,1937,Tilldi
1705631.jpeg,21.7.1974.,Dania coll.
1709292.jpeg,MISSING,MISSING
1707303.jpeg,18.8.1977,Dassco
1708419.jpeg,5-9-1960,Dania
1743811.jpeg,16.6.1892,Sv.Q.LI.
1743585.jpeg,174358,DE TESNAGEL
1706075.jpeg,26.3.1957,Dassco
1709850.jpeg,29.7.22,Dania
1728521.jpeg,3/5/1934,Svendborgprg Amt
1708871.jpeg,26.10.1992,Narsethban
1709880.jpeg,1727/1870,Hogdyduse
1707857.jpeg,1892,Mittlner
1705884.jpeg,1941,Sundvif
1743749.jpeg,24-7-03,Jensen-Haarup
1706236.jpeg,1940,Reamnes Kongstrup
1710402.jpeg,1919,DANISH
1709423.jpeg,MISSING,MISSING
1708929.jpeg,28.8.19,Dania
1707086.jpeg,29-5-1961,Dyrehaven
1744689.jpeg,1870,Dania
1706426.jpeg,1871,Lund
1706391.jpeg,1.7.2000,Lodskovvad
1743904.jpeg,1948,Sønderjylland
1709006.jpeg,1789006,Lolland
1708371.jpeg,17-4-19,Dassco
1708458.jpeg,14909,Svensen
1706348.jpeg,MISSING,MISSING
1706059.jpeg,1976,Heg
1709340.jpeg,19-9-1953,Dania
1706431.jpeg,1786431,hjvundaae
1706099.jpeg,MISSING,MISSING
1707182.jpeg,MISSING,MISSING
1708480.jpeg,1890,Dassco
1706831.jpeg,1.7.28,Dania
1707883.jpeg,7-11-1965,Dassco
1743955.jpeg,7-6-1971,"Dania, Coll."
1708992.jpeg,MISSING,MISSING
1709452.jpeg,1917,Høeg
1743822.jpeg,16.6.929,S.V.G.B.
1707678.jpeg,MISSING,MISSING
1708915.jpeg,1884,Dassco
1707677.jpeg,1870,Dassco
1706395.jpeg,2.7.2000,Lodskovvad
1709381.jpeg,26.3.1973,Dyrehaven
1707412.jpeg,21-08-96,Tegnngagel
1742819.jpeg,23/5/1917,Jens Moller
1728486.jpeg,6-1914,JENSEN-HAARUP
1705997.jpeg,23-9-448,DANMARK
1709104.jpeg,1935,K. O. Leih leg.
1707435.jpeg,1787435,Hornbaek
1705636.jpeg,1758,DANIS COLL.
1743875.jpeg,6-9-49,Sønderskov
1707688.jpeg,1787,Tjus
1705826.jpeg,1850,Forsø
1709957.jpeg,1903,interior
1707779.jpeg,1862,Schiede
1709021.jpeg,MISSING,MISSING
1707065.jpeg,1787/865,Harbord
1706998.jpeg,1786998,Lolland
1705567.jpeg,7.5/6.1942,Sig. Nielsen
1742799.jpeg,MISSING,MISSING
1706765.jpeg,10/8 1930,Holsnusland
1709048.jpeg,1928-09-08,Kistmullers
1708957.jpeg,19870,holan
1708462.jpeg,1788462,Statens Naturhistoriske Museum
1709973.jpeg,1975,Slubbergaard Sevel
1707060.jpeg,25-9-1973,"Dania, Coll."
1707180.jpeg,MISSING,MISSING
1707778.jpeg,1861/1862,SCHIEDTE
1707200.jpeg,MISSING,MISSING
1706884.jpeg,1758,Dania
1728454.jpeg,MISSING,MISSING
1707560.jpeg,26-8-1955,Dania coll.
1708465.jpeg,1892,Dassco
1706994.jpeg,1786,Tonguei
1743908.jpeg,1942,Magebro
1707018.jpeg,1904,Kopenhagen
1707480.jpeg,5-6-1923,Dassco
1705643.jpeg,1984,DANMARK
1708932.jpeg,MISSING,Schjödte
1706474.jpeg,MISSING,MISSING
1705616.jpeg,21-6-1956,Cantabria
1707061.jpeg,23-6-1977,Dyrehaven
1707595.jpeg,21.6.32,Skeggen
1708742.jpeg,1972,Kopenhagen
1742802.jpeg,MISSING,MISSING
1705527.jpeg,MISSING,Falster
1706018.jpeg,19 V.2022,"Bakke, 55.9922N, 10.5513E"
1706957.jpeg,MISSING,Schiede
1743816.jpeg,16.6.1929,Kellinge skov
1744702.jpeg,10-5-1936,Dania
1743804.jpeg,193-1941,Gislé-Lasson
1709815.jpeg,12.IV.2011,Sukkerterp
1707515.jpeg,22-5-1965,Dassco
1706505.jpeg,1894,Rejersbjerg
1728504.jpeg,17596,Lambhus
1705441.jpeg,1785441,"Dania, Coll. Victor Hansen"
1707501.jpeg,16-5-1996,Dania
1709765.jpeg,23-10-1955,Dyrehaven
1707281.jpeg,18.6.92,A. West
1742710.jpeg,18.5.1939,Vestergaard
1744641.jpeg,1962,Dania
1705675.jpeg,1870,Kjøine
1706330.jpeg,MISSING,MISSING
1706397.jpeg,21.VII.2004,Lodskewerød
1706085.jpeg,1904,Rønne
1707733.jpeg,1940,Celle
1705909.jpeg,1914,Vandrup
1742826.jpeg,1892,Dyrehaven
1705856.jpeg,26.7.1903,Tangskov
1707842.jpeg,1787842,latii.
1708905.jpeg,22.8.1915,HAEG
1709498.jpeg,MISSING,MISSING
1728495.jpeg,1910,Fistebæk
1706974.jpeg,1786974,Lav
1708696.jpeg,1890,København
1706332.jpeg,MISSING,MISSING
1705638.jpeg,2-6-1975,Ejistrupholm
1706836.jpeg,19-9-1953,Dania
1744463.jpeg,17.7.1940,Dania
1708705.jpeg,1708765,Kronens Naturhistoriske MUSEUM
1706001.jpeg,19.VIII.95,D.S.Temperate
1706036.jpeg,1806-10-47,Kongelunden
1706278.jpeg,18-6-1956,Dania
1709959.jpeg,12/7/1939,Svendborg Amt
1706365.jpeg,MISSING,MISSING
1743936.jpeg,26-4-1952,Dania V.Sjælland Røsnæs Kongsgaard
1707881.jpeg,1993,SCHODTE
1706930.jpeg,1945/0870,Schjødtete
1706923.jpeg,"5,6,17",Dania
1744655.jpeg,17-6-1911,Schaltz
1707254.jpeg,1840,Schjødt
1707031.jpeg,1782-05-3,Kopenhagen
1709247.jpeg,1870,SCHIEDTE
1706434.jpeg,19/6/87,Dassco
1707363.jpeg,MISSING,MISSING
1744438.jpeg,8.5.25,Saltholm
1709514.jpeg,1879,Dyrefjord
1706008.jpeg,4.W.1988,leg.P.Jerum
1744543.jpeg,1897,Ljv.
1706288.jpeg,12.1990,Hestemark Skov Nørj
1707181.jpeg,MISSING,STATENS NATURHISTORISKE MUSEUM
1707638.jpeg,MISSING,Schiadte
1709887.jpeg,1816,Lav
1706429.jpeg,17/6-1871,Vestervig
1707312.jpeg,9.6.20,Dania
1709177.jpeg,1908,Nordland
1706802.jpeg,1931,Gudhjem
1707278.jpeg,19.6.1944,S.Rotund Show
1709783.jpeg,1905,DANIA
1743956.jpeg,23-VII-1983,Dania
1709540.jpeg,1789548,Dassco
1707575.jpeg,12.6.1999,DANIA COLL.
1742730.jpeg,1850,De Geer
1705689.jpeg,1785,Suey ved Nordsjælland
1743808.jpeg,12.5.1933,Ristinge Klint
1707840.jpeg,MISSING,MISSING
1742986.jpeg,1985,KOPENHAVNS UNIVERSITET
1706134.jpeg,1708314,MISSING
1706987.jpeg,MISSING,de Tegnagpel
1707712.jpeg,1993,Svejebæk
1705719.jpeg,MISSING,MISSING
1744561.jpeg,MISSING,MISSING
1709191.jpeg,29.8.1952,Dyckhaven
1743786.jpeg,3/7/1938,Frederikshavn
1709494.jpeg,1900,Schjodte
1744695.jpeg,1870,Dania
1706871.jpeg,26-7-1964,N-Genget
1708861.jpeg,25.10.12,DANIS. Coll. Victor Hammen
1708345.jpeg,20-9-36,Uris
1744636.jpeg,25-5-53,Tisvilde Sirand
1709127.jpeg,25-9-1960,Dansis
1743729.jpeg,1874,Rangeliye
1743919.jpeg,1967-09-05,Tisvilde Hegn
1709108.jpeg,1966,Hbst.
1708702.jpeg,1908,Kronenhøjvej
1707284.jpeg,17.6.1924,"Statens Naturhistoriske Museum, Københavns Universitet"
1744601.jpeg,1744681,de Tengsgaegel
1743062.jpeg,15.10.21,"DANIS, COKL, VICTOR HANSEN"
1707172.jpeg,MISSING,MISSING
1708362.jpeg,1940,Knudshoved
1742982.jpeg,19-5-1944,RYGET
1743512.jpeg,MISSING,MISSING
1707301.jpeg,3.6.1899,Jærdalstot
1706408.jpeg,1867,Løvend
1743566.jpeg,1890,Havens.
1709211.jpeg,21.10.91,BROKHAVEN
1707762.jpeg,1865,Dania
1707346.jpeg,MISSING,MISSING
1709026.jpeg,1891,Kobenhavn
1743552.jpeg,1974/1872,Nieslund
1706921.jpeg,25.9.21,Dania
1707459.jpeg,1-6-50,Hillerød.
1708701.jpeg,1788701,KOPENHAVNS UNIVERSITET
1743964.jpeg,26.8.87,Haarvooe
1743889.jpeg,23-8-1933,Dassco
1707431.jpeg,1923,Ravneholm
1743878.jpeg,17.3.1943,Frederikslund
1706475.jpeg,1967/11,Kongens Lyngby
1706032.jpeg,2021,DENMARK
1708040.jpeg,5/7 1938,Svendborg Amt
1708994.jpeg,MISSING,MISSING
1705774.jpeg,1890,Bornholm
1707922.jpeg,1938,Hoegeg
1706344.jpeg,1952,HOLM
1705879.jpeg,19-6-38,Gajhnap
1728527.jpeg,7/6-19Y,Saltholm
1743001.jpeg,29.6.1986,D. Mic. Hansen
1744460.jpeg,1908,Johs. Andersen
1706950.jpeg,1870,Schjøde
1708459.jpeg,1788459,Herbar
1709798.jpeg,1947,Vedergø Jylland
1742823.jpeg,13/5/1892,Horseno
1742780.jpeg,MISSING,MISSING
1744440.jpeg,8.5.21,Dassco
1706355.jpeg,1876,København
1706232.jpeg,1966,"Hesthøvene, Hillerød."
1705720.jpeg,1993,DK
1707494.jpeg,5.6.1922,Dania
1706284.jpeg,1872,Genget Dania
1706411.jpeg,19.5.1871,Bygholm
1706188.jpeg,13-8-36,Hindsholm
1709303.jpeg,1890,S. EPHACELATUS
1707863.jpeg,MISSING,MISSING
1706476.jpeg,MISSING,MISSING
1707066.jpeg,25.XI.187,Havtbor
1706045.jpeg,1824-09-30,Dassco
1707991.jpeg,MISSING,MISSING
1743818.jpeg,16.6.1999,S.V.G.L.
1744694.jpeg,1870,Genget Danisa
1707177.jpeg,1707177,NORGE
1708042.jpeg,29/5/1939,Svendborg Amt
1742733.jpeg,1890,Schiedte
1705704.jpeg,MISSING,MISSING
1707195.jpeg,27/7/18,Dyppelhaven
1707936.jpeg,18.10.21,Dania
1709198.jpeg,1920,Dania
1709982.jpeg,1973,"Dania, Collj."
1742735.jpeg,1742735,Schiedte
1707446.jpeg,1789,Asserbo Overdiev
1708956.jpeg,1874/1872,Schiedte
1705532.jpeg,MISSING,MISSING
1728494.jpeg,24/5/1910,Kjeldskov
1728551.jpeg,27-5-1954,Dania
1708343.jpeg,1780343,Borbjerg
1708846.jpeg,18-IV-1975,Tjyskbour krat
1728512.jpeg,1920,Gudhjem
1709624.jpeg,1948,Blejeredup Fyn
1705755.jpeg,1993,Dania
1708966.jpeg,MISSING,MISSING
1707951.jpeg,1786/10/20,Schiedte
1706172.jpeg,1786,DAB
1706788.jpeg,18.6.1949,Hillerød
1707740.jpeg,9.6.1982,Dania coll.
1743862.jpeg,1951,Kronenshøj
1706471.jpeg,1968/5/2,"Sund, Skåne"
1705796.jpeg,1873,Johs. Andersen
1709482.jpeg,MISSING,MISSING
1708763.jpeg,MISSING,MISSING
1707623.jpeg,1870,Dassco
1705514.jpeg,MISSING,MISSING
1706872.jpeg,26-7-1953,Niva
1743834.jpeg,2015-03,"Statens Naturhistoriske Museum, Københavns Universitet"
1705549.jpeg,1941,Barnson-Christensen
1708919.jpeg,26.8.1940,Kofoe
1709319.jpeg,8-6-1909,Dyrehaven
1707825.jpeg,1844,Göttingen
1707772.jpeg,1902,Sogne
1707332.jpeg,1904,Holz
1743869.jpeg,29-7-49,Dassco
1709539.jpeg,Drews,N/A
1705706.jpeg,17/8/1902,Jutland
1705718.jpeg,MISSING,MISSING
1743954.jpeg,6-9/1990,Dania
1706393.jpeg,1.7.2000,Lodslevvad
1743558.jpeg,1743558,Dassco
1709451.jpeg,1917,HOEG
1743886.jpeg,1892,Rissholm
1706432.jpeg,1786432,"Statens Naturhistoriske Museum, Københavns Universitet"
1709909.jpeg,MISSING,MISSING
1706861.jpeg,19-8-1962,Kongelunden
1706154.jpeg,1900,Danmark
1705883.jpeg,1930,Sanderup
1708787.jpeg,1907,Baltic
1707334.jpeg,1907,Borreholmen
1707497.jpeg,5.6.19,Dania
1710360.jpeg,1718360,Dania coll.
1707929.jpeg,18.5.1933,Coll. Jhds. Andersen
1707048.jpeg,1966,Tilig
1709632.jpeg,1/5-1942,Sand
1707571.jpeg,1969,Hans Genget
1742815.jpeg,1904,Svejebro
1706277.jpeg,1786,Dania
1705673.jpeg,5/8/1810,Kronborg
1708443.jpeg,1973,JUNI
1742709.jpeg,18.5.1929,Vogglund
1706382.jpeg,1786382,DassCo
1709953.jpeg,20-5-1918,"Kapital, Weltsand"
1705730.jpeg,7-8-05,21-5-96
1705767.jpeg,1905,Schaltz
1744485.jpeg,1879,SCHIEDTE
1709775.jpeg,1950-05-25,Søborg
1705572.jpeg,3-7-43,Vedringe Bakker
1705845.jpeg,MISSING,MISSING
1707938.jpeg,15.10.91,Dania
1705559.jpeg,5-6-1882,Dyrshaven
1708872.jpeg,26.10.1972,"Dania, Coll."
1708402.jpeg,22.9.18,"Dania, Coll."
1709453.jpeg,1894,THORRIAGER
1707491.jpeg,1977,Dassco
1707720.jpeg,13-5-1992,Dania
1706080.jpeg,18/10,Rønne
1743748.jpeg,27.7.03,Jensent-Karup
1707364.jpeg,MISSING,MISSING
1708961.jpeg,1780961,DK
1708875.jpeg,26/10/1992,Dania - Coll. F. Bangsholt
1709144.jpeg,24.8.1993,BROGANSEN
1743524.jpeg,1870,Bemholm
1707000.jpeg,1887,Copenhagen
1708903.jpeg,1893,Dyrehaven
1709538.jpeg,MISSING,MISSING
1742717.jpeg,9.6.1915,Coll. Johs. Andersen
1710386.jpeg,19.IX.1992,Høstemark
1728596.jpeg,1928,Roland
1706910.jpeg,1948,Kopenhagen
1708475.jpeg,1788475,Dassco
1743059.jpeg,15.10.81,Dania
1706250.jpeg,7-6-1901,Dania
1705804.jpeg,21.0.19,Dania
1708721.jpeg,2019,Heeg
1743962.jpeg,19.9.75,MISSING
1708699.jpeg,1788699,Dassco
1705925.jpeg,1966,Asserbo.
1743550.jpeg,MISSING,Schjödte
1708414.jpeg,24-5-1935,"Dania, Coll."
1707259.jpeg,20-8-89,Cald. Chr. Engelhart
1709558.jpeg,1789558,Wüstnei.
1707755.jpeg,MISSING,STATENS NATURHISTORISKE MUSEUM
1708038.jpeg,1936,Svendborgprg Amt
1707365.jpeg,MISSING,MISSING
1705528.jpeg,MISSING,MISSING
1710370.jpeg,2.9.1972,Svinge strand
1707352.jpeg,1894,Nordjylland
1707589.jpeg,1951 Mai,Habro Skov Jyll
1705505.jpeg,MISSING,MISSING
1705825.jpeg,MISSING,MISSING
1709070.jpeg,6/9/1934,Svendborgprg Amt Coll. Christiani
1728539.jpeg,1900,KNUDDTHYRED
1742748.jpeg,1904,Schiede
1744447.jpeg,1887,HAEG
1743057.jpeg,15.10.21,Danin Coll.
1743991.jpeg,26-7-1951,Dania coll.
1707411.jpeg,1907,Tengnagel
1743514.jpeg,1783,De Teugnagel
1728526.jpeg,20/1/42,Mors
1708867.jpeg,1983,Dannet
1707568.jpeg,1875,Dania
1706047.jpeg,20.5.39,Reccio
1709311.jpeg,1944,Nordland
1709837.jpeg,1853,Jansborg
1709087.jpeg,1912,Holte
1706482.jpeg,17/6/1910,Løn
1705787.jpeg,27-6-1901,Gravensholm
1743501.jpeg,1894,Schiede
1707992.jpeg,MISSING,MISSING
1709373.jpeg,6-4-1952,Dyrehaven
1706162.jpeg,1706162,Lolland
1706467.jpeg,1786,Bjørn
1709432.jpeg,19.V.2022,"cow dung on grassland, Bakkås, 53.990000, -10.551667"
1743794.jpeg,1991,Kastrup Dyrehave
1742726.jpeg,17.5.97,DANIA
1706922.jpeg,5.6.72,Dania
1708021.jpeg,1788,Kopenhagen
1705608.jpeg,1789688,MISSING
1705456.jpeg,MISSING,MISSING
1707329.jpeg,MISSING,Schiedte
1707323.jpeg,MISSING,MISSING
1707318.jpeg,20.8.12,"Dania, Coll."
1705989.jpeg,8-7-1951,Dania coll.
1709169.jpeg,1789,Kopenhagen
1744473.jpeg,1870,Schiodte
1705944.jpeg,1962,Dania
1709752.jpeg,1870,Statens Naturhistoriske Museum
1728505.jpeg,1728509,Estbjerg
1707662.jpeg,1870,"Kampot, Kambod."
1707381.jpeg,MISSING,MISSING
1705470.jpeg,7/16/70,Schiedte
1706388.jpeg,1893,Rorvig
1709077.jpeg,19-9-36,Klosterbuk
1728491.jpeg,28/4/1902,Aphodius gnarnaritis.
1705840.jpeg,1865,fodgnagei
1706033.jpeg,27.VII.2021,"DENMARK: W.J. Poulsen's Mindel, 56.35N, 8.96E, 27.m"
1728556.jpeg,1983,Ristinge Klint
1705738.jpeg,1907,JENSEN-HARUP
1705896.jpeg,1930,Rangitoh
1708693.jpeg,2/10/1976,"Dania, Sjælland Røsnæs, Kongstrup"
1743801.jpeg,1938,HOLMEN
1706907.jpeg,1957-03-28,HOGEG
1706410.jpeg,19.5.1948,Høeg
1743775.jpeg,1930,St. L. Larsen
1709952.jpeg,17/8-19,Orholm St.
1707368.jpeg,MISSING,MISSING
1709331.jpeg,23-10-57,Eremilagen
1743819.jpeg,16.6.1829,Dellinge skov
1707572.jpeg,15 MAY,Dania coll.
1707867.jpeg,1800,Dania
1743854.jpeg,10-6-63,Faxe
1706189.jpeg,1937,Svendborg Amt
1744650.jpeg,1744,"Dania, Cell."
1705693.jpeg,MISSING,MISSING
1707222.jpeg,1976,"Dania, Coll."
1705610.jpeg,1785619,Nordjylland
1744578.jpeg,MISSING,MISSING
1709742.jpeg,1881,Fj. Sti.
1705703.jpeg,MISSING,MISSING
1709193.jpeg,29-8-1952,Dyrehaven
1709871.jpeg,1970,SCHIEDTE
1728468.jpeg,MISSING,MISSING
1706014.jpeg,2.7.1950,Langefland
1707523.jpeg,1976,Warte-Hanses
1705993.jpeg,22.7.1989,Fuglsag
1706908.jpeg,19.05.19,Haug
1708862.jpeg,26.10.12,Dania
1709395.jpeg,"12.5598E, 27.IV.2022","Grønne Vestskilte, 56.0375N"
1705998.jpeg,1994,GOD-NING
1709492.jpeg,1879,Schiødtte
1743732.jpeg,1954,Dassco
1707367.jpeg,MISSING,MISSING
1707205.jpeg,1822,Dassco
1710388.jpeg,3.VII.1991,Halmemark Skov
1706066.jpeg,1776,Dania
1709205.jpeg,2004,S. Kristensen
1705434.jpeg,5.6.1928,MISSING
1742778.jpeg,MISSING,MISSING
1706150.jpeg,1882,Ozilborg
1705726.jpeg,12/8/1906,Haven
1707576.jpeg,12-6-1999,Dania coll.
1707253.jpeg,MISSING,MISSING
1709811.jpeg,16.1.1988,Klostermølle
1742805.jpeg,MISSING,MISSING
1706412.jpeg,8.7.1883,Dassco
1707380.jpeg,MISSING,MISSING
1706779.jpeg,19-7-1908,Coll. Schaitz
1706510.jpeg,25/10/71,Lund
1709162.jpeg,1789,Kobenhavn
1743581.jpeg,MISSING,MISSING
1709351.jpeg,1789351,NMD
1706819.jpeg,1968,JELLELAND
1705414.jpeg,1915,MISSING
1708884.jpeg,13.10.1997,Dania coll.
1743497.jpeg,1893,Schiedte
1709391.jpeg,1948,Dyrehaven Siell
1705590.jpeg,1794,Aalborg
1709385.jpeg,1976-04-10,Ejstrupholm
1709378.jpeg,12-10-1962,Dyrehaven
1706450.jpeg,1786,Kopenhagen
1707723.jpeg,24.5-1974,Dania
1706051.jpeg,1927,H. Heeg
1706339.jpeg,MISSING,MISSING
1709062.jpeg,1940,København
1706895.jpeg,20-21-VII - 11-VIII,"38 km North of Copenhagen, Strædum Naturreservat"
1707890.jpeg,1825,"DANMARK, EL, NH68"
1705946.jpeg,13-5-1972,Dania
1705511.jpeg,MISSING,Holland
1707517.jpeg,1875,"Nørre, Thy"
1705547.jpeg,7/6/1937,Svendborg Amt
1707020.jpeg,1787/820,Klampensunders Dyneham
1707807.jpeg,1974,Nordenskold
1706373.jpeg,MISSING,MISSING
1707583.jpeg,17 X. 1980,DassCo
1705904.jpeg,28/7 1929,Svendborg Amt
1743525.jpeg,1872,Syrofa
1706090.jpeg,1786,Schiedte
1707958.jpeg,1904,Schlidste
1707806.jpeg,1787,Nordjylland
1707738.jpeg,29.5.1981,DANIA COLL.
1707026.jpeg,1824,Svendborg Amt
1706294.jpeg,2021,DENMARK
1709309.jpeg,8.5.1925,Galttholm
1707959.jpeg,1870,SCHIADTE
1709577.jpeg,28/4/1889,DANMARK
1707173.jpeg,1986,København
1728449.jpeg,1728445,Schiedte
1705891.jpeg,1955,Worm-Hansen
1706850.jpeg,1884,H.A.
1706773.jpeg,20-10-1998,DassCo
1707421.jpeg,23/6/1905,Dassco
1706247.jpeg,9-6-1971,"DANIA, COLL."
1706791.jpeg,1855,Schlitz
1709435.jpeg,19. V. 2022,"Bakke, 55.9922N, 10.3518E"
1743735.jpeg,1975,Sfinzen
1709301.jpeg,6/4-1907,Bødumoseen
1707964.jpeg,1787964,Schiede
1705862.jpeg,178582,Kobernahns Universitet
1709965.jpeg,12/7/1939,Svendhprg Amt
1709465.jpeg,2018.9.18,Dania
1709327.jpeg,13-4-49,Dyrehaven
1705446.jpeg,1875/3/14,Claus og La Mauricie
1708991.jpeg,1870,Kronenbys Universitet
1705467.jpeg,1785467,"Statens Naturhistoriske Museum, Københavns Universitet"
1707968.jpeg,1787968,Schledte
1708022.jpeg,24.9.1894,Jessee-Kaarup
1707386.jpeg,MISSING,MISSING
1743503.jpeg,1743583,NMD
1743809.jpeg,1829,Lellingel skov
1709289.jpeg,MISSING,MISSING
1707674.jpeg,1904,Dassco
1709408.jpeg,27.IV.2022,"GRÅNE VESTSKILIE, 56.0375N, 12.5596E"
1708820.jpeg,1788820,Statens Naturhistoriske Museum
1709992.jpeg,30.10.1964,Reses Kor. Sjælland
1743827.jpeg,16.6.1929,Lellinge skov
1706451.jpeg,17/4/1871,Agr. Grøndal
1706912.jpeg,1883,KOPENHAVNS UNIVERSITET
1709524.jpeg,MISSING,MISSING
1743000.jpeg,29.6.1986,DANIA COLL.
1708483.jpeg,21-9-72,DANIA: Coll. - Karsten Schnack
1744588.jpeg,MISSING,MISSING
1709342.jpeg,19-9-1953,"Dania, Collo"
1705751.jpeg,8-7-60,Vstr. Sørmark
1744480.jpeg,1902,Schjoldte
1743516.jpeg,1993,DK
1728506.jpeg,1993,BELAEQSEKS
1708967.jpeg,MISSING,MISSING
1705552.jpeg,178552,Rands Fj. 10-7-37
1706035.jpeg,21.VII.2021,DENMARK
1706083.jpeg,1870,Schiede
1705646.jpeg,1875,Hansen
1706845.jpeg,11-8-49,Vaserne.
1709195.jpeg,29-8-1952,Dyrschauve
1706479.jpeg,MISSING,MISSING
1709339.jpeg,19-9-1913,"Dania, Coll. F. Bangshoff"
1728598.jpeg,7.5.1948,Söpp Spålland
1707375.jpeg,MISSING,MISSING
1705629.jpeg,1970,STRUER
1743787.jpeg,1940,NBO
1707056.jpeg,1859,KUGEL.
1709228.jpeg,27.9.3.1995,"Statens Naturhistoriske Museum, København"
1709470.jpeg,1789,Braun
1743852.jpeg,10-5-63,Dassco
1710341.jpeg,21-6-1961,Nystlylland
1705939.jpeg,1965,Resen Kongstrup
1705932.jpeg,1948,Dania
1709984.jpeg,9.8-1933,"Dania, Coll."
1709920.jpeg,MISSING,de fengsage
1742721.jpeg,17.5.92,"Dania, Cell."
1728474.jpeg,MISSING,MISSING
1744654.jpeg,1911,Schalitz
1706961.jpeg,1839,Dyrhå
1707630.jpeg,1876,Holm
1743714.jpeg,20/8/1902,Ved Vejrer Møllev
1709189.jpeg,29-8-1952,Dyrehaven
1708363.jpeg,17-0-1921,Schalitz
1743778.jpeg,1936,Grib
1705757.jpeg,20-8-1999,Dansk Coll. F. Bangsholt
1706806.jpeg,1968,Ringkøbing: Vedersø Klit Strandspækyl
1707184.jpeg,MISSING,MISSING
1707250.jpeg,1780,Schjødtte
1744583.jpeg,MISSING,MISSING
1708361.jpeg,1819,"Calli, Schaltz"
1708757.jpeg,1708757,Statens Naturhistoriske Museum
1743564.jpeg,1902,Dassco
1705821.jpeg,179521,Schlidte
1707448.jpeg,1936/1939,Svendborg Amt Coll Christiani
1743812.jpeg,16.69/24,Vallinge Ahov
1706926.jpeg,1954/70,Dyrefjord
1708006.jpeg,1788085,Lolland
1708411.jpeg,14.4.18,DANIS.COLL.
1708384.jpeg,17-9-49,Grib Skov
1707809.jpeg,MISSING,MISSING
1707691.jpeg,1787691,de Tessaguel
1706874.jpeg,20-7-1961,Dania coll. Hans Gangel
1707915.jpeg,1/10/1929,HBEQ
1709576.jpeg,21/4/1889,Rudee Hage
1705824.jpeg,1819,Fiellau
1708986.jpeg,1789898,Dahlsaa.
1709081.jpeg,20-9-36,Vrisi
1708934.jpeg,1788934,Schiøtte
1708908.jpeg,22.8.19,DANIA
1728600.jpeg,1950,fjandarøn
1706169.jpeg,MISSING,MISSING
1706113.jpeg,1790,"Borbyeholm, Søndre"
1706511.jpeg,1887,Aalborg
1743746.jpeg,1935,Kronens Universitet
1706508.jpeg,15/2/7,Braunenglen
1706938.jpeg,17869328,Cyll. Schiedte
1707725.jpeg,1874,Dania
1708743.jpeg,9/10/1784,Sogne
1705775.jpeg,1785775,Statens Naturhistoriske Museum Københavns Universitet
1705502.jpeg,MISSING,MISSING
1743717.jpeg,1902,Haven
1707113.jpeg,1938,DANIA
1707967.jpeg,178967,Schiodte
1709054.jpeg,23.8.53,Jensen-Haarup
1706109.jpeg,1786/870,Buprestidae
1707567.jpeg,1960,J.V.Jylland Skallingen
1710000.jpeg,28/7,MISSING
1709548.jpeg,MISSING,MISSING
1728561.jpeg,1728561,STATENS NATURHISTORISKE MUSEUM KOPENHAVNS UNIVERSITET
1728482.jpeg,Lolland,Coll. Febrilius de Teugnagel
1707774.jpeg,1787774,Schiedte
1743593.jpeg,MISSING,MISSING
1708446.jpeg,27-10-1917,STOCKHOLM
1709757.jpeg,MISSING,Gluf Jacobsensen
1708437.jpeg,1908/16,"DANIA, COLL."
1743060.jpeg,15.10.21,"Dania, Coll."
1707544.jpeg,1890,"Statens Naturhistoriske Museum, Copenhagen"
1708707.jpeg,17083787,KOPENHAVNS UNIVERSITET
1706190.jpeg,23/1-1937,Svendborg Amt
1706151.jpeg,MISSING,MISSING
1708710.jpeg,21.10.1977.,Grunø strand.
1708344.jpeg,1788344,Klaesque
1709437.jpeg,24.II.1916,A. West
1706826.jpeg,1870,Jylland
1709537.jpeg,MISSING,DRENA
1707270.jpeg,1976-08-17,Krenkerup
1728568.jpeg,MISSING,MISSING
1710375.jpeg,30.7.1946,JONGELAND
1707234.jpeg,1879,GERM
1709911.jpeg,MISSING,MISSING
1707911.jpeg,29.8.1913,Høeg
1708432.jpeg,1975,DANMARKS KLETPLANTEG
1706019.jpeg,19 V.2022,"grassland, leg A.K. Hansen & A. Soldovnikov"
1709218.jpeg,1913,Hoyenhaven
1743856.jpeg,1863,Dassco
1743703.jpeg,MISSING,Tegnægøl
1743520.jpeg,19/5/75,Sjusjøen
1709753.jpeg,2014,Cald.
1708981.jpeg,MISSING,MISSING
1706970.jpeg,MISSING,MISSING
1707771.jpeg,1993,Brygge
1706920.jpeg,25.9.21,Dania
1709556.jpeg,1790,Wüsteni.
1743975.jpeg,1930,Cald.
1706956.jpeg,MISSING,Schiedte
1707550.jpeg,19-8-1955,pusillus
1705816.jpeg,1785,Schifstedt
1706296.jpeg,19.8.2022,"general collecting dung, grassland"
1705731.jpeg,19-6-83,de Tongnages
1708347.jpeg,1942,Sloj.Willau
1705809.jpeg,MISSING,Schiedte
1728484.jpeg,MISSING,Lolland
1706795.jpeg,1945,Roden Skov
1705980.jpeg,1996,Orsild
1707680.jpeg,1870,Dassco
1708865.jpeg,1918,Dania
1705471.jpeg,7/1970,f. fidebus
1708849.jpeg,14-IV-1976,Ejstrupholm
1707267.jpeg,27.7.1998,Dania coll.
1709843.jpeg,19.7.1985,Johs. Andersen
1707207.jpeg,20-8-62,Dyrehaven.
1706441.jpeg,1971,Lyvindae
1710378.jpeg,1781,Kongens Lyngby
1706417.jpeg,3.9.1885,Kopenhagen
1743053.jpeg,16.10.1938,Coll. Johs. Andersen
1707844.jpeg,1874,Dassco
1743780.jpeg,1932-09-36,Bbodj.
1742985.jpeg,30.8.1997,STATENIS NATURHISTORISKE MUSEUM KOPENHAVNS UNIVERSITET
1743767.jpeg,1930,Dassco
1705841.jpeg,1850,De Tuugaalai
1706155.jpeg,1786,Lolland
1709032.jpeg,22/8/1900,Knaresborg
1728498.jpeg,26.5.1918,Tjekkerover
1709184.jpeg,27.VIII.1985,Alling
1709294.jpeg,MISSING,MISSING
1706949.jpeg,32/4/5/1870,Schiedte
1744536.jpeg,1897,Ler
1742732.jpeg,1904,SCHIADTE
1706822.jpeg,1972,"Dania, Vestjyll, Tipperne"
1707009.jpeg,17/7/1901,Kjetldkhour
1705573.jpeg,16-4-49,Hoveltsvang.
1742714.jpeg,185529,Weygandt
1709961.jpeg,12/7/1939,Svendborg Amt
1708793.jpeg,1870,Pøge
1707653.jpeg,1879,Dassco
1706054.jpeg,1938,HØEG
1705423.jpeg,9.6.1919,Høbygård
1744481.jpeg,1904,Schjødt
1743752.jpeg,19/4/1938,Liselund
1706234.jpeg,1928,Dania
1706053.jpeg,1903,Hoege
1707931.jpeg,1864,Statens Naturhistoriske Museum
1709126.jpeg,1960,Dania
1744683.jpeg,1744683,Dania coll.
1705658.jpeg,18.9.37,Dania
1743987.jpeg,26-7-1951,Dania coll.
1742711.jpeg,18.5.1939,Kopenhagen
1706263.jpeg,1876,Dassco
1743036.jpeg,MISSING,MISSING
1706229.jpeg,1966,Hiderø
1744693.jpeg,1945,Dania
1707260.jpeg,9.VII.1985,Bjergsted
1706761.jpeg,1930,"Statens Naturhistoriske Museum, Københavns Universitet"
1706336.jpeg,2/6/1856,Slovakia
1705477.jpeg,1820,Fjelland
1728588.jpeg,6.v.2007,"DANMARK, NEZ UC 11"
1708377.jpeg,27.4.49,Frederikslund.
1707830.jpeg,MISSING,MISSING
1706844.jpeg,5-8-1933,Dania
1707488.jpeg,19-5-1829,Schalitz
1707767.jpeg,1894,SCHIADTE
1709569.jpeg,4/5/1901,"Celle, Jern Haller"
1743015.jpeg,19 V.2022,"general collecting dung,grassland"
1707350.jpeg,MISSING,MISSING
1707660.jpeg,MISSING,MISSING
1707854.jpeg,29-5-1985,"Røsnæs Kongstrup, JH"
1707554.jpeg,14-5-1954,Dania coll.
1742744.jpeg,1904,Schiodte
1706459.jpeg,1946,Hjermad
1709443.jpeg,26.9.1919,A. West
1706785.jpeg,29-7-49,Qsserbo
1707314.jpeg,17.6.92,Dania
1706983.jpeg,MISSING,MISSING
1705460.jpeg,MISSING,MISSING
1706127.jpeg,1796,Hegyehágó
1742750.jpeg,1870,Schiodte
1742731.jpeg,1904,SCHOTTE
1705808.jpeg,MISSING,Schiedte
1742979.jpeg,1908,Gol.
1743544.jpeg,MISSING,Fligensborg
1705847.jpeg,1896,Copenhagen
1743518.jpeg,1997,JENSEN-HAARUP
1707405.jpeg,1907,Ri
1743914.jpeg,1955,Bommerlund Plantage
1743574.jpeg,MISSING,MISSING
1743515.jpeg,1907,Dassco
1707174.jpeg,MISSING,MISSING
1705702.jpeg,MISSING,MISSING
1707783.jpeg,1862,Ejendal
1708421.jpeg,25-9-1960,Dania
1709754.jpeg,1903,Celle
1707585.jpeg,8.VI.2003,Tofte
1707744.jpeg,5-5-1974,SKALLINGEN
1708803.jpeg,13/10-46,S.J.Rarbek
1709014.jpeg,6.9.02,Sonderburg
1707591.jpeg,2.6.48,Roland
1709231.jpeg,1898,Dania
1744632.jpeg,15/2/1934,Svendborg Amt Coll Christiani
1709025.jpeg,189/1887,Kobenhavn
1705482.jpeg,MISSING,MISSING
1708881.jpeg,2010-1992,"Dania, Coll."
1743893.jpeg,1874,"Nørre, Thy"
1708381.jpeg,17-9-49,Grib Skov
1709174.jpeg,1945,SCHENKELHAYNE
1744590.jpeg,MISSING,MISSING
1706958.jpeg,MISSING,Schiodte
1708386.jpeg,157/5/1960,Vemo
1708338.jpeg,1925,Gall. Bladnæs.
1743769.jpeg,1930,Holmudd
1709123.jpeg,19-9-1953,DANIA
1705889.jpeg,25/6-8/7 1943,København
1709896.jpeg,MISSING,MISSING
1708452.jpeg,1897,MISSING
1706423.jpeg,17/6/1871,Schiede
1705568.jpeg,2018,Sjø Molles
1706334.jpeg,MISSING,MISSING
1709345.jpeg,1949,Dania
1707529.jpeg,1948,Ko 275-55
1728599.jpeg,1947,Saltholm
1707055.jpeg,1966,Eremifagen
1707325.jpeg,MISSING,MISSING
1706349.jpeg,MISSING,MISSING
1707360.jpeg,MISSING,MISSING
1708664.jpeg,1974,Hvistebol
1705529.jpeg,MISSING,Jespen-Maarup
1707167.jpeg,1787/10/6,LAV
1706460.jpeg,1974/68/71,Jydske Hede
1707057.jpeg,1-7-28,"Dania, Coll."
1708878.jpeg,26-10-1972,Dania
1743924.jpeg,6/12/1962,"Lumssås, Odde"
1706959.jpeg,1870,SCHIEDTE
1706461.jpeg,1964/67,Hygrendal
1744585.jpeg,MISSING,MISSING
1707869.jpeg,1960,Dania
1709095.jpeg,6-10-1914,Nagell Skov
1705425.jpeg,19.5.1870,Hogesens
1744664.jpeg,19.87,Agger
1707331.jpeg,MISSING,MISSING
1706973.jpeg,1850,Lav
1709153.jpeg,1919,CHR.ENGELHART
1705890.jpeg,23-8-2019,Worm-Hamlet
1707614.jpeg,22.9.88,Stodid
1709421.jpeg,MISSING,MISSING
1743511.jpeg,MISSING,MISSING
1708447.jpeg,1969,FLYUEMDE
1706409.jpeg,19.5.19,Axaholm
1706801.jpeg,22/7/1906,Dyrehaven
1706081.jpeg,1890,Rfume
1742754.jpeg,1907,Schladte
1707408.jpeg,1782,Copenhagen
1708835.jpeg,MISSING,MISSING
1707639.jpeg,1870,Schiede
1709873.jpeg,1894,Hoggydunrig
1743064.jpeg,1743,Dassco
1708412.jpeg,2-10-1915,KAGSMOJEN
1707746.jpeg,9.VI.1992,Dassco
1743556.jpeg,1907,Schiedte
1708811.jpeg,1890,Sph.
1728461.jpeg,MISSING,MISSING
1706311.jpeg,1869,Dania
1709250.jpeg,1944,SCHIEDTTE
1709998.jpeg,1878,HARBO
1743993.jpeg,26-7-1961,Dania coll.
1705427.jpeg,8.9.1883,Coll. Johs. Andersen
1707905.jpeg,26.3.1922,Bygdehaven
1709979.jpeg,1915,Schaitz
1705648.jpeg,1915,Skagen
1708798.jpeg,1897,Valka
1709063.jpeg,1934,Tangiv
1709929.jpeg,MISSING,MISSING
1744649.jpeg,1971,Dania
1706812.jpeg,1968,Jylland Ringkøbing Vedersø Klit Strandopskyl
1743945.jpeg,12 IX 1971,"Ryket, L. Varisse SI."
1705852.jpeg,1901,Copen
1709907.jpeg,1904,MISSING
1706238.jpeg,1965,Sjælland
1707064.jpeg,25.8.87,Harboor
1705461.jpeg,MISSING,MISSING
1706321.jpeg,1852,Bog
1743594.jpeg,8.00,Nordholm
1743898.jpeg,1854,Worm-Hansen
1705880.jpeg,6-7-37,Trelldi
1705513.jpeg,MISSING,MISSING
1706029.jpeg,19 V2022,"Bakke, 55.9922N, 10.5515E"
1709772.jpeg,178972,Dania coll.
1706317.jpeg,1786317,Schiedte
1743902.jpeg,29.Juli-11.Aug.1894,Gallehus Skov
1708341.jpeg,22-9-36,Bodø
1705835.jpeg,MISSING,MISSING
1705670.jpeg,MISSING,MISSING
1743744.jpeg,1915-1918,Trekroner
1707917.jpeg,2.5.9.1937,Copenhagen
1709413.jpeg,MISSING,MISSING
1743721.jpeg,MISSING,MISSING
1707914.jpeg,1913,Høeg
1707852.jpeg,1878,Jensen-Kaarup
1744582.jpeg,MISSING,MISSING
1707394.jpeg,1879,Tegnagul
1706093.jpeg,1904,SCHNITZEL
1705788.jpeg,1879,Dassco
1707051.jpeg,1966,Tilg.1.11.1966
1709475.jpeg,MISSING,Schiodte
1709310.jpeg,1934,Dassco
1706010.jpeg,19.7.1962,DK
1707542.jpeg,1787542,"Statens Naturhistoriske Museum, Københavns Universitet"
1708474.jpeg,17888474,STATENS NATURHISTORISKE MUSEUM KOPENHAVNS UNIVERSITET
1705934.jpeg,7.5.49.,"Dania, Coll."
1744569.jpeg,MISSING,MISSING
1743815.jpeg,16.6.1929,S.V.G.L.
1706356.jpeg,MISSING,MISSING
1742728.jpeg,20-5-72,Dania
1706984.jpeg,MISSING,STATENS NATURHISTORISKE MUSEUM KOPENHAVNS UNIVERSITET
1705455.jpeg,1992,DK
1706452.jpeg,1764,AFRICA
1728575.jpeg,MISSING,MISSING
1706902.jpeg,19.6.1903,Borgensby
1706122.jpeg,MISSING,MISSING
1706497.jpeg,1876,Dassco
1706868.jpeg,23-6-72,DANIA: Coll. Karsten Schnack
1709579.jpeg,MISSING,MISSING
1707644.jpeg,1787644,Nordens Naturhistoriske Museum
1708853.jpeg,15 XI 1976,Ejstrupholm
1709509.jpeg,MISSING,MISSING
1707702.jpeg,MISSING,MISSING
1705506.jpeg,MISSING,MISSING
1708415.jpeg,25-9-1860,Dania
1706514.jpeg,26-8-1968,DANIS. Cell.
1743770.jpeg,1921,Sv. Larsen
1707928.jpeg,13.5.1938,Dassco
1707668.jpeg,1787668,Kopenhagen
1705439.jpeg,17.5.22,Dania Coll Victor Hansen
1708380.jpeg,6-9-49,Høvelte
1728503.jpeg,1894-96,Agraevarium
1706814.jpeg,1968,Jylland Ringkøbing Vedersø Klit Strandoppskylt
1710393.jpeg,1890,Celle
1742719.jpeg,17.5.92,Søllerød
1708942.jpeg,1794/970,Schiedte
1744551.jpeg,MISSING,MISSING
1706399.jpeg,21.VII.2004,Lodskopgrav
1706512.jpeg,1887,Aalborg
1709522.jpeg,MISSING,MISSING
1706439.jpeg,1904/04/21,Schøbøl
1709399.jpeg,27 IV 2022,"Helsinge, Grønne Vestkile, 56.0375N, 12.5598E"
1706237.jpeg,1965,Kongens Lyngby
1707272.jpeg,17-VIII-1976,Krenkerup
1709335.jpeg,19-9-1953,"Dania, Cellie"
1705807.jpeg,1890,Schiede
1706986.jpeg,MISSING,MISSING
1706989.jpeg,1890,Lolland
1709392.jpeg,27.IV.2022,"DENMARK, NEZ: Helsingor, Grenne Vestkile, 56.0373N"
1744573.jpeg,MISSING,MISSING
1709575.jpeg,2/4/1889,C. le Doux
1709159.jpeg,1890,Nordland
1708039.jpeg,1939,Svendborg Amt
1705694.jpeg,1876,Nordjylland
1708990.jpeg,MISSING,MISSING
1707286.jpeg,1934,Slothed Skot
1709991.jpeg,13.vi. 1978,"Røsnæs, Kongstrup"
1709964.jpeg,12/7/1939,Svendborg Amt
1742999.jpeg,22.7.1992,Dania coll.
1707213.jpeg,30-8-62,Dyrehaven
1705666.jpeg,MISSING,MISSING
1743840.jpeg,1976/07,Nyberg Lassen
1706076.jpeg,2.7.1937,Coll. Johs. Andersen
1706882.jpeg,1908,DARIE
1705429.jpeg,18.5.1903,HALL
1707257.jpeg,MISSING,Schiedte
1709152.jpeg,1919,Copenhagen
1709161.jpeg,MISSING,MISSING
1706301.jpeg,1954,Habro Skov
1706964.jpeg,1904,Schiede
1709960.jpeg,12/7/1939,Svendborg Amt
1705724.jpeg,MISSING,MISSING
1705497.jpeg,MISSING,MISSING
1705763.jpeg,24-8-1915,Skagen
1744599.jpeg,MISSING,MISSING
1707629.jpeg,1993,Schiodte
1709316.jpeg,1907,Dyrehaven
1728603.jpeg,2009,Herbist
1744607.jpeg,1891,Gunduj Krak
1708923.jpeg,1879,Dania
1708387.jpeg,1959,Vodskov
1743845.jpeg,1872,Nyborg-Lassen
1705550.jpeg,10-7-37,Rando Fj
1706352.jpeg,MISSING,MISSING
1706282.jpeg,1950,Denet Dania
1743730.jpeg,MISSING,MISSING
1709813.jpeg,12.IV.2071,Sukkertoppen
1705591.jpeg,21/15/1922,Lellinge Aa
1705684.jpeg,1904,Schlagte
1706853.jpeg,1876,Dykkhave
1709848.jpeg,1866,Dania
1744703.jpeg,1890,Genget Dania
1708695.jpeg,1872,Dassco
1707001.jpeg,MISSING,MISSING
1709313.jpeg,18-5-1943,Saltholm
1743994.jpeg,26-7-1961,Dania coll.
1708895.jpeg,9-10-1972,MARSELISSborg
1709525.jpeg,MISSING,MISSING
1706240.jpeg,26-5-1962,Dania
1743531.jpeg,8.4.1883,Coll.: Johs. Andersen
1709963.jpeg,1939,Svendborg Amt
1709023.jpeg,1890,Kopenhagen
1744668.jpeg,1744668,Statens Naturhistoriske Museum
1707886.jpeg,1896,Statens Naturhistoriske Museum
1742722.jpeg,17.9.22,Dania
1709890.jpeg,MISSING,MISSING
1709248.jpeg,1874,BIG-CHAMARU
1744535.jpeg,1904,SCHWEDEN
1706485.jpeg,MISSING,MISSING
1705699.jpeg,MISSING,MISSING
1707003.jpeg,1902,Røret
1707747.jpeg,5-5-1974,SKALLINGEN
1707686.jpeg,MISSING,MISSING
1708360.jpeg,1908,Skaagen
1707298.jpeg,1957,DAKIA
1728577.jpeg,6-1916,K.W.
1707464.jpeg,2.6.1973,Dyrehaven
1708978.jpeg,MISSING,Danesø
1710403.jpeg,1890,Haug
1708765.jpeg,MISSING,MISSING
1709194.jpeg,29-8-1962,Dyrehaven
1709566.jpeg,14/4/1896,"Statens Naturhistoriske Museum, Københavns Universitet"
1708888.jpeg,13.10.1991,Dania coll.
1706455.jpeg,1786455,DassCo
1709090.jpeg,21.9.1903,Schaltz
1709434.jpeg,MISSING,MISSING
1708352.jpeg,1929,Suecia
1743771.jpeg,1930,Dassco
1707320.jpeg,17.6.92,Dania
1744541.jpeg,MISSING,MISSING
1709055.jpeg,23.8.09,Jesen-Baarup
1709252.jpeg,1944,Schiödte
1708709.jpeg,1867,Dania
1705928.jpeg,12-6-43,Sandbjerg
1706875.jpeg,26-7-1951,"Dania coll., Hans Genget"
1707815.jpeg,1787815,NMB
1705641.jpeg,10.8.1944,S.Raguen
1706839.jpeg,1953,Dania
1707315.jpeg,6.6.20,Dania
1706203.jpeg,1804,Dyrehaven
1707262.jpeg,4.9.1979,Dania coll.
1707159.jpeg,1820/5/1868,Aarhus
1743849.jpeg,10-5-63,MISSING
1706502.jpeg,1993,DK
1707823.jpeg,MISSING,MISSING
1706132.jpeg,1876/1876,Borndel
1705583.jpeg,29-5-1965,"Dania, V.Sjelland, Køge Kommune, Køge Kommunekommune"
1705922.jpeg,1937,Veddinge
1744701.jpeg,1956,Hania
1708890.jpeg,4-10-1972,MARSELIISBORG
1743885.jpeg,1875,Jy. Herning Brændgaard
1706856.jpeg,1786456,NMD
1707853.jpeg,1992,Tarmeskamp
1706813.jpeg,1968,Jylland Ringkøbing Vedersø Klit Strandopskyl
1708737.jpeg,1708737,"DANIA, COLL VICTOR HANSEN"
1709422.jpeg,MISSING,MISSING
1707864.jpeg,1787864,NMD
1706004.jpeg,F.VI.1903,Tofte Skov
1708761.jpeg,1882,Celle
1709015.jpeg,6.9.02,Sonderburg
1709102.jpeg,1935,Bræmstrup
1707965.jpeg,1787965,"Statens Naturhistoriske Museum, Københavns Universitet"
1708348.jpeg,6/6/1942,Bornholm
1742759.jpeg,1907,SCHIODETE
1707624.jpeg,1878,Dassco
1705793.jpeg,25.6.1913,Hegg
1706003.jpeg,12.V.1990,Hæstemark Skov NEJ
1709805.jpeg,21 Mai 1950,"Køgehus, Sjælland"
1707949.jpeg,1870,Schjödte
1709955.jpeg,1930,Halmstad.
1707068.jpeg,1870,Harboudi
1742828.jpeg,1900,Rørbæk
1708041.jpeg,17/6 1940,Svendborg Amt
1707939.jpeg,1905,Dania
1705709.jpeg,17/8/1902,Havna
1705734.jpeg,Suditassancios,Danmark
1707620.jpeg,19.5.29,Dania
1706939.jpeg,MISSING,Schjøtete
1709846.jpeg,2018,Dania
1709447.jpeg,19.5.1915,Hoeq
1706955.jpeg,1786955,Schidte
1705758.jpeg,1903,Gultervann
1708740.jpeg,1870,Bjørn
1709224.jpeg,1905-10-19,Svithavnen
1707578.jpeg,7.6.1990,Dania coll.
1743890.jpeg,23-8-1913,Worm-Hansens
1709487.jpeg,1879,SCHLIDTE
1706498.jpeg,MISSING,MISSING
1706796.jpeg,1941,Wern-Huset
1706787.jpeg,1930,Hillerød
1705728.jpeg,MISSING,Lolland
1744533.jpeg,1879,Svendborg
1705520.jpeg,1800,Dyrehaven
1706924.jpeg,5.6.72,Dania
1743506.jpeg,MISSING,Danes
1743829.jpeg,16.6.1929,S.V.G.L.
1707749.jpeg,24-V-1975,Harrild hede
1743861.jpeg,19-6-1816,Vandrup
1706308.jpeg,29.6.92,KANDERSTEDT
1744688.jpeg,10-5-1976,Kongelunden
1744558.jpeg,1744558,NMMI
1742783.jpeg,MISSING,MISSING
1706398.jpeg,21.VII.2004,Lodskorsund
1709093.jpeg,9-20-1864,"Colt, Schaltz"
1709948.jpeg,196-17,Esbjerg
1728529.jpeg,28-5-55,Kollerod
1706309.jpeg,1895,Johs. Andersen
1707277.jpeg,1953,Kopenup Sjøll
1705599.jpeg,1850,Tidovne
1707726.jpeg,24.5-1974,Dania
1706221.jpeg,1804,Dyrehaven
1743016.jpeg,19 V.2022,"general collecting dung,grassland"
1728493.jpeg,1/5/1998,Havgen
1728579.jpeg,28.VII.1987,Strandvej
1710344.jpeg,1931,"MidtJylland, Galgeha, Hjarbæk"
1706941.jpeg,1786541,Syrien
1743800.jpeg,1941,P. Johnsen
1706919.jpeg,195.9.21,Dania
1744539.jpeg,MISSING,MISSING
1707750.jpeg,8.VI.2003,Tetteskæet
1707824.jpeg,MISSING,MISSING
1709396.jpeg,27.IV.2022,"DENMARK: NEZ. Helsingen, Grønne Vestkøle 56.0375N 12.598E"
1705447.jpeg,1975/04/20,Copenhagen
1709916.jpeg,17899916,Dassco
1707530.jpeg,24.5.88,Terning
1706325.jpeg,17/10/62,Bay
1709323.jpeg,21-5-49,Etemilagen
1706100.jpeg,1786,Schladte
1709459.jpeg,8.7.1883,Wavum
1743843.jpeg,1871/6/4,Nyborg-Lassen
1706200.jpeg,1876,Kongens Lyngby
1707328.jpeg,1879,Schiedte
1707264.jpeg,23.7.1998,DANIA COLL.
1705697.jpeg,MISSING,MISSING
1744634.jpeg,2/5 1938,Sollinge
1728485.jpeg,1890,Tjus
1709074.jpeg,1916,Søtholm
1742832.jpeg,11-5-34,Klampenborg Dyrehave
1707349.jpeg,1876,Borsholm
1743579.jpeg,1890,Seydlitz
1743720.jpeg,MISSING,Jessen-Aarup
1744605.jpeg,MISSING,MISSING
1708751.jpeg,1708751,"Statens Naturhistoriske Museum, Københavns Universitet"
1707903.jpeg,28.8.1942,A. West
1708398.jpeg,1864,"Dania, Coll."
1706934.jpeg,1975/07/01,SCHIEDTE
1709755.jpeg,1907,Statens Naturhistoriske Museum
1710406.jpeg,1929,Hoege
1743704.jpeg,1904,Tengesøgel
1709954.jpeg,28/7/1930,5691
1707208.jpeg,30-8-62,Dyrehaven
1742793.jpeg,1904,Bosenup
1707444.jpeg,1876,Rosenberg
1742770.jpeg,1869,Horn
1707599.jpeg,21.6.92,Skagen
1743911.jpeg,1-10 Aug 1893,Froslev
1744656.jpeg,1906,Schaltz
1705949.jpeg,1867,Klatrup syd f. Vejle
1707344.jpeg,1890,Løv
1705798.jpeg,22.5.1902,Coll. Johs. Andersen
1706293.jpeg,14.V.2011,Dassco
1743838.jpeg,1874/79,Nyborg-Lassen
1744477.jpeg,1902,Schjødtte
1706192.jpeg,1/6/1937,Svendborg Amt Coll. Christiani
1743034.jpeg,11.5.1982,Grib Skov
1705900.jpeg,1870,Tollisee
1743028.jpeg,31.V.1986,Dania
1705551.jpeg,10-7-37,Rands Fj.
1706453.jpeg,1764,Hundested
1707531.jpeg,1875,Rope
1708011.jpeg,1794,Sagel
1708460.jpeg,1788460,STATENATURHISTORISKE MUSEUM
1706454.jpeg,1874,Rydehus
1709768.jpeg,12-5-1981,Dania coll.
1706097.jpeg,1870,Schiedte
1707228.jpeg,197-7-1997,Dania
1728478.jpeg,MISSING,Lolland
1707729.jpeg,1780,"Statens Naturhistoriske Museum, København"
1708768.jpeg,1877,Kopenhagen
1706042.jpeg,20.5.34,A. West
1744602.jpeg,MISSING,MISSING
1743981.jpeg,1985,Munchholm
1708754.jpeg,1870,Fjorde
1706849.jpeg,24.06.1976,DANMARK
1743023.jpeg,21 Mai 1950,København
1706286.jpeg,18-6-1956,Dania coll.
1743010.jpeg,19. V. 2022,"general collecting dung, grassland, leg A.K. Hansen & N. Kozdovnikov"
1708392.jpeg,1893,Dania
1728536.jpeg,1809,Grenarium
1706371.jpeg,1780,Dassco
1709207.jpeg,29.8.39,Dassco
1707483.jpeg,5-6-1922,Dyrehaven
1707126.jpeg,28.7.18,Dania
1707742.jpeg,5-5-1974,SKALLINGEN
1708926.jpeg,1868,Dania
1706484.jpeg,MISSING,MISSING
1709780.jpeg,1859,HARRESDAL
1743982.jpeg,27.IV.1986,Brandholt
1707900.jpeg,12.4V.2011,Sukkerlappen
1709460.jpeg,26.2.1931,"Statens Naturhistoriske Museum, Københavns Universitet"
1744482.jpeg,1904,Schjödetæ
1709779.jpeg,1947,HARBOUR
1743810.jpeg,16.09.1929,Sv. t. u.
1706829.jpeg,12/6/1962,Nordsjælland
1705533.jpeg,MISSING,MISSING
1705708.jpeg,17/8/1902,Maceria
1707251.jpeg,1870,Schiede
1744662.jpeg,20.5.95,Løbøejs
1705483.jpeg,1905,BREMEN
1706840.jpeg,2-29191,Dania
1708920.jpeg,20.8.1940,Johs. Andersen
1706082.jpeg,1876,Ryom
1708436.jpeg,24.9.75,Dania
1707977.jpeg,MISSING,MISSING
1708995.jpeg,MISSING,MISSING
1709526.jpeg,MISSING,MISSING
1705865.jpeg,1895,Tundro
1728451.jpeg,MISSING,MISSING
1706046.jpeg,20.5.94,Risø
1708877.jpeg,26-10-1937,Dania
1708750.jpeg,1788750,Statens Naturhistoriske Museum
1705792.jpeg,1908,DANIA
1706279.jpeg,1876,DANIA
1707918.jpeg,1967,Dyrehaven
1744597.jpeg,1744597,Dassco
1709107.jpeg,10-9-1935,K.O.Leth leg.
1707594.jpeg,13.6.92,A West
1743939.jpeg,1960,V.Sjælland
1707650.jpeg,5/6/87,Sul
1708806.jpeg,23/11/1969,"Dania, Jylland, Karup"
1742782.jpeg,MISSING,MISSING
1705828.jpeg,1860,Mack
1709125.jpeg,25-9-1960,"Dania, Coll."
1705801.jpeg,1906,Dania
1709852.jpeg,22.8.19,Dania
1710367.jpeg,1877/98,Jongsgaard
1705604.jpeg,MISSING,MISSING
1709222.jpeg,1896,Dyrehaven
1710334.jpeg,23-6-1981,Hjarbæk
1709497.jpeg,1902,Schjådte
1706131.jpeg,1908,Kongens Lyngby
1709974.jpeg,1978-01,Stubbbergard Sevel
1709729.jpeg,10-5-63,Statens Naturhistoriske Museum
1743989.jpeg,16-9-1951,DANIA COLL.
1705849.jpeg,185/1890,Selø
1707780.jpeg,1864/02,Dassco
1708818.jpeg,1788818,Dassco
1709841.jpeg,1988,Kronborg
1710394.jpeg,1906,Dassco
1709541.jpeg,MISSING,Lolland
1709138.jpeg,23.9.1933,RISØ ROSKILDE
1709051.jpeg,1907,Tentamn
1744581.jpeg,MISSING,MISSING
1743899.jpeg,1954,Nørreby
1708894.jpeg,9-10-1972,MARSELISSborg
1707485.jpeg,1829,Dassco
1743042.jpeg,26.9.1922,Dassco
1707821.jpeg,MISSING,MISSING
1743959.jpeg,1974,SILHOLMEN
1707540.jpeg,MISSING,MISSING
1743948.jpeg,4-4-1953,"Dania, Celle"
1706824.jpeg,1869,Nordmarken
1708694.jpeg,28-9-1969,Bedei
1709847.jpeg,1878,Dania
1707004.jpeg,26/8/1899,Jens Maiter
1707274.jpeg,19-X-1976,Sundby storsk
1707425.jpeg,MISSING,Svejlbak
1707566.jpeg,20-5-1956,Skegg Dania
1707426.jpeg,29 MAY 1897,O. jacobsen
1706435.jpeg,1/6/1871,by vand.
1705605.jpeg,MISSING,MISSING
1707452.jpeg,21-5-49,Tilg*1.11.1966
1705918.jpeg,1-6-50,Heslehaven Hillerød.
1705649.jpeg,1993,DK
1709186.jpeg,29-8-1952,Dyrehaven
1707473.jpeg,19-5-1987,Vandvøen
1705633.jpeg,21.7.1974,Dania coll.
1744564.jpeg,MISSING,MISSING
1709476.jpeg,MISSING,Schiddte
1707845.jpeg,1787845,STATENS NATURHISTORISKE MUSEUM
1708438.jpeg,1879,Barnholm
1743500.jpeg,1993,DK
1706915.jpeg,1898,Kopenhagen
1706830.jpeg,1928,Dania
1708807.jpeg,1873,"Dania, Schleswig"
1707366.jpeg,MISSING,MISSING
1707675.jpeg,MISSING,MISSING
1743583.jpeg,1743583,tejgagel
1743879.jpeg,14.4.1949,Rüde Skov
1709581.jpeg,1870,Dybelhaven
1743922.jpeg,22-10-1974,"DANIA, STHENHUSIT"
1728565.jpeg,MISSING,MISSING
1743014.jpeg,1984,"Denmark, Samsø, EJ Faisdal"
1743799.jpeg,1942,Dassco
1705444.jpeg,1970/5/2,Schiedte
1709027.jpeg,13/9/1887,Kobegahow
1706040.jpeg,20.5.39,A. West
1743985.jpeg,1986,Hede
1707463.jpeg,2.6.1893,Dyrehaven
1744665.jpeg,1879,Hans
1709197.jpeg,1894,Dania
1710404.jpeg,1927,Hoeeg
1705542.jpeg,28/5/1939,Svendborg Amt
1708802.jpeg,18.10.44,Røløkshå
1707080.jpeg,29-5-1931,Dyrehaven
1705863.jpeg,1900,Bentsteg
1706433.jpeg,2017,AFRICA
1705494.jpeg,MISSING,MISSING
1709120.jpeg,19-6-1953,Dania
1743491.jpeg,26/1876,Heggieidene
1709592.jpeg,1906,Jylland
1709445.jpeg,1830,HOGEG
1743836.jpeg,13-8-30,H. Lemche.
1709927.jpeg,19/8/86,Göteborg
1742774.jpeg,MISSING,MISSING
1705419.jpeg,25.6.1913,DANIA
1706445.jpeg,1871,Lipnides
1706981.jpeg,MISSING,MISSING
1709988.jpeg,7-8/1933,Dania
1709530.jpeg,MISSING,MISSING
1708759.jpeg,1948,Hornsaae
1709640.jpeg,1925,Nyborg-Lassen
1708416.jpeg,1950,"Dania, Coll."
1707317.jpeg,1787317,Dania
1707898.jpeg,2.1V.1983,Sandmilen 8 Skagen NEJ
1705756.jpeg,7-6-1954,"Dania, Coll."
1709491.jpeg,1789,Dassco
1707984.jpeg,1876,Lars
1728488.jpeg,1724848,Jensen-Karup
1706137.jpeg,1904,MISSING
1710373.jpeg,1990,Dania coll.
1709298.jpeg,1896,Hede
1709479.jpeg,MISSING,MISSING
1706404.jpeg,21.VII.2004,Lædskorred
1705437.jpeg,27.6.11,Dania
1744707.jpeg,4.5.1978,Dania coll.
1743756.jpeg,1930,Ribe
1743576.jpeg,1904,Kopenhagen
1707230.jpeg,1898,Bognaes
1707324.jpeg,1780,Kopenhagen
1707858.jpeg,1870,Uguttah
1705855.jpeg,2.6.1913,JENSEN-HAARUP
1742740.jpeg,MISSING,MISSING
1706199.jpeg,1772,Sundby
1706757.jpeg,1930,Lange
1709932.jpeg,1894,Sagk.
1744446.jpeg,1978,HAEEG
1743011.jpeg,19 V.2022,"general collecting dung,grassland"
1707631.jpeg,1780,Schliete
1706491.jpeg,MISSING,MISSING
1708823.jpeg,1945,"Statens Naturhistoriske Museum, Københavns Universitet"
1743918.jpeg,1964,Nordjyskland
1743967.jpeg,1850,L.
1708439.jpeg,17808430,Lamholt
1709219.jpeg,1913,Dyjehaven
1709915.jpeg,MISSING,MISSING
1707843.jpeg,1787843,de Tengnagel
1705910.jpeg,1917,Dassco
1707059.jpeg,1-7-28,"Dania, Coll."
1709835.jpeg,1883,Johs. Andersen
1706000.jpeg,2004,Dante
1709067.jpeg,1935,Svendborg Amt
1707565.jpeg,1954,Dania
1743710.jpeg,1890,C. le Deus
1707150.jpeg,1888,KOPENHAVNS UNIVERSITET
1707196.jpeg,27/7/18,Aarhus
1705619.jpeg,14-5-1954,Kulhuse
1743527.jpeg,1904,Kulhacek
1728467.jpeg,MISSING,Dassco
1706262.jpeg,1978/02,Freyng
1706171.jpeg,MISSING,STATEN MUSEUM
1706146.jpeg,MISSING,MISSING
1728537.jpeg,23-8-1915,SHAGEN
1706999.jpeg,1870,Holland
1709372.jpeg,2-10-1952,Dyrehaven
1705695.jpeg,1870,Nordisk
1705420.jpeg,1913,Hoeeg
1707170.jpeg,MISSING,MISSING
1709168.jpeg,1789/9158,STATENS NATURHISTORISKE MUSEUM
1707982.jpeg,1890,Lav.
1706867.jpeg,28.7.39,DANIA: Coll. Karsten Schnack
1706790.jpeg,1855,Cella Schaltz
1709429.jpeg,27.IV.2022,"Hellebæk, Avlsgård, Køhove"
1708937.jpeg,1788937,Schiedte
1706210.jpeg,1925,Dyrehaven
1708925.jpeg,28.9.18,Dania
1743726.jpeg,24-8-1953,Worm-Hansen
1708426.jpeg,8-9/1970,"Dania, Coll."
1708672.jpeg,1930,København
1709357.jpeg,MISSING,MISSING
1708993.jpeg,1846,Dassco
1705575.jpeg,12-6-50,Jægerspris.
1708356.jpeg,25-5-1944,Vandrup
1744696.jpeg,1874,Dania
1707865.jpeg,1902,Dassco
1709517.jpeg,MISSING,MISSING
1708866.jpeg,26.10.1978,Dania
1706266.jpeg,MISSING,MISSING
1707923.jpeg,1905,Coll. Johs. Andersen
1705898.jpeg,1930,København
1706835.jpeg,22-5-1965,Kongstrup
1708451.jpeg,1891,Taschvoll
1708671.jpeg,1907,H
1707878.jpeg,1902,Schiedte
1709735.jpeg,10-5-63,MISSING
1707035.jpeg,1924-5-38,MISSING
1707667.jpeg,MISSING,MISSING
1708897.jpeg,9-10-1972,MARSELSISBORG
1706843.jpeg,16.7.1996,LIMA JORDEN
1705598.jpeg,1894,Fresville
1709347.jpeg,1789347,"Statens Naturhistoriske Museum, København"
1709293.jpeg,MISSING,MISSING
1708858.jpeg,1-16-1959,Sikkeløg
1709005.jpeg,1798,Lolland
1728457.jpeg,MISSING,MISSING
1707340.jpeg,MISSING,Schiødtte
1709284.jpeg,MISSING,MISSING
1707458.jpeg,1966,Tisvilde Hegn.
1709322.jpeg,1800-02-29,Cactus
1707361.jpeg,1870,Havn
1705654.jpeg,1873,Dania
1707498.jpeg,1862,Dania
1744628.jpeg,23/1/1936,Rudkøbing Svendborg Amt
1705674.jpeg,1874,Køge
1709368.jpeg,6-4-1952,Dyrehaven
1742822.jpeg,29/6/1908,Kjeldshov
1706942.jpeg,1954/70,Bygdehamm
1744637.jpeg,1966,Tisvilde Strand
1709409.jpeg,MISSING,MISSING
1706401.jpeg,21.VII.2004,NEMH
1708430.jpeg,21.X. 1976,"Dania, Sjælland Røsnæs, Kongstrup"
1742995.jpeg,19-7-1961,DANIA COLL. HANS GENGERT
1707752.jpeg,8.VI.2003,Tettes Skov
1710379.jpeg,29. august 1993,"Kongstrup, Rønneag"
1707718.jpeg,17-06-1993,DK
1707085.jpeg,29-5-1951,Dyrehaven
1708848.jpeg,1976-04-12,Ejstrupholm
1710410.jpeg,1879,DAN
1705669.jpeg,MISSING,MISSING
1707413.jpeg,1874,Tengnagel
1708686.jpeg,23.10.32,Dania
1706211.jpeg,30.6.1942,Gland Bjerg
1708727.jpeg,2010,Heg
1743575.jpeg,1872,Lor
1709972.jpeg,17-7-51,Stubbbergaard Sevel
1705685.jpeg,MISSING,MISSING
1709623.jpeg,1942-04-22,Statens Naturhistoriske Museum
1707371.jpeg,MISSING,Drejøs.
1705624.jpeg,1954,Dania coll.
1707908.jpeg,26.9.1922,Dassco
1706386.jpeg,MISSING,MISSING
1709788.jpeg,1974,MALTRUP
1743745.jpeg,25-8-1920,Biologisk Samling
1709043.jpeg,MISSING,MISSING
1705688.jpeg,1876,Læsø
1709389.jpeg,1947,"Vedergø, Jylland"
1707748.jpeg,5-5-1974,SKALLINGEN
1707129.jpeg,1907,Dania
1709249.jpeg,1964,Schladte
1742752.jpeg,1904,Schjødtte
1706492.jpeg,MISSING,MISSING
1706104.jpeg,1786/184,Kopenhagen
1709844.jpeg,1859,"Statens Naturhistoriske Museum, Copenhagen"
1707635.jpeg,1904,Wiesbaden
1742725.jpeg,5.6.1921,"Dania, Goll."
1743722.jpeg,V.97.,Wüsteni.
1742808.jpeg,MISSING,MISSING
1709745.jpeg,1874,Dassco
1708938.jpeg,1874,Schjødt
1743702.jpeg,MISSING,de Tanggaard
1707651.jpeg,1879,SCHIEDTE
1743858.jpeg,10-5-63,Faxe
1706166.jpeg,1901,Sundager
1708748.jpeg,1788748,Nordisk
1705972.jpeg,1785972,STATENS NATURHISTORISKE MUSEUM KOPENHAVNS UNIVERSITET
1709283.jpeg,MISSING,MISSING
1706500.jpeg,MISSING,MISSING
1707372.jpeg,196/157,Drejebbe
1706513.jpeg,1887,Aalborg.
1744593.jpeg,MISSING,MISSING
1707225.jpeg,17.7.1997,Dania
1708336.jpeg,1931,Dals
1707698.jpeg,MISSING,MISSING
1706996.jpeg,MISSING,Holland
1706267.jpeg,1786267,NMBD
1742765.jpeg,1904,MISSING
1709253.jpeg,1902,Bygland
1743742.jpeg,1909,Altingo
1707280.jpeg,19.6.1924,S. Eutad. Sow.
1707045.jpeg,25-5-1914,Vandrup
1709001.jpeg,1789081,NHMD
1709906.jpeg,MISSING,MISSING
1709098.jpeg,1798,Dania
1743568.jpeg,MISSING,MISSING
1743983.jpeg,1987,DK
1707693.jpeg,1786,Tengnagel
1708756.jpeg,16.10/1873,Nordland
1707342.jpeg,1876,Helle
1744478.jpeg,MISSING,MISSING
1743006.jpeg,25-4-1774,DANIA
1728604.jpeg,22/5/1917,Vestervolden
1707499.jpeg,23.7.72,Dania
1743565.jpeg,MISSING,MISSING
1744629.jpeg,23/1/1936,Svendborg Amt
1743541.jpeg,1743541,Schjødtte
1705647.jpeg,8/8/1926,Bælert
1707302.jpeg,19.7.1928,Grønningen
1728587.jpeg,10.6.1979,Dania coll.
1707596.jpeg,6.6.1924,St. Agern
1707376.jpeg,MISSING,MISSING
1709402.jpeg,MISSING,MISSING
1707070.jpeg,1787878,CHR.EUGELHART
1743892.jpeg,23-8-1953,Nord-Thy
1709277.jpeg,MISSING,MISSING
1706379.jpeg,1894,Lund
1709085.jpeg,2-9-1915,Lurgien
1706469.jpeg,MISSING,MISSING
1744560.jpeg,MISSING,MISSING
1743920.jpeg,1981,Nordsjælland
1708043.jpeg,1936,Svendborg Amt
1707067.jpeg,25.8.1879,Haiti
1743874.jpeg,6-9-49,Sønderskov Hövelte
1705711.jpeg,MISSING,MISSING
1709131.jpeg,25-9/1969,"Dania, Coll."
1705924.jpeg,1948,"Jydeliet, Møn"
1706031.jpeg,19.2.2022,"Det. C.S. Bramsholm et M.D. Draaby, 2022"
1709485.jpeg,MISSING,Schiodte
1706092.jpeg,1786892,Schlodte
1705750.jpeg,1966,Sømark
1707223.jpeg,1976,Dania
1705851.jpeg,25/5/1896,Åtboek
1744670.jpeg,1964,KTH
1706881.jpeg,10-17-44,Jongelund
1707849.jpeg,1870,Sørupdal
1707007.jpeg,18/5/1901,Kobenhavn
1706156.jpeg,1786,Tengnagel
1710383.jpeg,?-VII-1976,Norddyn
1709838.jpeg,7.1883,Johs. Andersen
1743830.jpeg,1923,Rønnebjer
1742794.jpeg,MISSING,Tegegnagel
1743750.jpeg,27.07.03,Hensø-Haarup
1742736.jpeg,1902,Kongens Have
1707753.jpeg,21 Mai 1930,Kagerup
1705586.jpeg,1958,Dania
1705836.jpeg,MISSING,de Tegnungen
1705705.jpeg,17/8/1902,Haven
1706421.jpeg,1971/6/18/71,AF/Malawi
1743888.jpeg,1/8/1938,Wormit
1709415.jpeg,27.IV.2022,"GRANNE VESTSKILDE, 56.0335N, 12.5598E"
1706153.jpeg,MISSING,MISSING
1709226.jpeg,16.1904,Koekaberg
1742776.jpeg,MISSING,MISSING
1706848.jpeg,17.8.1974,Dania
1707294.jpeg,2.8.1831,Dassco
1707220.jpeg,28-8-1976,Dania
1707453.jpeg,21-5-49,Zemilagen.
1707049.jpeg,21-5-49,STEMILAGEN
1707838.jpeg,MISSING,MISSING
1707528.jpeg,1857,Hart
1705753.jpeg,22-7-60,Vstr.Somark.
1710349.jpeg,19-7-1959,Nordvestjyske
1707947.jpeg,1870,Schlæde
1707687.jpeg,MISSING,MISSING
1710339.jpeg,23-6-1951,Hjärrest
1706135.jpeg,1706135,Statens Naturhistoriske Museum Københavns Universitet
1705715.jpeg,MISSING,MISSING
1707469.jpeg,1929,Dyrehaven
1708870.jpeg,26/10/1972,Dassco
1705866.jpeg,20.9.1918,Wielanddleg
1744645.jpeg,1958,Dania
1709761.jpeg,12-10-1962,Dyrehaven
1706297.jpeg,18.V.2022,"grassland, leg. A.K. Hansen"
1706416.jpeg,1876,Fjord
1743941.jpeg,1965,"Kongsgarup,KL"
1709461.jpeg,26.9.1939,"Statens Naturhistoriske Museum, Københavns Universitet"
1706810.jpeg,1968,Jylland Ringkøbing Vedersø Klif Strandopskyl
1705594.jpeg,5.6.1976,i KOKASSE
1744556.jpeg,1904,Lav
1707559.jpeg,26-6-1985,Lindholm
1707414.jpeg,20.6.95,Trindlev
1743513.jpeg,1902,SEROFA
1707437.jpeg,9/5/20,Mose
1705458.jpeg,MISSING,MISSING
1743041.jpeg,26.03.1922,Dassco
1708886.jpeg,13.10.1991,Dania coll.
1708834.jpeg,MISSING,MISSING
1707855.jpeg,27-5-1940,Dania
1707557.jpeg,26-6-1958,Dassco
1707255.jpeg,MISSING,MISSING
1707850.jpeg,25 MAY 1986,SKANDERBORG
1706028.jpeg,19 V.2022,"Bakke, 55.9922N, 10.5515E"
1708909.jpeg,28.8.1915,Horsens
1706932.jpeg,1870,Dassco
1710335.jpeg,1970,"Middlylland Galighel, Njarben"
1707069.jpeg,1908,Copenhagen
1742747.jpeg,MISSING,MISSING
1707379.jpeg,MISSING,MISSING
1742762.jpeg,1853,Björköviken
1707709.jpeg,1877,Tengnagel
1708660.jpeg,1870,Dassco
1705759.jpeg,24-8-1919,Coll. Schaltz
1709031.jpeg,29/8/1902,Sundbyberg
1707545.jpeg,1879,KOPENHAGEN
1707456.jpeg,1966,Jagerspris
1706147.jpeg,1786,Danmark
1705970.jpeg,1870,Copenhagen
1707896.jpeg,15-10-1974,"Statens Naturhistoriske Museum, København"
1709286.jpeg,1790,SCHENHAYNE
1743755.jpeg,13/7 1930,TARO
1706437.jpeg,1904,Schipfte
1707902.jpeg,12.NV.2011,Sukkerterp
1744610.jpeg,1854/97,Nygårdsvær
1705765.jpeg,23-5-1897,Schaltz
1743495.jpeg,1743495,"Statens Naturhistoriske Museum, Københavns Universitet"
1708758.jpeg,1873,Kothenhavns Universitet
1743984.jpeg,1986,BIRMA
1708883.jpeg,26/10/1932,Dania
1705516.jpeg,Cpl.,J.P. Johansen.
1707766.jpeg,1870,Børglum
1709160.jpeg,1890,Cofl.
1709814.jpeg,12.IV.2011,Sukkertrappen
1707073.jpeg,624,624
1709328.jpeg,13-4-49,Dyrehaven
1743866.jpeg,26-06-1909,L'Iselborg
1706906.jpeg,1947,HANNAEDEK
1708679.jpeg,1925,Larsso
1707114.jpeg,1767114,Drejhaven
1706449.jpeg,17/6/87,Larvik
1743046.jpeg,1921,Oxlehaven
1743938.jpeg,30.10.1944,V.Sjælland
1743835.jpeg,1931,S.M.SKREVEN
1707866.jpeg,1787,Hertsl.
1709812.jpeg,16.1.1988,Klostermell
1706249.jpeg,9-6-1971,Dania
1705500.jpeg,1875,Dnestr.
1709000.jpeg,MISSING,MISSING
1708002.jpeg,17080902,Lolland
1707050.jpeg,21-8-49,Bemillegn.
1709308.jpeg,MISSING,MISSING
1742993.jpeg,14-5-1963,Kalhuise
1709080.jpeg,19-9-26,Klosterholt
1707901.jpeg,12.IV.2017,Sukkertoppen
1708831.jpeg,1943,Caj J.
1709371.jpeg,12-10-1952,Dyrehaven
1742767.jpeg,MISSING,MISSING
1707419.jpeg,1906,Kopenhagen
1744690.jpeg,1890,Kongelunden
1709943.jpeg,16/7/907,Jord Svendsen
1743773.jpeg,1930,Villing
1710352.jpeg,1874,Dania
1705421.jpeg,25.6.1913,DANIA
1710376.jpeg,1944,Konge Land
1743032.jpeg,11.5.1982,DANIA COLL.
1706074.jpeg,196.1939,DK
1742830.jpeg,1954,Tengnangel
1708678.jpeg,1876,Jensen-Karup
1743774.jpeg,1926,"Kogen, Gothenburg"
1706213.jpeg,17-6-1923,Typehaven
1709362.jpeg,1894,S
1707075.jpeg,MISSING,Gluf Jacobsen
1705901.jpeg,2/6/1929,Svendborg Amt
1709750.jpeg,1789750,NMD
1706261.jpeg,1897,Hartøya
1707533.jpeg,178753,Kopenhagen
1709833.jpeg,28.7.1933,THORSAGER
1743926.jpeg,1974,"Dania, Vestjylland"
1707909.jpeg,10.6.30,Dassco
1706204.jpeg,1786,Dassco
1708471.jpeg,1895,Dassco
1709299.jpeg,1789299,"Statens Naturhistoriske Museum, Copenhagen"
1708792.jpeg,1873,Hortens
1743782.jpeg,13-8-36,H. Lemche
1707689.jpeg,1993,de Tengnagel
1728591.jpeg,27-IV-1978,Halk
1707112.jpeg,1892,Dyrehaven
1709213.jpeg,1936,Sphacelatiss
1708047.jpeg,1974,DK
1744589.jpeg,1825,SHELLAND
1728522.jpeg,1935,Svendborg Amt
1706448.jpeg,17/6/1871,Apenudal
1707316.jpeg,70.5.92,Dania
1707043.jpeg,1924,Dyrehaven
1709793.jpeg,6.5.1978,Dania coll.
1706794.jpeg,1985,"Røden Skov, Lolland"
1743499.jpeg,1864,Lav
1706772.jpeg,1908,BANGLED
1709383.jpeg,1.5.1997,Dagebølven
1709486.jpeg,1789486,Dassco
1742978.jpeg,1907,Dassco
1707046.jpeg,1923,Dyrehaven
1707945.jpeg,26/08/20,Dyjelværn
1705707.jpeg,17/8/902,HAVEN
1709069.jpeg,1935,Svendborg Amt
1705999.jpeg,1998,"Skimlet Halm, Hø"
1743508.jpeg,1902,KOPENHAGEN
1706767.jpeg,1924,Dronninglund
1743592.jpeg,MISSING,MISSING
1707904.jpeg,26.9.1922,"Statens Naturhistoriske Museum, København"
1708010.jpeg,1888,Cgli.
1708910.jpeg,22-8-1915,Høeg
1743548.jpeg,1907,SCHIO
1707185.jpeg,MISSING,MISSING
1707025.jpeg,12/7/1939,Svendborg Amt
1708783.jpeg,1904,V-S
1709059.jpeg,1789050,Horsens
1705451.jpeg,29/5/1870,Jyrgen Gammelum
1709925.jpeg,MISSING,MISSING
1707276.jpeg,20-VIII-1976,Maltrup
1707851.jpeg,23 Mai 1889,Randerbro
1708440.jpeg,1963,Nordbohus
1707820.jpeg,MISSING,MISSING
1706462.jpeg,1946,Hv. Vendah
1706026.jpeg,19.V.2022,"Bakke, 55.9923N, 10.5515E"
1743865.jpeg,1907,Dassco
1744699.jpeg,5.11-6.1960H,Sv.Jylland
1709996.jpeg,12.9.58,Steenwijk
1709555.jpeg,MISSING,MISSING
1709386.jpeg,12.IV.2011,Sukkertopf
1708346.jpeg,1979/4,Sig. Niederm
1706518.jpeg,1899,Aphidionamnitens
1708857.jpeg,1-11-1959,Silliebog
1709325.jpeg,18-4-49,Dyrehaven
1706338.jpeg,MISSING,MISSING
1743719.jpeg,14/5/1896,i Køgehus
1743806.jpeg,25-7-42,Fustwy
1708017.jpeg,MISSING,Jensen-Haarup
1705957.jpeg,166928,S.V.G.L.
1743932.jpeg,24.4.41,Danis. Coll.
1709330.jpeg,23-10-57,Eremitage
1709966.jpeg,12.8.1937,Svendborg Amt Coll. Christiani
1707258.jpeg,MISSING,MISSING
1743803.jpeg,1938,Skellingen
1708689.jpeg,18-10-41,"DANIS, Coll."
1706472.jpeg,MISSING,MISSING
1708998.jpeg,1798998,NHMD
1709318.jpeg,12-5-1907,Dense
1705897.jpeg,1930,ANGO.
1707706.jpeg,1902/25,Kopenhagen
1708830.jpeg,1977,"Statens Naturhistoriske Museum, København"
1705843.jpeg,1870,Lolland
1706219.jpeg,17-6-1924,Dyrehaven
1705995.jpeg,23-7-44,DANMARK
1708815.jpeg,1902,Gulfsund
1708874.jpeg,26-10-1978,Dania
1706022.jpeg,19.V.2022,"general collecting dung, grassland, legg. A.K. Hansen & A. Solodovnikov"
1743584.jpeg,1743584,Dassco
1708455.jpeg,1978,Dassco
1743814.jpeg,16.6.1929,S.V.B.
1705448.jpeg,29/5/1876,MISSING
1743545.jpeg,1904,SCHLADTTE
1707461.jpeg,1966,Dyrehaven
1709440.jpeg,26.9.1917,A. West
1743785.jpeg,2/9/1944,Sass Odda
1744459.jpeg,1879,Johans. Andersen
1705983.jpeg,8-7-1961,"Dania coll., Hans Senget"
1707988.jpeg,MISSING,MISSING
1743567.jpeg,1874,Nabbyvold
1709759.jpeg,1947,Hakarving
1707764.jpeg,1894,Schiedte
1706975.jpeg,MISSING,MISSING
1743196.jpeg,1964,Sangat
1710325.jpeg,1951,Dania
1707101.jpeg,31.V.1986,"Hestemark, Sk. NEJ"
1742858.jpeg,1742858,Hørsholm
1709736.jpeg,10-5-63,"Statens Naturhistoriske Museum, Københavns Universitet"
1708084.jpeg,9-5-1971,Dania
