image_file,verbatimDate,verbatimDate_confidence,verbatimLocality,verbatimLocality_confidence
1709398.jpeg,27.IV.2022,1.0,"DENMARK: NEZ: Helsingør, Grønne Vestkile, 56.0375N°, 12.5598E",1.0
1705937.jpeg,18-7-1965,1.0,V.Sjælland Rønnes Kongstrup KL,1.0
1705822.jpeg,MISSING,0.0,MISSING,0.0
1742998.jpeg,21-5-1956,1.0,JægersprisNord,1.0
1728459.jpeg,MISSING,0.0,MISSING,0.0
1707402.jpeg,4/5 Ti,1.0,Bekke,1.0
1707293.jpeg,19.5.1931,1.0,MISSING,0.0
1744483.jpeg,MISSING,0.0,MISSING,0.0
1708366.jpeg,9-5-1914,1.0,Vamdrup,1.0
1705671.jpeg,MISSING,0.0,MISSING,0.0
1706305.jpeg,Lybl.10-6-1937,1.0,Rotholme,1.0
1705435.jpeg,27.5.12,1.0,Søllerød,1.0
1744708.jpeg,16.6.1984,1.0,Svinør Strand,1.0
1707266.jpeg,23.7.1998,1.0,MISSING,0.0
1707732.jpeg,MISSING,0.0,MISSING,0.0
1706407.jpeg,22.8.22,1.0,Brønninglund,1.0
1707492.jpeg,21-6-1908,1.0,Tidswilde,1.0
1706769.jpeg,15/8/1945,1.0,Gurre,1.0
1706988.jpeg,MISSING,0.0,Lolland,1.0
1707847.jpeg,MISSING,0.0,MISSING,0.0
1706811.jpeg,15/8 1968,1.0,Ringkøbing: Vedersø Klit Strandopskyl,1.0
1705914.jpeg,30-6-1912,1.0,Sandbjerg,1.0
1708046.jpeg,22.5.1924,1.0,Jægersborg Hegn,1.0
1706310.jpeg,1883,1.0,MISSING,0.0
1709011.jpeg,MISSING,0.0,Lolland,1.0
1709933.jpeg,9.7.1883,1.0,MISSING,0.0
1743557.jpeg,1993,1.0,MISSING,0.0
1743005.jpeg,14.6.1990,1.0,Hammerhus,1.0
1705495.jpeg,MISSING,0.0,MISSING,0.0
1708876.jpeg,26-10-1972,1.0,Marcelisborg Bryg,1.0
1706389.jpeg,1.7.2000,1.0,Løshovud,1.0
1706354.jpeg,MISSING,0.0,MISSING,0.0
1708730.jpeg,24.9.1915,1.0,MISSING,0.0
1728563.jpeg,MISSING,0.0,MISSING,0.0
1705652.jpeg,MISSING,0.0,MISSING,0.0
1707536.jpeg,MISSING,0.0,MISSING,0.0
1707973.jpeg,Juni 1820,1.0,MISSING,0.0
1708746.jpeg,MISSING,0.0,MISSING,0.0
1707717.jpeg,25-5-1914,1.0,Vamdrup,1.0
1742786.jpeg,MISSING,0.0,MISSING,0.0
1707615.jpeg,30.7.1929,1.0,MISSING,0.0
1706774.jpeg,18-6-1908,1.0,MISSING,0.0
1708478.jpeg,MISSING,0.0,MISSING,0.0
1707621.jpeg,19.5.29,1.0,MISSING,0.0
1708973.jpeg,19.7.1876,1.0,"Hampnæse, Bornholms",1.0
1743757.jpeg,2-7-1930,1.0,Længø,1.0
1706130.jpeg,MISSING,0.0,MISSING,0.0
1709922.jpeg,MISSING,0.0,MISSING,0.0
1709338.jpeg,19-9-1953,1.0,Dyrehaven,1.0
1707433.jpeg,29/5-19,1.0,Str. n. f. Røn,1.0
1744572.jpeg,MISSING,0.0,MISSING,0.0
1743797.jpeg,3/5-1942,1.0,Tisvilde Hegn ved Asserbo,1.0
1709425.jpeg,27.IV.2022,1.0,"DENMARK: NEZ: Helsingør, Grønne Vestkile, 56.0375N, 12.5598E",1.0
1705902.jpeg,2/6 1929,1.0,"Kirkeby, Svendborg Amt",1.0
1744537.jpeg,MISSING,0.0,MISSING,0.0
1709220.jpeg,28.9.1913,1.0,MISSING,0.0
1708731.jpeg,24.9.1884,1.0,MISSING,0.0
1743586.jpeg,MISSING,0.0,MISSING,0.0
1707808.jpeg,MISSING,0.0,MISSING,0.0
1708004.jpeg,MISSING,0.0,Lolland,1.0
1707490.jpeg,30-6-1912,1.0,Sandbjerg,1.0
1743925.jpeg,14.4.1973,1.0,MISSING,0.0
1707457.jpeg,1.11.66,1.0,Dyrehaven,1.0
1705691.jpeg,MISSING,0.0,MISSING,0.0
1709406.jpeg,27.IV.2022,1.0,"DENMARK: NEZ: Helsinger, Grønne Vestkile, 56.0375N, 12.5598E",1.0
1708473.jpeg,MISSING,0.0,MISSING,0.0
1707979.jpeg,MISSING,0.0,MISSING,0.0
1707115.jpeg,27.7.1918,1.0,MISSING,0.0
1706764.jpeg,14/8 1930,1.0,Jyll. Flensted,1.0
1707247.jpeg,MISSING,0.0,MISSING,0.0
1744538.jpeg,MISSING,0.0,MISSING,0.0
1743973.jpeg,MISSING,0.0,MISSING,0.0
1708429.jpeg,21.X. 1976,1.0,MISSING,0.0
1707676.jpeg,MISSING,0.0,MISSING,0.0
1706789.jpeg,26.6.1993,1.0,Vaserne Fuglespen,1.0
1708764.jpeg,MISSING,0.0,MISSING,0.0
1706420.jpeg,17/6/1871,1.0,"Djursland, diend. levende",1.0
1743870.jpeg,29-7-49,1.0,Asserbo,1.0
1710350.jpeg,26-8-1956,1.0,Nekselø S.,1.0
1706089.jpeg,MISSING,0.0,MISSING,0.0
1709876.jpeg,7/1870,1.0,Orkøbing; Høgddung,1.0
1705615.jpeg,23-6-1961,1.0,"Galgehej, Hjarbek",1.0
1707975.jpeg,MISSING,0.0,MISSING,0.0
1710338.jpeg,23-6-1961,1.0,"Galgehøj, Hjarbek",1.0
1708424.jpeg,10-9-1970,1.0,MISSING,0.0
1709166.jpeg,MISSING,0.0,MISSING,0.0
1728573.jpeg,MISSING,0.0,MISSING,0.0
1728514.jpeg,28/5/1916,1.0,MISSING,0.0
1707465.jpeg,18-6-34,1.0,MISSING,0.0
1707636.jpeg,16/1871,1.0,MISSING,0.0
1743864.jpeg,72-5-1907,1.0,MISSING,0.0
1743768.jpeg,10/8 1930,1.0,Jyll. Holmhold,1.0
1708445.jpeg,23-10-1971,1.0,"Slagen, Strandsand, Njutland",1.0
1706086.jpeg,3/6/1870,1.0,København,1.0
1706783.jpeg,26.6.1943,1.0,Vaserne Furesøen,1.0
1743763.jpeg,9/8/1930,1.0,"Jyll, Sdr. Born.",1.0
1706254.jpeg,23.6.1973,1.0,Fødeet Præstø,1.0
1705871.jpeg,27/8 1938,1.0,Skallingen,1.0
1707451.jpeg,21-5-49,1.0,Eremitagen,1.0
1705454.jpeg,MISSING,0.0,MISSING,0.0
1707537.jpeg,MISSING,0.0,MISSING,0.0
1705563.jpeg,30-6-1912,1.0,Sandbjerg,1.0
1706049.jpeg,2-8-1925,1.0,Botrum Bak,1.0
1709823.jpeg,25-6-32,1.0,Kønnerud,1.0
1708734.jpeg,24.9.1884,1.0,Randers,1.0
1708003.jpeg,MISSING,0.0,Lolland,1.0
1728528.jpeg,7/6-1941,1.0,Saltholm,1.0
1744687.jpeg,10-5-1956,1.0,Kongelunden,1.0
1744704.jpeg,19-6-1954,1.0,Dragsholm,1.0
1706523.jpeg,MISSING,0.0,MISSING,0.0
1709066.jpeg,11/9 1935,1.0,Svendborg Amt,1.0
1706771.jpeg,19-7-1908,1.0,Rungsted,1.0
1744574.jpeg,MISSING,0.0,MISSING,0.0
1709380.jpeg,23-10-1955,1.0,Dyrehaven,1.0
1744640.jpeg,7.5.53,1.0,Frederiksdal | P. Kappelund,1.0
1706255.jpeg,24.6.1975,1.0,GRØNNINGEN PRÅ,1.0
1718184.jpeg,MISSING,0.0,MISSING,0.0
1708907.jpeg,22.8.15,1.0,MISSING,0.0
1707053.jpeg,21-5-49,1.0,MISSING,0.0
1705779.jpeg,22.5.1984,1.0,Bøtø pl.,1.0
1708927.jpeg,22.8.22,1.0,MISSING,0.0
1706870.jpeg,22-6-32,1.0,MISSING,0.0
1709118.jpeg,11.10.31,1.0,Eremilagen,1.0
1709091.jpeg,M-9-1910,1.0,Dyrehaven,1.0
1708777.jpeg,MISSING,0.0,MISSING,0.0
1709146.jpeg,26.8.87,1.0,Harboe,1.0
1708026.jpeg,12/10-1908,1.0,Kjeldshov,1.0
1709441.jpeg,24.9.1922,1.0,MISSING,0.0
1705800.jpeg,MISSING,0.0,MISSING,0.0
1706034.jpeg,20.VII.2021,1.0,"DENMARK: NWJ, Hjelm Hede (west), 56.48N, 8.89E, 16 m, grazed grassland",1.0
1706235.jpeg,30-5 1969,1.0,V.Sjælland Ræsnes Kongstrup & Kl,1.0
1742741.jpeg,MISSING,0.0,MISSING,0.0
1708745.jpeg,9/10/1972,1.0,MISSING,0.0
1728531.jpeg,24-9-60,1.0,Eremilagen,1.0
1709116.jpeg,14-9-58,1.0,Dyrehaven,1.0
1709109.jpeg,6-9-49,1.0,"Sønderskov, Høvelle",1.0
1706458.jpeg,24/6/1871,1.0,Jydske 198 Kongelunden,1.0
1705766.jpeg,23-5-1945,1.0,Skagen,1.0
1743555.jpeg,MISSING,0.0,MISSING,0.0
1709580.jpeg,MISSING,0.0,MISSING,0.0
1706114.jpeg,MISSING,0.0,MISSING,0.0
1707924.jpeg,15.7.1985,1.0,MISSING,0.0
1709072.jpeg,8/9:1895,1.0,Dyrehaven,1.0
1707486.jpeg,25-5-1944,1.0,MISSING,0.0
1707889.jpeg,30.3.1975,1.0,MISSING,0.0
1709874.jpeg,12/7/1870,1.0,Orpholm i Køgeånding,1.0
1707582.jpeg,16-IV-1978,1.0,GL-Rye JØ,1.0
1707714.jpeg,MISSING,0.0,MISSING,0.0
1709926.jpeg,Rigsholmgard Juni 80,1.0,MISSING,0.0
1707439.jpeg,9/5-20,1.0,Børstinge Mose,1.0
1709114.jpeg,27-9-58,1.0,Eremitagen,1.0
1707238.jpeg,MISSING,0.0,MISSING,0.0
1706792.jpeg,27-8-1911,1.0,Rasminderød,1.0
1743943.jpeg,12 VIII 1972,1.0,Jee. Dyrehave Sj.,1.0
1707707.jpeg,21/6 83,1.0,Tolby,1.0
1705522.jpeg,30.5.96,1.0,Tandkvar,1.0
1707526.jpeg,MISSING,0.0,Harboe Saar Ve St.,1.0
1705413.jpeg,14.6.1898,1.0,Tisvilde,1.0
1706208.jpeg,17-6-1923,1.0,Dyrehaven,1.0
1705701.jpeg,MISSING,0.0,MISSING,0.0
1707036.jpeg,19/6 1941,1.0,Dyrehaven,1.0
1707563.jpeg,21-6-1956,1.0,MISSING,0.0
1743881.jpeg,Aug 1934,1.0,Tang i Ribe,1.0
1744529.jpeg,MISSING,0.0,MISSING,0.0
1705885.jpeg,24/8-1941,1.0,Hampen,1.0
1706145.jpeg,3/6/1870,1.0,"Kongelund, Kongelunden",1.0
1706116.jpeg,MISSING,0.0,MISSING,0.0
1705503.jpeg,MISSING,0.0,MISSING,0.0
1743977.jpeg,19.9.75,1.0,MISSING,0.0
1708836.jpeg,MISSING,0.0,MISSING,0.0
1705606.jpeg,MISSING,0.0,MISSING,0.0
1709278.jpeg,MISSING,0.0,Kb,1.0
1708753.jpeg,MISSING,0.0,MISSING,0.0
1728594.jpeg,9.V.1992,1.0,Høstemark NEJ,1.0
1707390.jpeg,MISSING,0.0,MISSING,0.0
1708681.jpeg,1.11.33,1.0,MISSING,0.0
1742745.jpeg,MISSING,0.0,MISSING,0.0
1707538.jpeg,MISSING,0.0,MISSING,0.0
1709045.jpeg,MISSING,0.0,MISSING,0.0
1705870.jpeg,27/6/1984,1.0,Skallingen,1.0
1707310.jpeg,4.5.1938,1.0,MISSING,0.0
1728490.jpeg,1-6-74,1.0,Jeusen-Haarup,1.0
1709456.jpeg,15.10.1928,1.0,Estnju Skov,1.0
1706854.jpeg,MISSING,0.0,MISSING,0.0
1742818.jpeg,28/5/1917,1.0,Vestby Utstev - Kjeldshov,1.0
1706272.jpeg,MISSING,0.0,MISSING,0.0
1709245.jpeg,16/4/1870,1.0,MISSING,0.0
1706077.jpeg,4.5.1938,1.0,MISSING,0.0
1707999.jpeg,MISSING,0.0,MISSING,0.0
1744646.jpeg,12.5.1957,1.0,Saltholm,1.0
1708955.jpeg,29/9-1472,1.0,MISSING,0.0
1709778.jpeg,28. IX-1998,1.0,HARESKOV,1.0
1743753.jpeg,26/5-27,1.0,Gandløse,1.0
1705644.jpeg,8-8-1936,1.0,Flarsten,1.0
1709004.jpeg,6.10.4/8.76,1.0,Dyrehaven,1.0
1708747.jpeg,MISSING,0.0,MISSING,0.0
1705744.jpeg,28-6-53,1.0,Vestr. Sømark,1.0
1709463.jpeg,26.9.1931,1.0,Virkland,1.0
1705812.jpeg,MISSING,0.0,MISSING,0.0
1744706.jpeg,27.3.1978,1.0,MISSING,0.0
1708425.jpeg,8-9-1970,1.0,MISSING,0.0
1705790.jpeg,25.6.1913,1.0,MISSING,0.0
1707569.jpeg,21-6-1956,1.0,MISSING,0.0
1709804.jpeg,1.5.1949,1.0,Jønstrup Sjælland,1.0
1705545.jpeg,13/6 1929,1.0,"Engene, Sv.",1.0
1707993.jpeg,5/5/1870,1.0,"Dyrehaven | Hornbæk, Lyndal",1.0
1744705.jpeg,7.5.1977,1.0,Svinø Strand,1.0
1705746.jpeg,8-7-60,1.0,Vstn. Sømark,1.0
1708819.jpeg,MISSING,0.0,MISSING,0.0
1708470.jpeg,MISSING,0.0,MISSING,0.0
1710374.jpeg,23.7-44,1.0,Stæsvang,1.0
1707913.jpeg,13.9.1913,1.0,MISSING,0.0
1708697.jpeg,MISSING,0.0,MISSING,0.0
1743820.jpeg,16.6.1929,1.0,Lellinge skov,1.0
1744652.jpeg,Avedøre | 1.5.1913,1.0,MISSING,0.0
1710395.jpeg,25-5-1911,1.0,MISSING,0.0
1705861.jpeg,8.1900,1.0,MISSING,0.0
1705592.jpeg,2/6-19,1.0,Hammeren,1.0
1705450.jpeg,29/5/1870,1.0,Dyrehaven,1.0
1709908.jpeg,MISSING,0.0,MISSING,0.0
1743035.jpeg,27.IV.2022,1.0,"DENMARK: NEZ: Helsingør, Grønne Vestkile, 56.0375N, 12.5598E",1.0
1705919.jpeg,24-7-61,1.0,Jydeløjel Mön,1.0
1708774.jpeg,MISSING,0.0,MISSING,0.0
1709899.jpeg,MISSING,0.0,MISSING,0.0
1707475.jpeg,8-6-1914,1.0,Vamdrup,1.0
1709749.jpeg,MISSING,0.0,MISSING,0.0
1705672.jpeg,MISSING,0.0,MISSING,0.0
1707935.jpeg,15.10.21,1.0,Dyrehaven,1.0
1706778.jpeg,19-7-1998,1.0,Rungsted,1.0
1709037.jpeg,9/9/7~,1.0,MISSING,0.0
1744586.jpeg,MISSING,0.0,MISSING,0.0
1709203.jpeg,22.9.1996,1.0,Dyrehaven,1.0
1706222.jpeg,12-6-43,1.0,Sandbjerg,1.0
1743595.jpeg,19.4.89,1.0,Odense,1.0
1705481.jpeg,MISSING,0.0,MISSING,0.0
1706148.jpeg,MISSING,0.0,MISSING,0.0
1705656.jpeg,15.7.37,1.0,MISSING,0.0
1706464.jpeg,2.6.1871,1.0,"Jydske See, Vendsyssel, Løvindal",1.0
1709188.jpeg,29-8-1962,1.0,Dyrehaven,1.0
1709562.jpeg,MISSING,0.0,MISSING,0.0
1707248.jpeg,MISSING,0.0,Dyrehaven,1.0
1709940.jpeg,9/9/1901,1.0,"Kjulshov, Uster Utsen",1.0
1744692.jpeg,10-5-1956,1.0,MISSING,0.0
1707943.jpeg,6/1870,1.0,Dyrehaven,1.0
1709892.jpeg,MISSING,0.0,MISSING,0.0
1743578.jpeg,MISSING,0.0,Sjælland,1.0
1705996.jpeg,23-7-44,1.0,Stæswang,1.0
1705424.jpeg,29.7.1928,1.0,MISSING,0.0
1707805.jpeg,1870,1.0,Kulhuset Jægerspris,1.0
1705436.jpeg,27.5.72,1.0,Sillerød,1.0
1728475.jpeg,MISSING,0.0,MISSING,0.0
1707282.jpeg,17.6.1924,1.0,Slotved Skov,1.0
1707953.jpeg,7/6/1870,1.0,Jyrskoven,1.0
1708824.jpeg,MISSING,0.0,MISSING,0.0
1742785.jpeg,MISSING,0.0,MISSING,0.0
1705942.jpeg,23-6-1961,1.0,MISSING,0.0
1705860.jpeg,MISSING,0.0,MISSING,0.0
1742994.jpeg,13-7-1951,1.0,Dragstrup,1.0
1706220.jpeg,17-6-1922,1.0,Dyrehaven,1.0
1743995.jpeg,26-2-1951,1.0,MISSING,0.0
1708704.jpeg,MISSING,0.0,MISSING,0.0
1706889.jpeg,20.VII.2021,1.0,"DENMARK: NWJ: Hjelm Hede (west), 56.48N, 8.89E, 16 m",1.0
1706876.jpeg,26-7-1961,1.0,MISSING,0.0
1709100.jpeg,1.9.26,1.0,Søltholm,1.0
1707998.jpeg,MISSING,0.0,MISSING,0.0
1705428.jpeg,3.9.1883,1.0,MISSING,0.0
1709206.jpeg,10-9-1972,1.0,Vester Mølle,1.0
1728534.jpeg,12-9-61,1.0,Eremitagen,1.0
1709216.jpeg,28.9.19,1.0,Dyrehaven,1.0
1708873.jpeg,26-10-1972,1.0,Marselihøj Byreb,1.0
1706503.jpeg,Tub-90,1.0,MISSING,0.0
1743737.jpeg,31-7-94,1.0,MISSING,0.0
1743851.jpeg,10-5-63,1.0,MISSING,0.0
1744531.jpeg,2/6/1870,1.0,"Stromberg, Kongelunden, Kobenhavn",1.0
1708379.jpeg,5-4-50,1.0,"Sønder Skov, Hövelfe",1.0
1744587.jpeg,Juni 1830,1.0,MISSING,0.0
1709154.jpeg,MISSING,0.0,MISSING,0.0
1709516.jpeg,MISSING,0.0,MISSING,0.0
1709282.jpeg,MISSING,0.0,MISSING,0.0
1706193.jpeg,7/6 1937,1.0,Svendborg Amt,1.0
1706063.jpeg,5.6.22,1.0,MISSING,0.0
1708456.jpeg,14.9.09,1.0,Sægen,1.0
1709743.jpeg,13.6.81,1.0,MISSING,0.0
1706015.jpeg,13.6.1950,1.0,Syddyn Langå,1.0
1709762.jpeg,12-4-1952,1.0,HAVESKOV,1.0
1705936.jpeg,11-5-49,1.0,Kerlev,1.0
1709875.jpeg,9/12/7 1870,1.0,Kongelunden,1.0
1708785.jpeg,MISSING,0.0,MISSING,0.0
1708985.jpeg,MISSING,0.0,MISSING,0.0
1708922.jpeg,10.10.1884,1.0,MISSING,0.0
1705492.jpeg,6.29.1870,1.0,Dyrehaven,1.0
1742771.jpeg,MISSING,0.0,MISSING,0.0
1742738.jpeg,MISSING,0.0,Dyrehaven,1.0
1743872.jpeg,16-4-49,1.0,Lillerød,1.0
1706173.jpeg,24/6/75,1.0,"Kongelunden, Kongens Have",1.0
1708832.jpeg,MISSING,0.0,MISSING,0.0
1709088.jpeg,13-9-1914,1.0,Vandrup,1.0
1710390.jpeg,7.5.1911,1.0,MISSING,0.0
1709962.jpeg,12/7/1939,1.0,Svehdborg Amt,1.0
1708860.jpeg,26.10.72,1.0,MISSING,0.0
1707002.jpeg,MISSING,0.0,MISSING,0.0
1709981.jpeg,26-7-1968,1.0,MISSING,0.0
1742789.jpeg,MISSING,0.0,Lolland,1.0
1705956.jpeg,16.6.1923,1.0,Wellinge skov,1.0
1708722.jpeg,20.10.1946,1.0,MISSING,0.0
1706473.jpeg,MISSING,0.0,MISSING,0.0
1706887.jpeg,20.VII.2021,1.0,"DENMARK: NWJ, Hjelm Hede (east), 56.48N, 8.91E, 20 m.",1.0
1707564.jpeg,21-6-1956,1.0,MISSING,0.0
1744549.jpeg,MISSING,0.0,MISSING,0.0
1707442.jpeg,31/7/1898,1.0,Kulhuse,1.0
1744475.jpeg,MISSING,0.0,MISSING,0.0
1708841.jpeg,19.1.1990,1.0,Høgdal v. Them,1.0
1707828.jpeg,MISSING,0.0,MISSING,0.0
1707826.jpeg,MISSING,0.0,MISSING,0.0
1743019.jpeg,27.IV.2022,1.0,"DENMARK: NEZ: Helsingør, Grønne Vestkile, 56.0375N, 12.5598E",1.0
1728448.jpeg,43/6/1870,1.0,København,1.0
1706111.jpeg,27/6/1870,1.0,Bornholm,1.0
1709904.jpeg,MISSING,0.0,MISSING,0.0
1707832.jpeg,2.6.1873,1.0,MISSING,0.0
1707944.jpeg,6/1870,1.0,Dyrehaven,1.0
1743917.jpeg,13-9-1963,1.0,Nødebohuse Halsnæs,1.0
1709806.jpeg,26.9. 1948,1.0,Dyrehaven Sjælland Skovgaard,1.0
1707645.jpeg,MISSING,0.0,MISSING,0.0
1728582.jpeg,10.6.1979,1.0,MISSING,0.0
1705681.jpeg,6/1870,1.0,MISSING,0.0
1705622.jpeg,14-5-1954,1.0,Kulhuset,1.0
1706823.jpeg,24.3.1970,1.0,MISSING,0.0
1728460.jpeg,MISSING,0.0,MISSING,0.0
1743573.jpeg,MISSING,0.0,MISSING,0.0
1706141.jpeg,MISSING,0.0,MISSING,0.0
1707287.jpeg,22.5.1915,1.0,MISSING,0.0
1706863.jpeg,19-8-1962,1.0,"NØ, Kongelunden",1.0
1708911.jpeg,5-9-1918,1.0,MISSING,0.0
1709416.jpeg,27.IV.2022,1.0,"DENMARK: NEZ: Helsingør, Grønne Vestkile, 56.0375N, 12.5598E",1.0
1708674.jpeg,13/10-18,1.0,Rude Hegn,1.0
1744622.jpeg,23/7-1906,1.0,Hovedvandret Strand,1.0
1709041.jpeg,9/9.72,1.0,MISSING,0.0
1709770.jpeg,20-5-1956,1.0,MISSING,0.0
1708996.jpeg,MISSING,0.0,MISSING,0.0
1707930.jpeg,13.5.1938,1.0,MISSING,0.0
1743952.jpeg,8-9-1970,1.0,MISSING,0.0
1707893.jpeg,24-III-1975,1.0,Tykskov krat,1.0
1706331.jpeg,MISSING,0.0,MISSING,0.0
1709411.jpeg,27.IV.2022,1.0,"DENMARK: NEZ: Helsingør, Grønne Vestkile, 56.0375N, 12.5598E",1.0
1707242.jpeg,MISSING,0.0,MISSING,0.0
1743792.jpeg,11/9 1935,1.0,Svendborg Amt,1.0
1743848.jpeg,16/9/1940,1.0,"St. Annae Plads, S. h. Tuxen",1.0
1707502.jpeg,23-6-1961,1.0,MISSING,0.0
1706041.jpeg,20-5-34,1.0,MISSING,0.0
1705510.jpeg,MISSING,0.0,Lolland,1.0
1709084.jpeg,M-9-1910,1.0,Dyrehaven,1.0
1743018.jpeg,19.V.2022,1.0,"Denmark: Samsø: EJ: Følsdal Bakke, 55.9922N, 10.5515E, h30m",1.0
1709820.jpeg,18.7.1924,1.0,MISSING,0.0
1708449.jpeg,22.8.89 | 6.5.88,1.0,MISSING,0.0
1743727.jpeg,5-6-18,1.0,MISSING,0.0
1709046.jpeg,MISSING,0.0,MISSING,0.0
1710333.jpeg,23-6-1961,1.0,"Midtjylland Galgehøj, Hjarbek",1.0
1708677.jpeg,1/5-1942,1.0,Mors,1.0
1705584.jpeg,13. vi. 1978,1.0,"Røsnæs, Kongstrup",1.0
1709400.jpeg,27.IV.2022,1.0,"DENMARK: NEZ: Helsingør, Grønne Vestkile, 56.0375N, 12.5598E",1.0
1706280.jpeg,26-8-1956,1.0,MISSING,0.0
1705663.jpeg,MISSING,0.0,MISSING,0.0
1743715.jpeg,27/5.1901,1.0,Vestre Utlew Haven,1.0
1707044.jpeg,5-6-1924,1.0,Dyrehaven,1.0
1705842.jpeg,MISSING,0.0,Lolland,1.0
1709854.jpeg,MISSING,0.0,MISSING,0.0
1742781.jpeg,MISSING,0.0,MISSING,0.0
1744635.jpeg,27.8.1933,1.0,Skallingen,1.0
1707574.jpeg,12.6.1999,1.0,Tolne Bakker,1.0
1706124.jpeg,MISSING,0.0,MISSING,0.0
1709149.jpeg,MISSING,0.0,MISSING,0.0
1707997.jpeg,MISSING,0.0,MISSING,0.0
1706883.jpeg,7-19/7 1997,1.0,MISSING,0.0
1708945.jpeg,7/9/1870,1.0,Sorrihøjen,1.0
1709240.jpeg,26/4-1870,1.0,MISSING,0.0
1743990.jpeg,26-3-1967,1.0,MISSING,0.0
1708349.jpeg,6/6-1942,1.0,Barnholm | Ammenfjord,1.0
1728533.jpeg,28-5-61,1.0,Eremilagen,1.0
1709137.jpeg,23.9.1973,1.0,Risø Roskilde,1.0
1706838.jpeg,19-9-1953,1.0,Dyrehaven,1.0
1709234.jpeg,8.10.21,1.0,MISSING,0.0
1709547.jpeg,MISSING,0.0,MISSING,0.0
1705906.jpeg,17/6 1923,1.0,Ravneholm Ggr.,1.0
1708395.jpeg,19.10.28,1.0,Grib Skov,1.0
1728576.jpeg,MISSING,0.0,MISSING,0.0
1706136.jpeg,6.25.6.1870,1.0,Dyrehaven | Nøjedam,1.0
1709939.jpeg,1577-1900,1.0,MISSING,0.0
1708009.jpeg,4/5/1888,1.0,København,1.0
1707221.jpeg,28-8-1976,1.0,MISSING,0.0
1742739.jpeg,MISSING,0.0,MISSING,0.0
1705523.jpeg,MISSING,0.0,MISSING,0.0
1706888.jpeg,20.VII.2021,1.0,"DENMARK: NWJ, Hjelm Hede (west), 56.48N, 8.89E, 16 m",1.0
1707704.jpeg,25. A. coenorus,1.0,MISSING,0.0
1706302.jpeg,18.6.1950,1.0,Jylland,1.0
1708382.jpeg,17-9-49,1.0,Grib Skov,1.0
1707246.jpeg,MISSING,0.0,MISSING,0.0
1705893.jpeg,Aug 1934,1.0,Tanga v. Ribe,1.0
1705637.jpeg,24-7-1972,1.0,EJSTRUPHOLM,1.0
1744445.jpeg,14.5.1947,1.0,MISSING,0.0
1707083.jpeg,29-5-1951,1.0,Dyrehaven,1.0
1709122.jpeg,19-9-1953,1.0,Dyrehaven,1.0
1707952.jpeg,6/1870,1.0,MISSING,0.0
1705512.jpeg,MISSING,0.0,Lolland,1.0
1709477.jpeg,MISSING,0.0,Dyrehaven,1.0
1707236.jpeg,MISSING,0.0,MISSING,0.0
1706891.jpeg,20.VII.2021,1.0,"NWJ: Hjelm Hede (west), 56.48N, 8.89E, 16 m",1.0
1707995.jpeg,MISSING,0.0,MISSING,0.0
1709455.jpeg,4.11.1936,1.0,MISSING,0.0
1706181.jpeg,5.7.73,1.0,Odense,1.0
1744627.jpeg,23/11 1936,1.0,Rudhøbing | Svendborg Amt,1.0
1705534.jpeg,21/7-920,1.0,Hammer Bakker,1.0
1706052.jpeg,14.5.1938,1.0,MISSING,0.0
1743731.jpeg,MISSING,0.0,MISSING,0.0
1705595.jpeg,MISSING,0.0,MISSING,0.0
1709882.jpeg,MISSING,0.0,MISSING,0.0
1708442.jpeg,13-4-1963,1.0,"Nødebohuse, Halsnæs",1.0
1706993.jpeg,MISSING,0.0,Lolland,1.0
1707525.jpeg,13/6 1954,1.0,"Ørgaard Nors, Thy",1.0
1708969.jpeg,MISSING,0.0,MISSING,0.0
1708717.jpeg,24-III-1975,1.0,Tykskov krat,1.0
1706318.jpeg,6/1869,1.0,MISSING,0.0
1707700.jpeg,MISSING,0.0,MISSING,0.0
1706230.jpeg,1.11.1966,1.0,"Hestehaven, Hillerød",1.0
1709777.jpeg,23-9-1956,1.0,Boserup,1.0
1709242.jpeg,16/4/1870,1.0,Dyrehaven,1.0
1705560.jpeg,17-6-1922,1.0,Dyrehaven,1.0
1706128.jpeg,MISSING,0.0,MISSING,0.0
1743540.jpeg,MISSING,0.0,MISSING,0.0
1743944.jpeg,12.VIII.1972,1.0,Jæ. Dyrehave Sj.,1.0
1706488.jpeg,MISSING,0.0,MISSING,0.0
1705773.jpeg,MISSING,0.0,MISSING,0.0
1707921.jpeg,13.5.1938,1.0,HØEG,1.0
1708675.jpeg,15/10 1893,1.0,Geels Skov,1.0
1706167.jpeg,7/8-1901,1.0,"Sandager, Lolland",1.0
1743020.jpeg,"1895, 1947",1.0,Saltholm,1.0
1728562.jpeg,MISSING,0.0,MISSING,0.0
1705588.jpeg,25-7-97,1.0,MISSING,0.0
1707495.jpeg,5.6.02,1.0,MISSING,0.0
1709237.jpeg,8.10.2,1.0,MISSING,0.0
1709967.jpeg,1916-9-1,1.0,Ringkøbing Fjord,1.0
1708916.jpeg,10.10.1884,1.0,MISSING,0.0
1706187.jpeg,2/6*1898,1.0,Tiis Sø,1.0
1706864.jpeg,19-8-1962,1.0,"NØ, Kongelunden",1.0
1705837.jpeg,MISSING,0.0,MISSING,0.0
1743532.jpeg,5.7.1883,1.0,MISSING,0.0
1742825.jpeg,13/5/1892,1.0,Horsens,1.0
1709280.jpeg,MISSING,0.0,MISSING,0.0
1709834.jpeg,28.7.1923,1.0,MISSING,0.0
1728513.jpeg,1/6·1920,1.0,Gudhjem,1.0
1705543.jpeg,22/6 1939,1.0,Vornæs | Svendborg Amt,1.0
1710387.jpeg,5.VI.2011,1.0,Emborg EJ,1.0
1705678.jpeg,MISSING,0.0,MISSING,0.0
1708825.jpeg,MISSING,0.0,MISSING,0.0
1709047.jpeg,MISSING,0.0,MISSING,0.0
1707527.jpeg,19.5.86 | 29.5.88,1.0,K. Harb. Vindbyvej,1.0
1706425.jpeg,5/7/6-1871,1.0,"Grønning, dyrendal",1.0
1743045.jpeg,13.9.1897,1.0,Dyrehaven,1.0
1709564.jpeg,22.8.00,1.0,MISSING,0.0
1708703.jpeg,MISSING,0.0,MISSING,0.0
1707640.jpeg,MISSING,0.0,MISSING,0.0
1728487.jpeg,Juni '14,1.0,Sjælør,1.0
1743850.jpeg,10-5-63,1.0,MISSING,0.0
1728578.jpeg,14-5-1954,1.0,Jægerspris Nordskov,1.0
1705580.jpeg,28-5-1965,1.0,Rømøs Kongstrup Kl,1.0
1707933.jpeg,15.10.21,1.0,Dyrehaven,1.0
1707556.jpeg,26-6-1955,1.0,Lindholm,1.0
1709377.jpeg,12-10-1952,1.0,Dyrehaven,1.0
1708906.jpeg,22.8.15,1.0,MISSING,0.0
1710348.jpeg,19-7-1959,1.0,S.Sjælland Mogenstrup,1.0
1744638.jpeg,1.11.1966,1.0,Boserup Strand,1.0
1706991.jpeg,MISSING,0.0,Lolland,1.0
1707169.jpeg,MISSING,0.0,MISSING,0.0
1707164.jpeg,MISSING,0.0,MISSING,0.0
1709329.jpeg,23-10-57,1.0,Éremitagen,1.0
1728567.jpeg,MISSING,0.0,MISSING,0.0
1706027.jpeg,19.V.2022,1.0,MISSING,0.0
1743705.jpeg,22.8.20,1.0,Juelskov,1.0
1707398.jpeg,14.V.89,1.0,Sandb.,1.0
1744472.jpeg,MISSING,0.0,MISSING,0.0
1708918.jpeg,25.9.1939,1.0,MISSING,0.0
1709326.jpeg,1.11.1966,1.0,Dyrehaven,1.0
1706754.jpeg,29/8 1927,1.0,Hareskov By,1.0
1707848.jpeg,MISSING,0.0,MISSING,0.0
1708337.jpeg,4.9.1928,1.0,"Langelyt, Ræddbæl",1.0
1709977.jpeg,17-7-51,1.0,Stubbergaard Sevel,1.0
1708733.jpeg,24.9.1884,1.0,MISSING,0.0
1706971.jpeg,MISSING,0.0,MISSING,0.0
1742980.jpeg,MISSING,0.0,MISSING,0.0
1744653.jpeg,10-6-1921,1.0,Sprüp Hegn,1.0
1709938.jpeg,26/8-1896,1.0,MISSING,0.0
1706447.jpeg,9/6/1871,1.0,"Grønning, dækket & grundet",1.0
1708882.jpeg,26.10.1972,1.0,Marselisborg Park,1.0
1744479.jpeg,MISSING,0.0,MISSING,0.0
1706161.jpeg,MISSING,0.0,Lolland,1.0
1707724.jpeg,24.5-1974,1.0,Skallingen,1.0
1708028.jpeg,22/5-1906,1.0,Kjølby Skov,1.0
1705581.jpeg,10-6 1965,1.0,Rosnæs Kongstrup,1.0
1743535.jpeg,20.7.1910,1.0,Poulsga Kave,1.0
1708808.jpeg,MISSING,0.0,"Talbotrup, Br. 281",1.0
1728470.jpeg,6.5/1870,1.0,"København, Omegn",1.0
1706158.jpeg,MISSING,0.0,Lolland,1.0
1708842.jpeg,9.4.1977,1.0,Harrild heede,1.0
1706024.jpeg,19.V.2022,1.0,MISSING,0.0
1707358.jpeg,MISSING,0.0,MISSING,0.0
1709851.jpeg,18.6.21,1.0,MISSING,0.0
1708893.jpeg,9-10-1972,1.0,Marselisborg,1.0
1708736.jpeg,24.10.34,1.0,Tisvilde,1.0
1707781.jpeg,16/1862,1.0,Jægerspris Lyngadel,1.0
1742753.jpeg,MISSING,0.0,MISSING,0.0
1707835.jpeg,MISSING,0.0,MISSING,0.0
1728520.jpeg,3/5-1934,1.0,Svendborg Amt,1.0
1709403.jpeg,27.IV.2022,1.0,"DENMARK: NEZ: Helsingør, Grønne Vestkile, 56.0375N, 12.5598E",1.0
1742997.jpeg,18-6-1956,1.0,MISSING,0.0
1743038.jpeg,28.5.08,1.0,Odense,1.0
1708404.jpeg,28.5.18,1.0,MISSING,0.0
1710361.jpeg,26-8-1956,1.0,MISSING,0.0
1706424.jpeg,17/6/1871,1.0,"Uromminglund, Hyvindal",1.0
1707508.jpeg,9-8-1973,1.0,MISSING,0.0
1707089.jpeg,6.5.1975,1.0,Dyrehaven,1.0
1708406.jpeg,98.5.18,1.0,MISSING,0.0
1705850.jpeg,31/5-1996,1.0,MISSING,0.0
1743517.jpeg,15/5/75,1.0,MISSING,0.0
1708364.jpeg,25-8-1994,1.0,Vamdrup,1.0
1705818.jpeg,MISSING,0.0,MISSING,0.0
1706264.jpeg,MISSING,0.0,MISSING,0.0
1708847.jpeg,18-IV-1975,1.0,Tykskov krat,1.0
1709544.jpeg,MISSING,0.0,Lolland,1.0
1709523.jpeg,MISSING,0.0,Kb | Mus. Løv.,1.0
1742803.jpeg,MISSING,0.0,MISSING,0.0
1706904.jpeg,19-5,1.0,MISSING,0.0
1709886.jpeg,MISSING,0.0,MISSING,0.0
1708943.jpeg,17/9-1870,1.0,Bornholm,1.0
1708837.jpeg,12.4.1982,1.0,MISSING,0.0
1705973.jpeg,MISSING,0.0,MISSING,0.0
1708457.jpeg,20.6.08,1.0,MISSING,0.0
1707017.jpeg,29/5 70,1.0,MISSING,0.0
1707487.jpeg,14-5-1914,1.0,Vamdrup,1.0
1709133.jpeg,8-9-1970,1.0,MISSING,0.0
1709543.jpeg,MISSING,0.0,Lolland,1.0
1707370.jpeg,5/1870,1.0,København,1.0
1743876.jpeg,6-9.49,1.0,"Sønderskov, Hövelte",1.0
1743915.jpeg,12/6 1955,1.0,Bommerlund Plantage,1.0
1709774.jpeg,20-5-1956,1.0,JægersprisNord,1.0
1705921.jpeg,26.5.1947,1.0,Veddinge bakker,1.0
1708904.jpeg,1.9.19,1.0,MISSING,0.0
1707081.jpeg,29-5-1951,1.0,Dyrehaven,1.0
1708869.jpeg,26.10.14,1.0,Hasselå Sk.,1.0
1708372.jpeg,2/6.-3.-45,1.0,Rungsted Bolbyrust,1.0
1708856.jpeg,1.11.59,1.0,Silkeborg,1.0
1709071.jpeg,23/8.1943,1.0,Hadsund,1.0
1705596.jpeg,MISSING,0.0,MISSING,0.0
1707054.jpeg,17-9-49,1.0,Grib Skov,1.0
1706520.jpeg,MISSING,0.0,MISSING,0.0
1709147.jpeg,26.8.87,1.0,Harboer,1.0
1706381.jpeg,MISSING,0.0,MISSING,0.0
1706013.jpeg,11.v.1998,1.0,Skovsgaard,1.0
1705838.jpeg,MISSING,0.0,MISSING,0.0
1706319.jpeg,6/1869,1.0,København,1.0
1707038.jpeg,13/6/1940,1.0,Dyrehaven,1.0
1709022.jpeg,MISSING,0.0,MISSING,0.0
1708029.jpeg,3/6/402,1.0,Kjeldshov,1.0
1743017.jpeg,19.V.2022,1.0,"Denmark: Samsø, EJ: Følsdal Bakke, 55.9922N, 10.5515E, h30m",1.0
1706068.jpeg,17.6.22,1.0,MISSING,0.0
1707432.jpeg,17/6 1923,1.0,Ravneholm Ggr.,1.0
1706369.jpeg,MISSING,0.0,MISSING,0.0
1743976.jpeg,MISSING,0.0,MISSING,0.0
1710380.jpeg,29. august 1993,1.0,"DK, NWZ, PG 27 Kongstrup, Resnæs",1.0
1708716.jpeg,19.IX.1992,1.0,Høstemark Skov NEJ,1.0
1708340.jpeg,5-1927,1.0,"Sjall, Gurre",1.0
1707019.jpeg,MISSING,0.0,MISSING,0.0
1706017.jpeg,Juni 1947,1.0,Bomholm,1.0
1743012.jpeg,19.V.2022,1.0,"Denmark: Samsø, EJ: Følsdal Bakke, 55.9922N, 10.5515E, h30m",1.0
1706341.jpeg,6/7/1870,1.0,Nikolshavn | Bæddel | Sjælland,1.0
1742983.jpeg,10-6-1964,1.0,FREDERIKSDAL,1.0
1706860.jpeg,MISSING,0.0,MISSING,0.0
1708971.jpeg,MISSING,0.0,MISSING,0.0
1709839.jpeg,3.6.1899,1.0,MISSING,0.0
1706072.jpeg,30.5.1983,1.0,MISSING,0.0
1707976.jpeg,15.6.1870,1.0,MISSING,0.0
1709405.jpeg,27.IV.2022,1.0,"DENMARK: NEZ: Helsingør, Grønne Vestkile, 56.0375N, 12.5598E",1.0
1742809.jpeg,MISSING,0.0,MISSING,0.0
1707880.jpeg,23/10/1870,1.0,"Djursland, Næstved, Kongelunden",1.0
1728496.jpeg,17-5-91,1.0,Kerels Damning,1.0
1706129.jpeg,MISSING,0.0,MISSING,0.0
1707872.jpeg,Sjælland 4.I.60.N.Peb,1.0,Sjælland,1.0
1705717.jpeg,MISSING,0.0,MISSING,0.0
1743054.jpeg,15.10.21,1.0,Dyrehaven,1.0
1743846.jpeg,MISSING,0.0,MISSING,0.0
1705632.jpeg,21.7.1974,1.0,MISSING,0.0
1742797.jpeg,2. VI. 14,1.0,MISSING,0.0
1743857.jpeg,10-5-63,1.0,MISSING,0.0
1705661.jpeg,15.7.37,1.0,MISSING,0.0
1706392.jpeg,1.7.2000,1.0,Lodskovvad,1.0
1707383.jpeg,MISSING,0.0,MISSING,0.0
1744465.jpeg,13.6.86,1.0,MISSING,0.0
1707385.jpeg,MISSING,0.0,MISSING,0.0
1706909.jpeg,5.5.1916,1.0,MISSING,0.0
1708468.jpeg,MISSING,0.0,MISSING,0.0
1709878.jpeg,21.7.1870,1.0,"Kongelunden, Hovedamg",1.0
1707736.jpeg,MISSING,0.0,MISSING,0.0
1707632.jpeg,MISSING,0.0,MISSING,0.0
1707685.jpeg,MISSING,0.0,MISSING,0.0
1744552.jpeg,MISSING,0.0,MISSING,0.0
1744613.jpeg,1.6.1898,1.0,MISSING,0.0
1743728.jpeg,26 - 7 - 1969,1.0,MISSING,0.0
1707377.jpeg,MISSING,0.0,MISSING,0.0
1705553.jpeg,70-7-37,1.0,MISSING,0.0
1708839.jpeg,30.3.1975,1.0,Harrild hede,1.0
1709872.jpeg,12/7/1870,1.0,Kongelunden i Nogodmin,1.0
1706138.jpeg,MISSING,0.0,MISSING,0.0
1728464.jpeg,MISSING,0.0,MISSING,0.0
1706121.jpeg,26/7/1876,1.0,"Dyrehaven, Løvendal",1.0
1706007.jpeg,14-07-14,1.0,Raageleje,1.0
1706799.jpeg,24/9 1922,1.0,Dyrehaven,1.0
1708850.jpeg,27-IV-1976,1.0,Ejstrupholm,1.0
1743791.jpeg,18/4 1927,1.0,Høje Bøge | Svendborg Amt,1.0
1707078.jpeg,29-5-1951,1.0,Dyrehaven,1.0
1708770.jpeg,MISSING,0.0,MISSING,0.0
1705564.jpeg,7/7 1932,1.0,Sandvig Dc.,1.0
1705991.jpeg,28.7.1972,1.0,Svinø Strand,1.0
1707239.jpeg,MISSING,0.0,MISSING,0.0
1705655.jpeg,15.7.97,1.0,MISSING,0.0
1707669.jpeg,MISSING,0.0,MISSING,0.0
1709969.jpeg,25/6-9/7 1943,1.0,Æbelø,1.0
1709995.jpeg,22.8.22,1.0,Bogna,1.0
1707356.jpeg,15.5.1870,1.0,Dyrehaven,1.0
1708954.jpeg,22.9.1872,1.0,Dyrehaven,1.0
1744633.jpeg,9/1 1936,1.0,Rudkøbing | Svendborg Amt,1.0
1743526.jpeg,MISSING,0.0,MISSING,0.0
1707427.jpeg,MISSING,0.0,Svejbak,1.0
1709586.jpeg,MISSING,0.0,MISSING,0.0
1705984.jpeg,8-7-1951,1.0,NiVæ,1.0
1709554.jpeg,MISSING,0.0,MISSING,0.0
1706781.jpeg,18-6-49,1.0,Hestehaven Hillerød,1.0
1706226.jpeg,1-6-50,1.0,"Westehavevej, Hillerød",1.0
1743965.jpeg,26.8.87,1.0,Harboe,1.0
1706852.jpeg,18.8.84,1.0,MISSING,0.0
1708914.jpeg,10.10.1884,1.0,MISSING,0.0
1708413.jpeg,7-9-1958,1.0,Neksø,1.0
1705714.jpeg,MISSING,0.0,MISSING,0.0
1707990.jpeg,MISSING,0.0,MISSING,0.0
1709417.jpeg,27.IV.2022,1.0,"DENMARK: NEZ: Helsingør, Grønne Vestkile, 56.0375N, 12.5598E",1.0
1707357.jpeg,MISSING,0.0,MISSING,0.0
1706143.jpeg,MISSING,0.0,MISSING,0.0
1707679.jpeg,6/1870,1.0,Bornholm,1.0
1709438.jpeg,11-10.1919,1.0,MISSING,0.0
1708779.jpeg,MISSING,0.0,MISSING,0.0
1709758.jpeg,MISSING,0.0,MISSING,0.0
1709792.jpeg,26.3.1978,1.0,MISSING,0.0
1707335.jpeg,MISSING,0.0,MISSING,0.0
1708353.jpeg,20.4.1949,1.0,Vibe,1.0
1706223.jpeg,1.11.1966,1.0,Veddinge,1.0
1744464.jpeg,17.7.24,1.0,MISSING,0.0
1705577.jpeg,1.11.1966,1.0,Hestehaven. Hillerød.,1.0
1743740.jpeg,7.8.1895,1.0,Aastrup,1.0
1706048.jpeg,20.5.34,1.0,MISSING,0.0
1705931.jpeg,11·5·49,1.0,MISSING,0.0
1744453.jpeg,27.6.1903,1.0,MISSING,0.0
1706290.jpeg,1.IX.2001,1.0,MISSING,0.0
1705480.jpeg,MISSING,0.0,MISSING,0.0
1709450.jpeg,HØEG 8-9 1917,1.0,Hansted,1.0
1706463.jpeg,1876,1.0,"Jydske Aa, Kongelunden",1.0
1706894.jpeg,3. VIII. 1991,1.0,NEJ: Høstemark Skov,1.0
1706413.jpeg,8.7.1883,1.0,MISSING,0.0
1708724.jpeg,20.10.1946,1.0,MISSING,0.0
1742817.jpeg,28/5/1902,1.0,Vestvågøya,1.0
1705662.jpeg,15.7.97,1.0,Søse,1.0
1705659.jpeg,15.7.37,1.0,MISSING,0.0
1707891.jpeg,13.xi.2011,1.0,MISSING,0.0
1743980.jpeg,19-5-1964,1.0,MISSING,0.0
1709809.jpeg,15-10-1974,1.0,Østbirk,1.0
1707970.jpeg,MISSING,0.0,MISSING,0.0
1709003.jpeg,MISSING,0.0,MISSING,0.0
1709902.jpeg,MISSING,0.0,MISSING,0.0
1706160.jpeg,MISSING,0.0,Lolland,1.0
1707626.jpeg,MISSING,0.0,MISSING,0.0
1706968.jpeg,MISSING,0.0,MISSING,0.0
1709056.jpeg,23.8.03,1.0,MISSING,0.0
1709008.jpeg,MISSING,0.0,Lolland,1.0
1706430.jpeg,6/7/1876,1.0,"Grønninglund, Længs Hvirveldal",1.0
1708378.jpeg,5-4-50,1.0,"Sønderskov, Hövelle",1.0
1709945.jpeg,19/6-17,1.0,Esbjerg,1.0
1707309.jpeg,4.5.1938,1.0,Vestkysten,1.0
1705913.jpeg,30-5-1909,1.0,Dyrehaven,1.0
1706890.jpeg,20.VII.2021,1.0,"DENMARK: NWJ, Hjelm Hede (west), 56.48N, 8.89E, 16 m, grazed grassland",1.0
1705948.jpeg,14-7-1993,1.0,MISSING,0.0
1708778.jpeg,MISSING,0.0,MISSING,0.0
1708817.jpeg,MISSING,0.0,MISSING,0.0
1707899.jpeg,12.IV.2011,1.0,Sukkertoppen EJ,1.0
1709785.jpeg,11-11-95,1.0,MAALTRUP | H.-LILJENHUG. LEG.,1.0
1707481.jpeg,18-6-1910,1.0,Dyrehaven,1.0
1709801.jpeg,1948,1.0,Tyrbøl Sjælland,1.0
1705761.jpeg,12-7-1915,1.0,Skagen,1.0
1743029.jpeg,24. IV. 1979,1.0,Hornbæk - DK | O. Martin Ly.,1.0
1706952.jpeg,24/5/1870,1.0,Jydrhavn,1.0
1705748.jpeg,8-7-60,1.0,Vstr. Sømark,1.0
1728554.jpeg,3.7.1977,1.0,MISSING,0.0
1728564.jpeg,MISSING,0.0,MISSING,0.0
1706326.jpeg,7/1962,1.0,Ravn Boye,1.0
1709424.jpeg,27.IV.2022,1.0,"DENMARK: NEZ: Helsingør, Grønne Vestkile, 56.0375N, 12.5598E",1.0
1743931.jpeg,26.8.28,1.0,Tisvilde Hegn,1.0
1706058.jpeg,HØEG 19.6.1972,1.0,MISSING,0.0
1705854.jpeg,14/7-1962,1.0,Ved Silkeborg,1.0
1706499.jpeg,MISSING,0.0,MISSING,0.0
1709290.jpeg,MISSING,0.0,MISSING,0.0
1709942.jpeg,21/8.1901,1.0,Tægestrup,1.0
1707598.jpeg,21.6.32,1.0,MISSING,0.0
1706385.jpeg,MISSING,0.0,MISSING,0.0
1709510.jpeg,MISSING,0.0,MISSING,0.0
1706245.jpeg,9-6-1971,1.0,MISSING,0.0
1706869.jpeg,27-6-72,1.0,MISSING,0.0
1707295.jpeg,19.6.1942,1.0,MISSING,0.0
1709756.jpeg,MISSING,0.0,MISSING,0.0
1706165.jpeg,11/8.1908,1.0,"Sandager, Holbæk",1.0
1705920.jpeg,25.8.197,1.0,Veddinge bakker,1.0
1709515.jpeg,MISSING,0.0,MISSING,0.0
1710401.jpeg,22.5.1915,1.0,MISSING,0.0
1709968.jpeg,25/6-97 1943,1.0,Æbelø,1.0
1708805.jpeg,13-10-46,1.0,Sj. Rørbeek Sø,1.0
1709773.jpeg,20-5-1956,1.0,JægersprisNord,1.0
1709499.jpeg,MISSING,0.0,Dyrehaven,1.0
1709993.jpeg,10-7-1948,1.0,"Fæstning, Rødovre",1.0
1707199.jpeg,MISSING,0.0,MISSING,0.0
1707215.jpeg,30-8-62,1.0,Dyrehaven,1.0
1707661.jpeg,MISSING,0.0,MISSING,0.0
1706243.jpeg,9-6-1971,1.0,MISSING,0.0
1744576.jpeg,MISSING,0.0,MISSING,0.0
1744442.jpeg,6.6.27,1.0,MISSING,0.0
1707887.jpeg,30.3.1975,1.0,Herrild hede,1.0
1705517.jpeg,21/5-93,1.0,Hæsede,1.0
1708692.jpeg,21.X. 1976,1.0,MISSING,0.0
1705770.jpeg,31-7-1927,1.0,Rødovre,1.0
1705443.jpeg,15/3/870,1.0,Dyrehaven,1.0
1709407.jpeg,27.IV.2022,1.0,"DENMARK: NEZ: Helsingør, Grønne Vestkile, 56.0375N, 12.5598E",1.0
1706298.jpeg,19.V.2022,1.0,"Samsø: EJ: Følsdal Bakke, 55.9922N, 10.5515E, h30m",1.0
1728465.jpeg,5/870,1.0,København Smøgen,1.0
1706314.jpeg,6/1869,1.0,"Rønninge, Sjælland",1.0
1709306.jpeg,MISSING,0.0,MISSING,0.0
1709221.jpeg,28.9.16/3,1.0,"Dyrehaven, Danica",1.0
1728483.jpeg,MISSING,0.0,Lolland,1.0
1707292.jpeg,19.5.1931,1.0,MISSING,0.0
1705747.jpeg,8-7-60,1.0,Vstr. Sömark.,1.0
1706231.jpeg,1.11.1966,1.0,Hestehavey Hillerød,1.0
1707343.jpeg,MISSING,0.0,MISSING,0.0
1709150.jpeg,MISSING,0.0,MISSING,0.0
1709893.jpeg,MISSING,0.0,MISSING,0.0
1708859.jpeg,30.9.92,1.0,Hasselholt,1.0
1706315.jpeg,6/1869,1.0,MISSING,0.0
1705971.jpeg,MISSING,0.0,MISSING,0.0
1707028.jpeg,16/4 1934,1.0,Svendborg Amt,1.0
1709483.jpeg,MISSING,0.0,MISSING,0.0
1709246.jpeg,164/1870,1.0,MISSING,0.0
1743551.jpeg,27.7.1872,1.0,Næstved,1.0
1707895.jpeg,18-IV-1975,1.0,Tykskov krat,1.0
1709888.jpeg,2.12.7.1870,1.0,Føhvelens Kaldet: Tovjednængi,1.0
1706759.jpeg,23.8.1934,1.0,Ebelskov,1.0
1708983.jpeg,MISSING,0.0,MISSING,0.0
1707336.jpeg,MISSING,0.0,MISSING,0.0
1709410.jpeg,27.IV.2022,1.0,"DENMARK: NEZ: Helsingør, Grønne Vestkile, 56.0375N, 12.5598E",1.0
1708427.jpeg,14-5-1965,1.0,"V.Sjælland Rønnes Kongstrup,Kl",1.0
1708767.jpeg,MISSING,0.0,MISSING,0.0
1743817.jpeg,16.6.1929,1.0,MISSING,0.0
1708921.jpeg,10.10.1884,1.0,MISSING,0.0
1707040.jpeg,18-5-1910,1.0,Dyrehaven,1.0
1743761.jpeg,6/7. 1930,1.0,Aabenraa,1.0
1705445.jpeg,15/6/1870,1.0,MISSING,0.0
1708833.jpeg,MISSING,0.0,MISSING,0.0
1743971.jpeg,MISSING,0.0,MISSING,0.0
1707079.jpeg,29.5-1951,1.0,Dyrehaven,1.0
1705687.jpeg,MISSING,0.0,"Plynggård, Tversted, Bøge",1.0
1708479.jpeg,MISSING,0.0,MISSING,0.0
1744567.jpeg,MISSING,0.0,MISSING,0.0
1706782.jpeg,31-8-49,1.0,Folehave,1.0
1743960.jpeg,3.5.1974,1.0,MISSING,0.0
1709552.jpeg,MISSING,0.0,MISSING,0.0
1708766.jpeg,MISSING,0.0,MISSING,0.0
1709238.jpeg,8.16.4.1870,1.0,Dyrehaven,1.0
1710354.jpeg,26-8-1956,1.0,MISSING,0.0
1743880.jpeg,"juli,htof-1995",1.0,Strandby v. Fr. havn,1.0
1707919.jpeg,13.5.1938,1.0,Tranekær,1.0
1707240.jpeg,MISSING,0.0,MISSING,0.0
1743563.jpeg,MISSING,0.0,MISSING,0.0
1706935.jpeg,19/5-1870,1.0,Dyrehaven,1.0
1743877.jpeg,25.5.1947,1.0,Voddinge Bakker,1.0
1709830.jpeg,28.7.1923,1.0,MØEG,1.0
1709917.jpeg,MISSING,0.0,MISSING,0.0
1728555.jpeg,31.v. - 2.vi.1983,1.0,Ristinge Klint,1.0
1705499.jpeg,13/5/1870,1.0,København,1.0
1743935.jpeg,6-6-27,1.0,Liseleje,1.0
1708014.jpeg,4-96,1.0,"Skibby, SJ.",1.0
1744449.jpeg,2-9-1919,1.0,MISSING,0.0
1742764.jpeg,MISSING,0.0,MISSING,0.0
1708988.jpeg,MISSING,0.0,MISSING,0.0
1709393.jpeg,27.IV.2022,1.0,"DENMARK: NEZ: Helsingør, Grønne Vestkile, 56.0375N, 12.5598E",1.0
1705679.jpeg,3/6/1870,1.0,MISSING,0.0
1705430.jpeg,22.5.1902,1.0,MISSING,0.0
1709317.jpeg,30.5.1999,1.0,Dyrehaven,1.0
1706917.jpeg,10.8.1948,1.0,MISSING,0.0
1709910.jpeg,MISSING,0.0,MISSING,0.0
1705452.jpeg,7.9.5.1870,1.0,Dyrehaven,1.0
1706170.jpeg,1/8-1901,1.0,"Sandager, Lolland",1.0
1706106.jpeg,9.7/6.1870,1.0,Kb Bornholm,1.0
1709493.jpeg,+Byerhavnen,1.0,MISSING,0.0
1707810.jpeg,MISSING,0.0,MISSING,0.0
1706241.jpeg,5-6-1965,1.0,Knudshoved,1.0
1728580.jpeg,28.VI.1987,1.0,Strandkar,1.0
1706470.jpeg,MISSING,0.0,MISSING,0.0
1705951.jpeg,28.4.1973,1.0,MISSING,0.0
1708786.jpeg,MISSING,0.0,MISSING,0.0
1707773.jpeg,MISSING,0.0,MISSING,0.0
1707751.jpeg,8.VI.2003,1.0,"Tofte Skov, NEJ",1.0
1708018.jpeg,1888,1.0,MISSING,0.0
1706456.jpeg,+17/6/1871,1.0,"Jydske R5, Kongelunden",1.0
1709113.jpeg,27-9-58,1.0,Eremilagen,1.0
1706179.jpeg,6.7.73,1.0,MISSING,0.0
1708887.jpeg,13.10.1991,1.0,Marselisborg,1.0
1709439.jpeg,26.9.1917,1.0,Aageshølen,1.0
1706506.jpeg,19/2/71,1.0,"Bromminglund bakke, Kongelund &",1.0
1707455.jpeg,12-6-50,1.0,Jagterspris,1.0
1743790.jpeg,24/5-1929,1.0,Svendborg Amt,1.0
1706383.jpeg,MISSING,0.0,MISSING,0.0
1707415.jpeg,12-7-96,1.0,MISSING,0.0
1743002.jpeg,7-6-1990,1.0,Søse,1.0
1707894.jpeg,24-III-1975,1.0,Tykskov krat,1.0
1708822.jpeg,MISSING,0.0,MISSING,0.0
1709115.jpeg,14-9-58,1.0,Dyrehaven,1.0
1744530.jpeg,3.6.1870,1.0,"København, Nørrebro, Kongelunden",1.0
1709571.jpeg,MISSING,0.0,MISSING,0.0
1707391.jpeg,MISSING,0.0,MISSING,0.0
1708428.jpeg,23-5-1965,1.0,Rønnes Kongstrup KL,1.0
1707401.jpeg,3/6/70,1.0,Kongelunden,1.0
1744658.jpeg,24-9-1915,1.0,Shagen,1.0
1707581.jpeg,31.V.1986,1.0,Høstemark,1.0
1705686.jpeg,3/6/1870,1.0,MISSING,0.0
1744435.jpeg,6.6.1924,1.0,Skagen,1.0
1707374.jpeg,MISSING,0.0,MISSING,0.0
1706477.jpeg,MISSING,0.0,MISSING,0.0
1707659.jpeg,MISSING,0.0,MISSING,0.0
1709472.jpeg,MISSING,0.0,MISSING,0.0
1705813.jpeg,MISSING,0.0,Dyrehaven,1.0
1705911.jpeg,30-5-1907,1.0,Dyrehaven,1.0
1705794.jpeg,1883,1.0,MISSING,0.0
1708027.jpeg,4/7/1907,1.0,MISSING,0.0
1743906.jpeg,25.7.1948,1.0,"Spandet Egekrat, Sønderjylland",1.0
1706144.jpeg,MISSING,0.0,MISSING,0.0
1742737.jpeg,MISSING,0.0,MISSING,0.0
1728500.jpeg,26/4/70,1.0,Brøndum,1.0
1742829.jpeg,MISSING,0.0,MISSING,0.0
1708928.jpeg,22.8.22,1.0,MISSING,0.0
1728532.jpeg,28-5-61,1.0,Eremitagen,1.0
1743741.jpeg,1/10 1893,1.0,Dyrehaven,1.0
1706073.jpeg,19.7.99,1.0,MISSING,0.0
1709401.jpeg,27.IV.2022,1.0,"DENMARK: NEZ: Helsingør, Grønne Vestkile, 56.0375N, 12.5598E",1.0
1707042.jpeg,8-6-1919,1.0,Dyrehaven,1.0
1710405.jpeg,6.6.1927,1.0,MISSING,0.0
1706828.jpeg,12/6/1962,1.0,"Tisvilde Hegn, Nordsjælland",1.0
1709490.jpeg,MISSING,0.0,Dyrehaven,1.0
1707362.jpeg,MISSING,0.0,MISSING,0.0
1744443.jpeg,11-8.1922,1.0,MISSING,0.0
1744595.jpeg,MISSING,0.0,MISSING,0.0
1706976.jpeg,9/6/1869,1.0,"Sjælland, Følling, Schlick",1.0
1709337.jpeg,19-9-1953,1.0,Dyrehaven,1.0
1709578.jpeg,Ogrehaven1970,1.0,MISSING,0.0
1705690.jpeg,MISSING,0.0,MISSING,0.0
1709496.jpeg,MISSING,0.0,MISSING,0.0
1744604.jpeg,MISSING,0.0,MISSING,0.0
1743953.jpeg,6-9-1970,1.0,MISSING,0.0
1707397.jpeg,14.V.89,1.0,MISSING,0.0
1708924.jpeg,22.8.22,1.0,MISSING,0.0
1708019.jpeg,MISSING,0.0,MISSING,0.0
1707227.jpeg,17-7-99,1.0,Jægerspr. N.Sk.,1.0
1742760.jpeg,MISSING,0.0,MISSING,0.0
1709802.jpeg,14.9.1948,1.0,Rye Skov v. Børgys Sjall.,1.0
1708959.jpeg,7/4/1870,1.0,MISSING,0.0
1708760.jpeg,$10/1873,1.0,"Køge Horne, Boye",1.0
1706196.jpeg,27/6/84,1.0,Skallingen,1.0
1705531.jpeg,MISSING,0.0,MISSING,0.0
1708031.jpeg,2/5-88,1.0,Jaabense,1.0
1743937.jpeg,30.5.1969,1.0,"Køge, Kongstrup Kl",1.0
1706415.jpeg,16.5.1896,1.0,MISSING,0.0
1705680.jpeg,9 3/6/870,1.0,Ronne,1.0
1707269.jpeg,17-VIII-1976,1.0,Krenkerup,1.0
1709870.jpeg,7/1870,1.0,Ørholm i Køgebugten,1.0
1708809.jpeg,MISSING,0.0,Horens BøjteTæbbst. Jæs,1.0
1709776.jpeg,20-5-1956,1.0,MISSING,0.0
1709832.jpeg,28-7-1923,1.0,Thorsager,1.0
1743996.jpeg,23-9-1956,1.0,MISSING,0.0
1744647.jpeg,10-5-1956,1.0,Kongelunden,1.0
1743777.jpeg,19-9-36,1.0,MISSING,0.0
1706163.jpeg,18.8.1901,1.0,"Søndager, Lolland",1.0
1744554.jpeg,MISSING,0.0,MISSING,0.0
1709884.jpeg,MISSING,0.0,MISSING,0.0
1707218.jpeg,30-8-62,1.0,Dyrehaven,1.0
1706438.jpeg,$17/6-1871,1.0,Kongelunden,1.0
1708755.jpeg,MISSING,0.0,MISSING,0.0
1728462.jpeg,MISSING,0.0,Kb | Mus. Lev.,1.0
1728571.jpeg,MISSING,0.0,MISSING,0.0
1708024.jpeg,10 Oct. 1883,1.0,MISSING,0.0
1708034.jpeg,7/7/1907,1.0,Frederiksværk,1.0
1706487.jpeg,13/6/18,1.0,"Jord for landdyssel, landdyssel, land Kogebom",1.0
1710347.jpeg,26-8-1956,1.0,MISSING,0.0
1743783.jpeg,13-8-36,1.0,Hindsholm,1.0
1705912.jpeg,4-5-1914,1.0,Vamdrup,1.0
1742792.jpeg,MISSING,0.0,Lolland,1.0
1709204.jpeg,18.10.1997,1.0,Holmsgaards Mose,1.0
1707695.jpeg,MISSING,0.0,MISSING,0.0
1707516.jpeg,19-6-1959,1.0,"Ørgaard Nors, Thy Worm-Hansen",1.0
1707252.jpeg,MISSING,0.0,MISSING,0.0
1709786.jpeg,14 IV 1995,1.0,MALTRUP,1.0
1744545.jpeg,MISSING,0.0,MISSING,0.0
1706123.jpeg,2.6.1870,1.0,"Bornholm, Løvendal",1.0
1706969.jpeg,29/5/1870,1.0,"Dyrehaven, Sydholgård, Kongelunden",1.0
1708930.jpeg,22.8.22,1.0,MISSING,0.0
1705628.jpeg,1997,1.0,DRAVED SKY,1.0
1709808.jpeg,19.IX.1992,1.0,Høstemark Skov NEJ,1.0
1743030.jpeg,11.5.1982,1.0,Grib skov,1.0
1728476.jpeg,MISSING,0.0,MISSING,0.0
1707436.jpeg,8/6-19,1.0,Hammeren,1.0
1706139.jpeg,MISSING,0.0,MISSING,0.0
1707006.jpeg,1/6/1899,1.0,Kjødsbov,1.0
1709428.jpeg,27.IV.2022,1.0,"DENMARK: NEZ: Hellebæk Avlsgård, Kohave, 56.0554N, 12.5439E",1.0
1707561.jpeg,26-6-1955,1.0,Lindholm,1.0
1744614.jpeg,MISSING,0.0,Esbjerg,1.0
1707831.jpeg,MISSING,0.0,MISSING,0.0
1705945.jpeg,5-6-1965,1.0,MISSING,0.0
1706194.jpeg,13/6 1939,1.0,Svendborg Amt,1.0
1707775.jpeg,MISSING,0.0,MISSING,0.0
1706841.jpeg,8-9-1900,1.0,MISSING,0.0
1708422.jpeg,17-5-1964,1.0,Jægerspr. N-Sk,1.0
1709333.jpeg,23-10-57,1.0,Eremilagen,1.0
1707813.jpeg,1869,1.0,Mus Løv.,1.0
1707008.jpeg,2/5/1910,1.0,MISSING,0.0
1743798.jpeg,3/5-1942,1.0,Tisvilde Hegn ved Gisserbo,1.0
1705858.jpeg,MISSING,0.0,MISSING,0.0
1708799.jpeg,28/9/84,1.0,"Jebbestrup bakker, Randers, Kongodning",1.0
1707268.jpeg,17-VIII-1976,1.0,Krenkerup,1.0
1709128.jpeg,25-6-1960,1.0,Jægerspr. Nisg.,1.0
1744691.jpeg,10-5-1956,1.0,MISSING,0.0
1708844.jpeg,14.10.1979,1.0,Lindum skov,1.0
1705535.jpeg,2/7-920,1.0,Hammers Bækker,1.0
1706260.jpeg,9/5-87,1.0,MISSING,0.0
1706945.jpeg,7/26/5-1870,1.0,Dyrehaven,1.0
1706091.jpeg,MISSING,0.0,MISSING,0.0
1709370.jpeg,12-10-1952,1.0,Dyrehaven,1.0
1744623.jpeg,22/5-1900,1.0,Vishu Utsun Kjældikov,1.0
1744626.jpeg,MISSING,0.0,MISSING,0.0
1710351.jpeg,26-8-1956,1.0,Nekselø S.,1.0
1708001.jpeg,MISSING,0.0,MISSING,0.0
1706444.jpeg,+14/6/1871,1.0,Lyngsmose,1.0
1707168.jpeg,MISSING,0.0,MISSING,0.0
1708788.jpeg,10/73,1.0,MISSING,0.0
1743591.jpeg,Juni 1817,1.0,Sielland,1.0
1707388.jpeg,MISSING,0.0,MISSING,0.0
1706108.jpeg,7/6/1870,1.0,"Rønne, Bornholm",1.0
1707672.jpeg,MISSING,0.0,MISSING,0.0
1708933.jpeg,MISSING,0.0,MISSING,0.0
1708987.jpeg,MISSING,0.0,MISSING,0.0
1744661.jpeg,16-5-1991,1.0,Jylland Skallingen,1.0
1709192.jpeg,29-8-1952,1.0,Dyrehaven,1.0
1705892.jpeg,31.8.1944,1.0,Ulfshale Møen,1.0
1706313.jpeg,6/1869,1.0,"Fløring, Sønderhå",1.0
1709101.jpeg,11/9-1965,1.0,Gl.Skagen,1.0
1707562.jpeg,26-6-1955,1.0,MISSING,0.0
1728572.jpeg,MISSING,0.0,MISSING,0.0
1707694.jpeg,MISSING,0.0,Bosertup,1.0
1705784.jpeg,15.7.1998,1.0,MISSING,0.0
1709505.jpeg,6/1870,1.0,"Aldershvile, 6. Åre, Jylland",1.0
1706252.jpeg,24.6.1945,1.0,GRØNNINGEN FANØ,1.0
1709034.jpeg,1905-04-07,1.0,Havne,1.0
1708376.jpeg,27-4-49,1.0,Frederikslund,1.0
1707265.jpeg,23.7.1998,1.0,Dyrehaven,1.0
1743711.jpeg,23/4/1891,1.0,Saltesø Skov,1.0
1743559.jpeg,MISSING,0.0,MISSING,0.0
1709060.jpeg,aug 1934 BC,1.0,Tange v. Ribe,1.0
1709921.jpeg,MISSING,0.0,MISSING,0.0
1705561.jpeg,7-6-1922,1.0,Dyrehaven,1.0
1707447.jpeg,13/6 1939,1.0,Svendborg Amt,1.0
1728471.jpeg,MISSING,0.0,MISSING,0.0
1705982.jpeg,MISSING,0.0,MISSING,0.0
1743013.jpeg,19.V.2022,1.0,"Denmark: Samsø, EJ: Følsdal Bakke, 55.9922N, 10.5515E, h30m",1.0
1709502.jpeg,MISSING,0.0,Dyrehaven,1.0
1705698.jpeg,MISSING,0.0,MISSING,0.0
1744436.jpeg,8.5.25,1.0,Saltholm,1.0
1709384.jpeg,19.IX.1992,1.0,Høstemark skov NEJ,1.0
1705994.jpeg,23.7.44,1.0,Stasevang,1.0
1706362.jpeg,MISSING,0.0,MISSING,0.0
1742761.jpeg,MISSING,0.0,MISSING,0.0
1706316.jpeg,MISSING,0.0,MISSING,0.0
1744562.jpeg,MISSING,0.0,MISSING,0.0
1709791.jpeg,26.3.1978,1.0,MISSING,0.0
1705515.jpeg,MISSING,0.0,MISSING,0.0
1709394.jpeg,27.IV.2022,1.0,"DENMARK: NEZ: Helsingør, Grønne Vestkile, 56.0375N, 12.5598E",1.0
1709229.jpeg,8.10.21,1.0,Dyrehaven,1.0
1707178.jpeg,MISSING,0.0,MISSING,0.0
1709097.jpeg,22.8.22,1.0,MISSING,0.0
1705814.jpeg,MISSING,0.0,Dyrehaven,1.0
1706101.jpeg,MISSING,0.0,MISSING,0.0
1709164.jpeg,MISSING,0.0,MISSING,0.0
1743905.jpeg,26.17,1.0,"Stensbæk Plantage, Sønderjylland",1.0
1709139.jpeg,29-VIII-1985,1.0,MISSING,0.0
1708958.jpeg,27/9-1870,1.0,Borre Vejlehus,1.0
1743044.jpeg,26.9.1922,1.0,MISSING,0.0
1706268.jpeg,MISSING,0.0,MISSING,0.0
1705574.jpeg,21-5-49,1.0,Eremitagen,1.0
1707927.jpeg,18.5.1938,1.0,MISSING,0.0
1705992.jpeg,3.8.1973,1.0,Svinø Strand,1.0
1743522.jpeg,MISSING,0.0,Kulhus | Kulhus,1.0
1744700.jpeg,12-5-1957,1.0,Saltholm,1.0
1743025.jpeg,1.10.65,1.0,Tisvilde h.,1.0
1709488.jpeg,MISSING,0.0,MISSING,0.0
1705864.jpeg,MISSING,0.0,MISSING,0.0
1728602.jpeg,16/6/1930,1.0,MISSING,0.0
1707052.jpeg,21-5-49,1.0,Eremitagen,1.0
1706323.jpeg,MISSING,0.0,MISSING,0.0
1709274.jpeg,MISSING,0.0,MISSING,0.0
1707161.jpeg,29/8 1883,1.0,"Dønnerup, Roskilde, Nordsjælland",1.0
1710382.jpeg,16-7-1972,1.0,EJSTRUPHOLM,1.0
1728501.jpeg,MISSING,0.0,MISSING,0.0
1705979.jpeg,19.6.96,1.0,Onsild,1.0
1707319.jpeg,22.5.22,1.0,Søllerød,1.0
1709052.jpeg,23.8.03,1.0,MISSING,0.0
1709895.jpeg,MISSING,0.0,MISSING,0.0
1709353.jpeg,MISSING,0.0,MISSING,0.0
1707424.jpeg,31.5.1888,1.0,Gaabergse,1.0
1705976.jpeg,MISSING,0.0,MISSING,0.0
1705459.jpeg,MISSING,0.0,MISSING,0.0
1707482.jpeg,30.8.1909,1.0,Dyrehaven,1.0
1742981.jpeg,MISSING,0.0,MISSING,0.0
1743837.jpeg,13-8-36,1.0,Hindsholm,1.0
1705962.jpeg,1975-05,1.0,MISSING,0.0
1743933.jpeg,29-4-28,1.0,Trørød Hegn,1.0
1705501.jpeg,MISSING,0.0,MISSING,0.0
1708889.jpeg,13.10.1991,1.0,Marselisborg,1.0
1710377.jpeg,29. august 1983,1.0,"Kongstrup, Rosnæs",1.0
1708725.jpeg,20.10.18,1.0,MISSING,0.0
1709136.jpeg,24.10.1976,1.0,UGLEGLYP I NÅLESKOV | RØD SKOV SKORPING,1.0
1706011.jpeg,4.VI.1988,1.0,DK.NEJ.NJ88,1.0
1708838.jpeg,29.3.1975,1.0,Tyshkov v. Brandt,1.0
1743793.jpeg,21/9 1934,1.0,Svendborg Amt,1.0
1707955.jpeg,6/1870,1.0,Dyrehaven,1.0
1708441.jpeg,13-4-1963,1.0,Nadelbohuse Halsnæs,1.0
1707684.jpeg,15/6/1971,1.0,"Jydske Skov, Vendsyssel, Løvendal",1.0
1706270.jpeg,MISSING,0.0,MISSING,0.0
1706287.jpeg,13-5-1972,1.0,SKALLINGEN,1.0
1707418.jpeg,23/6/1905,1.0,"Myldgård, Møn",1.0
1742816.jpeg,MISSING,0.0,MISSING,0.0
1705525.jpeg,27.8.98,1.0,Kulhuse,1.0
1705859.jpeg,MISSING,0.0,MISSING,0.0
1707649.jpeg,MISSING,0.0,MISSING,0.0
1707728.jpeg,MISSING,0.0,MISSING,0.0
1707663.jpeg,MISSING,0.0,MISSING,0.0
1705908.jpeg,8-6-1914,1.0,Vandrup,1.0
1709040.jpeg,9/5-20,1.0,MISSING,0.0
1709905.jpeg,MISSING,0.0,MISSING,0.0
1709295.jpeg,MISSING,0.0,MISSING,0.0
1705783.jpeg,3.6.1900,1.0,København,1.0
1743759.jpeg,28/7/1930,1.0,Brø,1.0
1707622.jpeg,MISSING,0.0,MISSING,0.0
1705582.jpeg,4-6 1965,1.0,V.Sjælland Rømøe Kongatrue Kl,1.0
1709312.jpeg,10-5-1945,1.0,Skagen,1.0
1709300.jpeg,26/3/90,1.0,MISSING,0.0
1707548.jpeg,15-2-08,1.0,MISSING,0.0
1706846.jpeg,6.VIII.1972,1.0,Liseleje N. SJ.,1.0
1705878.jpeg,6-7-37,1.0,MISSING,0.0
1706967.jpeg,19.5.1870,1.0,Dyrehaven | Byortjænerebag,1.0
1709546.jpeg,MISSING,0.0,Boerup,1.0
1706877.jpeg,26-7-1951,1.0,NiVåø,1.0
1742755.jpeg,MISSING,0.0,MISSING,0.0
1705617.jpeg,14-5-1954,1.0,Kulhuse,1.0
1708385.jpeg,17.9.49,1.0,grib Skov,1.0
1743509.jpeg,MISSING,0.0,MISSING,0.0
1709831.jpeg,28.7.1923,1.0,MISSING,0.0
1743708.jpeg,MISSING,0.0,MISSING,0.0
1705881.jpeg,6-7-37,1.0,Trelde,1.0
1743947.jpeg,4-4-1953,1.0,Glumso øst-sku,1.0
1707814.jpeg,MISSING,0.0,MISSING,0.0
1743590.jpeg,MISSING,0.0,MISSING,0.0
1707434.jpeg,28.5-16,1.0,Dragør,1.0
1706320.jpeg,7/862,1.0,Kong Prøg,1.0
1744643.jpeg,22-5-1955,1.0,MISSING,0.0
1709366.jpeg,16-4-70,1.0,Lavendel,1.0
1708797.jpeg,10/7/73,1.0,MISSING,0.0
1706985.jpeg,MISSING,0.0,MISSING,0.0
1705453.jpeg,MISSING,0.0,MISSING,0.0
1743802.jpeg,27/7-1932,1.0,Skallingen,1.0
1705961.jpeg,24.3.1970,1.0,MISSING,0.0
1705762.jpeg,24-5-1915,1.0,Skagen,1.0
1709784.jpeg,14-IV-1911,1.0,RAWSON BAKKE | KULHUSKT LEG.,1.0
1707338.jpeg,MISSING,0.0,MISSING,0.0
1706775.jpeg,30-6-1913,1.0,Sandbjerg,1.0
1709375.jpeg,6-4-1952,1.0,Dyrehaven,1.0
1707690.jpeg,MISSING,0.0,MISSING,0.0
1707969.jpeg,MISSING,0.0,MISSING,0.0
1707275.jpeg,20-VIII-1976,1.0,Maltrup,1.0
1744553.jpeg,MISSING,0.0,MISSING,0.0
1709518.jpeg,MISSING,0.0,MISSING,0.0
1743823.jpeg,16-6-1929,1.0,Bellinge skov,1.0
1708665.jpeg,9.93,1.0,Hundsrup,1.0
1708762.jpeg,MISSING,0.0,MISSING,0.0
1706291.jpeg,15.V.2011,1.0,Røsnæsgård NWZ,1.0
1707812.jpeg,MISSING,0.0,MISSING,0.0
1709561.jpeg,MISSING,0.0,CoJL. Wüstnei.,1.0
1743781.jpeg,14/6 1941,1.0,MISSING,0.0
1707987.jpeg,MISSING,0.0,MISSING,0.0
1709553.jpeg,MISSING,0.0,MISSING,0.0
1708775.jpeg,MISSING,0.0,MISSING,0.0
1707769.jpeg,MISSING,0.0,MISSING,0.0
1707389.jpeg,MISSING,0.0,MISSING,0.0
1707541.jpeg,MISSING,0.0,MISSING,0.0
1710340.jpeg,23-6-1961,1.0,"Galgehøj, Hjarbek",1.0
1706140.jpeg,MISSING,0.0,MISSING,0.0
1708691.jpeg,21.X. 1976,1.0,MISSING,0.0
1706963.jpeg,MISSING,0.0,MISSING,0.0
1709036.jpeg,MISSING,0.0,MISSING,0.0
1707450.jpeg,18-6-49,1.0,Hestehaven,1.0
1744679.jpeg,MISSING,0.0,MISSING,0.0
1706972.jpeg,MISSING,0.0,MISSING,0.0
1708769.jpeg,MISSING,0.0,MISSING,0.0
1709582.jpeg,MISSING,0.0,MISSING,0.0
1707703.jpeg,6.9.94,1.0,Skagen,1.0
1708845.jpeg,15-XI-1976,1.0,Ejstrupholm,1.0
1743003.jpeg,7.6.1990,1.0,MISSING,0.0
1744451.jpeg,14.5.1977,1.0,MISSING,0.0
1707633.jpeg,6/6/1871,1.0,Vendaysel,1.0
1709767.jpeg,13-9-1952,1.0,Haveskov,1.0
1707510.jpeg,26-5-1965,1.0,Rønnes Kongstrup Kl,1.0
1707454.jpeg,12-6-50,1.0,Jaggerspris,1.0
1744697.jpeg,10-5-1956,1.0,Kongelunden,1.0
1707422.jpeg,23/6/1905,1.0,"Møgelynd, Vendsyssel",1.0
1708466.jpeg,MISSING,0.0,MISSING,0.0
1709924.jpeg,MISSING,0.0,MISSING,0.0
1705977.jpeg,MISSING,0.0,MISSING,0.0
1707249.jpeg,MISSING,0.0,MISSING,0.0
1709143.jpeg,MISSING,0.0,Pjedsted ved Veile.,1.0
1707041.jpeg,17-6-1922,1.0,Dyrehaven,1.0
1705683.jpeg,23/6/1870,1.0,MISSING,0.0
1707692.jpeg,MISSING,0.0,MISSING,0.0
1744686.jpeg,10-5-1956,1.0,Kongelunden,1.0
1705498.jpeg,29/5/1870,1.0,Dyrehaven,1.0
1709427.jpeg,27.IV.2022,1.0,"DENMARK: NEZ: Hellebæk Avlsgård, Kohave, 56.0554N, 12.5439E",1.0
1706285.jpeg,18-6-1956,1.0,MISSING,0.0
1710409.jpeg,HØEG 3.6.1934,1.0,MISSING,0.0
1709821.jpeg,MISSING,0.0,MISSING,0.0
1706784.jpeg,23.7.22,1.0,MISSING,0.0
1707841.jpeg,MISSING,0.0,MISSING,0.0
1705657.jpeg,15-7-37,1.0,MISSING,0.0
1708723.jpeg,20.10.1976,1.0,MISSING,0.0
1708037.jpeg,5/6 1909,1.0,Geels Skov,1.0
1709803.jpeg,4.5.1947,1.0,Kongelunden,1.0
1706103.jpeg,MISSING,0.0,MISSING,0.0
1743868.jpeg,1.11.1966,1.0,Asserbo,1.0
1707784.jpeg,6/1862,1.0,Jægerspris dyrarndal,1.0
1707868.jpeg,4.11.59,1.0,Sorøbæl,1.0
1705958.jpeg,16.6.1929,1.0,Gellinge skov,1.0
1709341.jpeg,19-3-1953,1.0,Dyrehaven,1.0
1709007.jpeg,MISSING,0.0,Lolland,1.0
1743957.jpeg,1.6.1944,1.0,Knudshovede Stjälland,1.0
1705964.jpeg,1975-5,1.0,MISSING,0.0
1706422.jpeg,17/6/1871,1.0,"Dronninglund, Hovmølle",1.0
1709009.jpeg,MISSING,0.0,Lolland,1.0
1707299.jpeg,15-5-1947,1.0,HØEG,1.0
1709058.jpeg,23.8.03,1.0,Mølbeek,1.0
1706834.jpeg,28-5-1965,1.0,V.Sjælland Rønnes Kongstrup Kgl,1.0
1707407.jpeg,MISSING,0.0,MISSING,0.0
1706095.jpeg,MISSING,0.0,Dyrehaven,1.0
1705474.jpeg,7/1870,1.0,MISSING,0.0
1708941.jpeg,17/9/1870,1.0,Bornholm,1.0
1707511.jpeg,26-5-1965,1.0,Købmæs Kongstrup Kl,1.0
1708791.jpeg,10/73,1.0,"Rask, Horsens, Sydjylland",1.0
1743844.jpeg,10-5-63,1.0,Faxe,1.0
1743751.jpeg,MISSING,0.0,MISSING,0.0
1706892.jpeg,20.VII.2021,1.0,"DENMARK: NWJ: Hjelm Hede (west), 56.48N, 8.89E, 16 m.",1.0
1707409.jpeg,21/6 83,1.0,Ebing,1.0
1705524.jpeg,2/7 1898,1.0,Kulhuset,1.0
1707646.jpeg,1993,1.0,MISSING,0.0
1743942.jpeg,12 VIII 1972,1.0,Jø. Dyrehave SJ.,1.0
1710336.jpeg,23-6-1961,1.0,"Galgehøj, Hjarbek",1.0
1706205.jpeg,17-6-1922,1.0,Dyrehaven,1.0
1709842.jpeg,19.7.1928,1.0,MISSING,0.0
1744612.jpeg,5.9.98,1.0,Eng-plagsætning,1.0
1709877.jpeg,12/7/1870,1.0,"Kongelunden, København",1.0
1743900.jpeg,19-5-1954,1.0,"Ørgaard Nors, Thy",1.0
1707873.jpeg,Sjælland 4.1.60,1.0,Sjælland,1.0
1706186.jpeg,9/6-19,1.0,Nexø,1.0
1709348.jpeg,MISSING,0.0,MISSING,0.0
1707946.jpeg,6/6/70,1.0,MISSING,0.0
1710385.jpeg,4.VII.1984,1.0,"Kås, Salling NWJ",1.0
1706117.jpeg,MISSING,0.0,MISSING,0.0
1743494.jpeg,6/1870,1.0,MISSING,0.0
1742798.jpeg,MISSING,0.0,MISSING,0.0
1706064.jpeg,5.6.22,1.0,MISSING,0.0
1706329.jpeg,MISSING,0.0,MISSING,0.0
1708405.jpeg,28.5.18,1.0,MISSING,0.0
1743589.jpeg,MISSING,0.0,MISSING,0.0
1744673.jpeg,MISSING,0.0,MISSING,0.0
1708423.jpeg,18-9-1965,1.0,MISSING,0.0
1728592.jpeg,9-VI-1979,1.0,Røsnæs SNV,1.0
1709532.jpeg,MISSING,0.0,MISSING,0.0
1707404.jpeg,1.1.70,1.0,MISSING,0.0
1707243.jpeg,MISSING,0.0,MISSING,0.0
1705802.jpeg,4.6.19,1.0,Thorsager,1.0
1706183.jpeg,8/6-19,1.0,Hammeren,1.0
1705713.jpeg,MISSING,0.0,MISSING,0.0
1728466.jpeg,MISSING,0.0,MISSING,0.0
1709379.jpeg,6-4-1952,1.0,Dyrehaven,1.0
1707245.jpeg,MISSING,0.0,MISSING,0.0
1707625.jpeg,MISSING,0.0,MISSING,0.0
1744682.jpeg,20.6.1930,1.0,Sæltholm,1.0
1706793.jpeg,26.6.1943,1.0,"Vaserne, Furesøerne",1.0
1708892.jpeg,9-10-1972,1.0,Marselisborg,1.0
1709949.jpeg,24.7.1898,1.0,Færgelunden,1.0
1709155.jpeg,MISSING,0.0,MISSING,0.0
1709550.jpeg,MISSING,0.0,MISSING,0.0
1709076.jpeg,17.8.1930,1.0,Viborg-Silkebg.,1.0
1728597.jpeg,1-5-1949,1.0,MISSING,0.0
1709388.jpeg,185. 1947,1.0,Saltholm,1.0
1709190.jpeg,29-8-1952,1.0,Dyrehaven,1.0
1707438.jpeg,9/5-20,1.0,Børstinge Moss,1.0
1706490.jpeg,MISSING,0.0,MISSING,0.0
1707348.jpeg,MISSING,0.0,MISSING,0.0
1708821.jpeg,MISSING,0.0,MISSING,0.0
1709480.jpeg,MISSING,0.0,Dyrehaven,1.0
1728590.jpeg,6.VII.1978,1.0,Korod Lot.,1.0
1709797.jpeg,Juli 26.9.1947,1.0,MISSING,0.0
1708450.jpeg,24.8.81,1.0,"København, Vestkysten",1.0
1707235.jpeg,MISSING,0.0,MISSING,0.0
1743873.jpeg,13-4-49,1.0,Dyrehaven,1.0
1707870.jpeg,4.1.60,1.0,MISSING,0.0
1706997.jpeg,MISSING,0.0,Lolland,1.0
1709232.jpeg,8.10.21,1.0,MISSING,0.0
1709019.jpeg,MISSING,0.0,MISSING,0.0
1707217.jpeg,30-8-62,1.0,Dyrehaven,1.0
1708720.jpeg,14.3.1915,1.0,MISSING,0.0
1708388.jpeg,30.-3.-45,1.0,Sønderjylland,1.0
1705562.jpeg,30.6-1972,1.0,Sandbjerg,1.0
1705848.jpeg,26/5/1891,1.0,"Esholm, Horns Havn",1.0
1708982.jpeg,MISSING,0.0,MISSING,0.0
1742989.jpeg,29-8-1952,1.0,Dyrehaven,1.0
1708829.jpeg,MISSING,0.0,MISSING,0.0
1707681.jpeg,MISSING,0.0,MISSING,0.0
1707768.jpeg,MISSING,0.0,"Ørjærgård, Brugs",1.0
1743961.jpeg,MISSING,0.0,MISSING,0.0
1743831.jpeg,Juni 1933,1.0,Revskjæret,1.0
1709170.jpeg,MISSING,0.0,MISSING,0.0
1707288.jpeg,22-5-1915,1.0,MISSING,0.0
1705627.jpeg,20-5-1956,1.0,MISSING,0.0
1709124.jpeg,19-9-1952,1.0,Dyrehaven,1.0
1708354.jpeg,3-10-1913,1.0,København,1.0
1743887.jpeg,22/7-4/8 1941,1.0,Gindeskov v. Skive,1.0
1743065.jpeg,MISSING,0.0,MISSING,0.0
1705742.jpeg,MISSING,0.0,MISSING,0.0
1707570.jpeg,21-6-1956,1.0,Møn,1.0
1707543.jpeg,MISSING,0.0,MISSING,0.0
1709291.jpeg,MISSING,0.0,Kb,1.0
1742796.jpeg,MISSING,0.0,MISSING,0.0
1707897.jpeg,2.IV.1983,1.0,Sandmilen v. Skagen NEJ,1.0
1705602.jpeg,MISSING,0.0,MISSING,0.0
1706197.jpeg,13-8-36,1.0,Hindsholm,1.0
1708826.jpeg,MISSING,0.0,MISSING,0.0
1709987.jpeg,9-8-1973,1.0,Hørblegs,1.0
1744534.jpeg,MISSING,0.0,MISSING,0.0
1705735.jpeg,MISSING,0.0,MISSING,0.0
1709433.jpeg,27.IV.2022,1.0,"DENMARK: NEZ: Hellebæk Avlsgård, Kohave, 56.0554N, 12.5439E",1.0
1706786.jpeg,29-7-49,1.0,Asserbo,1.0
1705478.jpeg,MISSING,0.0,MISSING,0.0
1705777.jpeg,22.5.1984,1.0,Bøto pld.,1.0
1708804.jpeg,13-10-46,1.0,s.f. Kørbæk Sø,1.0
1708668.jpeg,1872,1.0,MISSING,0.0
1743502.jpeg,MISSING,0.0,"Føbjerggård, Næstved, Binge",1.0
1708030.jpeg,26/8-1899,1.0,Kjeldshov,1.0
1708931.jpeg,MISSING,0.0,MISSING,0.0
1742768.jpeg,MISSING,0.0,MISSING,0.0
1706227.jpeg,1-6-50,1.0,"Hestehaven, Hillerød",1.0
1728518.jpeg,7/5-1940,1.0,Svendborg Amt,1.0
1728569.jpeg,MISSING,0.0,MISSING,0.0
1709986.jpeg,9-8-1973,1.0,MISSING,0.0
1744462.jpeg,17.7.24,1.0,MISSING,0.0
1707512.jpeg,22-5-1965,1.0,Røsnæs Kongstrup KL,1.0
1744528.jpeg,MISSING,0.0,St. Falster,1.0
1744631.jpeg,15/2.1934,1.0,Svendborg Amt,1.0
1706120.jpeg,MISSING,0.0,MISSING,0.0
1707981.jpeg,MISSING,0.0,MISSING,0.0
1743528.jpeg,MISSING,0.0,MISSING,0.0
1710397.jpeg,13-5-1915,1.0,Elbæk Strandsk.,1.0
1707493.jpeg,4-6-1916,1.0,MISSING,0.0
1706259.jpeg,15.6.90,1.0,"Jydske Fjorde, Rævesborg",1.0
1708463.jpeg,MISSING,0.0,MISSING,0.0
1709551.jpeg,MISSING,0.0,MISSING,0.0
1743765.jpeg,16/8 1930,1.0,Jyll. Stolnusla.,1.0
1706818.jpeg,24-VII-1967,1.0,MISSING,0.0
1705504.jpeg,MISSING,0.0,MISSING,0.0
1708880.jpeg,26.10.1972,1.0,Marcelisborg Park,1.0
1705716.jpeg,MISSING,0.0,MISSING,0.0
1708891.jpeg,4-10-1972,1.0,Marselisborg,1.0
1743897.jpeg,19/6. 1954,1.0,"Orgaard Nors, Thy",1.0
1707489.jpeg,14-5-1914,1.0,Vandrup,1.0
1709172.jpeg,MISSING,0.0,MISSING,0.0
1706374.jpeg,MISSING,0.0,MISSING,0.0
1705872.jpeg,8.4.1933,1.0,Agerø,1.0
1707337.jpeg,MISSING,0.0,MISSING,0.0
1709287.jpeg,MISSING,0.0,MISSING,0.0
1706118.jpeg,MISSING,0.0,MISSING,0.0
1744685.jpeg,10-5-1956,1.0,Kongelunden,1.0
1743055.jpeg,15.10.21,1.0,MISSING,0.0
1706351.jpeg,MISSING,0.0,MISSING,0.0
1705817.jpeg,MISSING,0.0,Dyrehaven,1.0
1708453.jpeg,MISSING,0.0,MISSING,0.0
1707074.jpeg,MISSING,0.0,MISSING,0.0
1709790.jpeg,25. Y. 1986,1.0,Sviner strand,1.0
1706363.jpeg,MISSING,0.0,MISSING,0.0
1708738.jpeg,MISSING,0.0,MISSING,0.0
1744439.jpeg,8.5.45,1.0,Saltholm,1.0
1709321.jpeg,5-6-1922,1.0,Dyrehaven,1.0
1705916.jpeg,14-7-1947,1.0,Tønby,1.0
1709320.jpeg,12-5-1913,1.0,Dyrehaven,1.0
1742824.jpeg,13/5-1892,1.0,Horsens,1.0
1705768.jpeg,23-5-1915,1.0,Skagen,1.0
1707029.jpeg,16/9 1934,1.0,Svendborg Amt,1.0
1707033.jpeg,29-5-38,1.0,MISSING,0.0
1707076.jpeg,MISSING,0.0,MISSING,0.0
1707244.jpeg,MISSING,0.0,MISSING,0.0
1728469.jpeg,MISSING,0.0,MISSING,0.0
1708667.jpeg,MISSING,0.0,MISSING,0.0
1743504.jpeg,22.8.22,1.0,"København, Tørring, Løvndal",1.0
1707978.jpeg,22.8.1870,1.0,"Dyrehaven, Hjørring",1.0
1709588.jpeg,16/4/96,1.0,MISSING,0.0
1707122.jpeg,27.7.1918,1.0,MISSING,0.0
1706218.jpeg,17-6-1922,1.0,Dyrehaven,1.0
1708735.jpeg,24.9.1884,1.0,MISSING,0.0
1705660.jpeg,15.7.77,1.0,MISSING,0.0
1707327.jpeg,MISSING,0.0,MISSING,0.0
1706157.jpeg,MISSING,0.0,Lolland,1.0
1709163.jpeg,MISSING,0.0,MISSING,0.0
1705509.jpeg,MISSING,0.0,Boserup,1.0
1709590.jpeg,11-5-84,1.0,Klampenborg Dyrehave,1.0
1709121.jpeg,19-9-1953,1.0,Dyrehaven,1.0
1706954.jpeg,22/5/1870,1.0,Dyrehaven,1.0
1743853.jpeg,10-6-63,1.0,Faxe,1.0
1705736.jpeg,MISSING,0.0,MISSING,0.0
1744571.jpeg,MISSING,0.0,MISSING,0.0
1709334.jpeg,14-9-1953,1.0,Dyrehaven,1.0
1705874.jpeg,8.M.:1933 | 6/8/1934,1.0,Agerusø | St. Borups,1.0
1743569.jpeg,3/7/1872,1.0,Tversted str.,1.0
1743572.jpeg,MISSING,0.0,MISSING,0.0
1705676.jpeg,3/6/1870,1.0,Rønne,1.0
1706855.jpeg,MISSING,0.0,MISSING,0.0
1706992.jpeg,MISSING,0.0,Lolland,1.0
1709420.jpeg,27.IV.2022,1.0,"DENMARK: NEZ: Helsingør, Grønne Vestkile, 56.0375N, 12.5598E",1.0
1743039.jpeg,28/5-16,1.0,Dragør,1.0
1708719.jpeg,1-10.37,1.0,Ravnholme,1.0
1710372.jpeg,22.7.1986,1.0,Uglestrup Mose,1.0
1743571.jpeg,MISSING,0.0,MISSING,0.0
1707229.jpeg,30-8-1978,1.0,MISSING,0.0
1710353.jpeg,26-8-1956,1.0,MISSING,0.0
1708401.jpeg,22.9.18,1.0,MISSING,0.0
1709782.jpeg,14.IV.1995,1.0,MALTRUP | H.LUJEHOLT LEG.,1.0
1709119.jpeg,8-9-1970,1.0,MISSING,0.0
1707279.jpeg,17.6.1924,1.0,Sletved Stor,1.0
1706005.jpeg,14.V.2011,1.0,"Rosnæsgård, NWZ",1.0
1705557.jpeg,31/5/1896,1.0,MISSING,0.0
1707339.jpeg,MISSING,0.0,MISSING,0.0
1743916.jpeg,3.6.1962,1.0,"Frederikshøj, mord.-f. Hadsund",1.0
1705677.jpeg,13/6/1870,1.0,MISSING,0.0
1709086.jpeg,15-9-1912,1.0,MISSING,0.0
1709244.jpeg,16/4/1870,1.0,MISSING,0.0
1709944.jpeg,22.7.1922,1.0,København,1.0
1707861.jpeg,MISSING,0.0,MISSING,0.0
1707701.jpeg,MISSING,0.0,MISSING,0.0
1706057.jpeg,19.6.1942,1.0,MISSING,0.0
1709199.jpeg,26.9.1977,1.0,Dyrehaven,1.0
1707974.jpeg,MISSING,0.0,MISSING,0.0
1744441.jpeg,8.5.15,1.0,Saltholm,1.0
1707311.jpeg,?yrchaire 5.6.12,1.0,MISSING,0.0
1707519.jpeg,13/6. 1954,1.0,"Ørgaard Nora, Thy",1.0
1705975.jpeg,MISSING,0.0,MISSING,0.0
1709145.jpeg,26.8.87,1.0,Harboer,1.0
1707121.jpeg,28.7.18,1.0,MISSING,0.0
1744565.jpeg,MISSING,0.0,MISSING,0.0
1706486.jpeg,MISSING,0.0,MISSING,0.0
1708481.jpeg,28-8-1963,1.0,GANLØSE EGEDE,1.0
1706504.jpeg,15/6/1871,1.0,Brønninglund | Lövemdal,1.0
1706457.jpeg,14/6/1871,1.0,Jydske Løvndal,1.0
1706372.jpeg,"Köring, 62.",1.0,MISSING,0.0
1710364.jpeg,26-8-1956,1.0,Nekselø S.,1.0
1742766.jpeg,MISSING,0.0,MISSING,0.0
1728581.jpeg,10.6.1979,1.0,MISSING,0.0
1708485.jpeg,12.IV.1984,1.0,NWZ: Sanddøbbelberne,1.0
1743580.jpeg,MISSING,0.0,Boserup,1.0
1709156.jpeg,19.9.75,1.0,MISSING,0.0
1708713.jpeg,29.3.1975,1.0,Tyhakov v. Brande,1.0
1706087.jpeg,3/6/670,1.0,Ryner,1.0
1708035.jpeg,12/5-1922,1.0,Dyrehaven,1.0
1705782.jpeg,4-8.1912,1.0,Peder Sølund,1.0
1706763.jpeg,24.7.1934,1.0,Ebelsloft,1.0
1742743.jpeg,MISSING,0.0,MISSING,0.0
1743826.jpeg,16.6.1929,1.0,Lellinge skov,1.0
1706770.jpeg,1946,1.0,"Stensbæk Plantage, Sønderjylland",1.0
1709766.jpeg,23-10-1955,1.0,Dyrehaven,1.0
1706002.jpeg,26.VII.2004,1.0,Moenkær Skov EJ,1.0
1708032.jpeg,17/8-19,1.0,Ørholm St.,1.0
1706913.jpeg,25.9.21,1.0,MISSING,0.0
1710345.jpeg,19-7-1959,1.0,S.Sjælland Mogenstrup,1.0
1706378.jpeg,Rørvig 8/6/2,1.0,Rørvig,1.0
1742795.jpeg,MISSING,0.0,MISSING,0.0
1708714.jpeg,29.3.1975,1.0,Tjekkow v. Brande,1.0
1706346.jpeg,MISSING,0.0,MISSING,0.0
1708852.jpeg,15-XI-1976,1.0,Ejstrupholm,1.0
1707577.jpeg,12.6.1999,1.0,Tolne Bakker,1.0
1705831.jpeg,6.7.1870,1.0,MISSING,0.0
1707634.jpeg,16/1871,1.0,MISSING,0.0
1705541.jpeg,31-5-1917,1.0,MISSING,0.0
1728479.jpeg,MISSING,0.0,Lolland,1.0
1706096.jpeg,MISSING,0.0,MISSING,0.0
1709404.jpeg,27.IV.2022,1.0,"DENMARK: NEZ: Helsingør, Grønne Vestkile, 56.0375N, 12.5598E",1.0
1709542.jpeg,MISSING,0.0,Lolland,1.0
1706995.jpeg,MISSING,0.0,Lolland,1.0
1707892.jpeg,7-3-1972,1.0,EJSTRUPHOLM,1.0
1708374.jpeg,1.11.1966,1.0,Østerlide,1.0
1707682.jpeg,MISSING,0.0,MISSING,0.0
1742746.jpeg,MISSING,0.0,MISSING,0.0
1708863.jpeg,26.10.72,1.0,MISSING,0.0
1707023.jpeg,27/8 1911,1.0,Dyrehaven,1.0
1706056.jpeg,22-6.1942,1.0,Høeg,1.0
1707837.jpeg,MISSING,0.0,MISSING,0.0
1742775.jpeg,5/1870,1.0,MISSING,0.0
1708683.jpeg,14.10.28,1.0,Springforbi,1.0
1742992.jpeg,29-5-1952,1.0,Dyrehaven,1.0
1743713.jpeg,MISSING,0.0,MISSING,0.0
1708012.jpeg,11-5-84,1.0,Kampenby Dyrehave,1.0
1743966.jpeg,26.8.87,1.0,Harboe,1.0
1707326.jpeg,MISSING,0.0,Bornholm,1.0
1708855.jpeg,1-11-1959,1.0,Silkeborg,1.0
1744619.jpeg,18/5/890,1.0,Pelso Strand,1.0
1710357.jpeg,26-8-1956,1.0,MISSING,0.0
1708790.jpeg,MISSING,0.0,MISSING,0.0
1707885.jpeg,1-11-1964,1.0,Silkeborg,1.0
1744681.jpeg,9.5.86,1.0,MISSING,0.0
1705727.jpeg,MISSING,0.0,MISSING,0.0
1744616.jpeg,29/5-98,1.0,Ydre Bjørnø,1.0
1709448.jpeg,20.Y.19,1.0,MISSING,0.0
1705692.jpeg,MISSING,0.0,MISSING,0.0
1707906.jpeg,26.9.1922,1.0,Dyrehaven,1.0
1709017.jpeg,MISSING,0.0,MISSING,0.0
1709914.jpeg,MISSING,0.0,MISSING,0.0
1706361.jpeg,MISSING,0.0,MISSING,0.0
1709414.jpeg,27.IV.2022,1.0,"DENMARK: NEZ: Helsingør, Grønne Vestkile, 56.0375N, 12.5598E",1.0
1707788.jpeg,6/1862,1.0,Jydske Lyngbydal,1.0
1707555.jpeg,9-6-1954,1.0,Paradisbakkerne,1.0
1707162.jpeg,MISSING,0.0,MISSING,0.0
1708403.jpeg,21.9.14,1.0,MISSING,0.0
1706242.jpeg,9-6-1971,1.0,MISSING,0.0
1709528.jpeg,MISSING,0.0,Kb | Mus. Løv.,1.0
1706360.jpeg,MISSING,0.0,MISSING,0.0
1709531.jpeg,MISSING,0.0,MISSING,0.0
1708729.jpeg,20.10.1946,1.0,MISSING,0.0
1705611.jpeg,MISSING,0.0,MISSING,0.0
1708020.jpeg,MISSING,0.0,MISSING,0.0
1707966.jpeg,MISSING,0.0,MISSING,0.0
1705905.jpeg,31/5-1930,1.0,Svendborg Amt,1.0
1743587.jpeg,MISSING,0.0,MISSING,0.0
1744644.jpeg,22.5.1955,1.0,Skallingen,1.0
1710343.jpeg,26-8-1956,1.0,Nekselø S.,1.0
1706021.jpeg,19.V.2022,1.0,"Samsø: EJ: Følsdal Bakke, 55.9922N, 10.5515E, h30m",1.0
1743972.jpeg,MISSING,0.0,MISSING,0.0
1708476.jpeg,MISSING,0.0,MISSING,0.0
1707790.jpeg,MISSING,0.0,Jægerspris Kongelunden,1.0
1709436.jpeg,27.IV.2022,1.0,"DENMARK: NEZ: Hellebæk Avlsgård, Kohave, 56.0554N, 12.5439E",1.0
1705987.jpeg,8-7-1951,1.0,MISSING,0.0
1705626.jpeg,26-6-1955,1.0,Hindholm,1.0
1743747.jpeg,27.7.03,1.0,MISSING,0.0
1705653.jpeg,MISSING,0.0,MISSING,0.0
1744563.jpeg,MISSING,0.0,MISSING,0.0
1709894.jpeg,MISSING,0.0,MISSING,0.0
1744672.jpeg,MISSING,0.0,MISSING,0.0
1706142.jpeg,MISSING,0.0,MISSING,0.0
1705832.jpeg,MISSING,0.0,Odense,1.0
1707785.jpeg,6/1872,1.0,Jægerspris Lyngvej,1.0
1706865.jpeg,MISSING,0.0,MISSING,0.0
1709167.jpeg,MISSING,0.0,MISSING,0.0
1708467.jpeg,MISSING,0.0,MISSING,0.0
1728601.jpeg,17.7.1949,1.0,Saltholm,1.0
1708812.jpeg,MISSING,0.0,MISSING,0.0
1707321.jpeg,MISSING,0.0,MISSING,0.0
1706295.jpeg,23.VII.2021,1.0,"NWJ, Sundsøre, 56.71N, 9.17E, 10 m",1.0
1706405.jpeg,21.VII.2009,1.0,Lodskovvad NEJ,1.0
1709574.jpeg,5/5/1890,1.0,Søltesø Skov,1.0
1742769.jpeg,MISSING,0.0,MISSING,0.0
1710337.jpeg,23-6-1961,1.0,"Galgehøj, Hjarbek",1.0
1742810.jpeg,4.79,1.0,"Nøsby, alter Deg.",1.0
1709534.jpeg,5/870,1.0,Dyrehaven,1.0
1706088.jpeg,MISSING,0.0,MISSING,0.0
1707128.jpeg,28.7.18,1.0,MISSING,0.0
1709165.jpeg,MISSING,0.0,MISSING,0.0
1706400.jpeg,21.VII.2004,1.0,Lodskovvad NEJ,1.0
1709481.jpeg,MISSING,0.0,MISSING,0.0
1708342.jpeg,22-9-36,1.0,Bovløj,1.0
1709549.jpeg,MISSING,0.0,MISSING,0.0
1705926.jpeg,29-7-49,1.0,Asserbo,1.0
1706943.jpeg,26/5/1870,1.0,Dyrehaven,1.0
1707373.jpeg,MISSING,0.0,MISSING,0.0
1708960.jpeg,7/9-1870,1.0,MISSING,0.0
1709560.jpeg,MISSING,0.0,MISSING,0.0
1706440.jpeg,21/6/1871,1.0,"Horsensvej, Lysne, Lyngsvej, Lyngsvej, Lyngsvej, Lyngsvej",1.0
1706265.jpeg,MISSING,0.0,MISSING,0.0
1706442.jpeg,19/6-1871,1.0,MISSING,0.0
1707420.jpeg,7/7/1906,1.0,Lyngstræp,1.0
1706517.jpeg,1971.5,1.0,Dronninglund,1.0
1707237.jpeg,MISSING,0.0,MISSING,0.0
1706403.jpeg,21.VII.2004,1.0,Lodskovvad NEJ,1.0
1728585.jpeg,10.6.1979,1.0,MISSING,0.0
1706070.jpeg,30.5.1903,1.0,MISSING,0.0
1707879.jpeg,MISSING,0.0,MISSING,0.0
1705473.jpeg,7/1870,1.0,MISSING,0.0
1706873.jpeg,26-7-1951,1.0,MISSING,0.0
1706821.jpeg,Juni 1942,1.0,Rørshoved Rinkenæs,1.0
1708433.jpeg,21-X 1983,1.0,Bovbjerg,1.0
1708964.jpeg,MISSING,0.0,MISSING,0.0
1709324.jpeg,13-4-49,1.0,Dyrehaven,1.0
1709840.jpeg,19.7.1928,1.0,Brenningland,1.0
1707705.jpeg,22.7.77,1.0,MISSING,0.0
1743772.jpeg,28.7.1930,1.0,MISSING,0.0
1706044.jpeg,20.5.34,1.0,Reersø,1.0
1743056.jpeg,15.10.21,1.0,Dyrehaven,1.0
1743542.jpeg,MISSING,0.0,MISSING,0.0
1709346.jpeg,7/6/99,1.0,"Stensbæk Plantage, Sønderjylland",1.0
1708771.jpeg,MISSING,0.0,MISSING,0.0
1705442.jpeg,24.6.19,1.0,Thorsager,1.0
1707846.jpeg,MISSING,0.0,MISSING,0.0
1744663.jpeg,MISSING,0.0,ydre Bjerrum,1.0
1709769.jpeg,20-5-1956,1.0,Jægerspris Nord,1.0
1707648.jpeg,MISSING,0.0,MISSING,0.0
1706328.jpeg,MISSING,0.0,MISSING,0.0
1707941.jpeg,15.10.21,1.0,MISSING,0.0
1707071.jpeg,MISSING,0.0,MISSING,0.0
1707907.jpeg,26.3.1932,1.0,Dyrehaven,1.0
1743986.jpeg,13. IX. 1986,1.0,MISSING,0.0
1706159.jpeg,MISSING,0.0,Lolland,1.0
1709024.jpeg,13/9/1887,1.0,København,1.0
1709412.jpeg,27.IV.2022,1.0,"DENMARK: NEZ: Helsingør, Grønne Vestkile, 56.0375N, 12.5598E",1.0
1706164.jpeg,1/8/1901,1.0,"Sundager, døv lavad",1.0
1707962.jpeg,MISSING,0.0,MISSING,0.0
1705929.jpeg,7-6-49,1.0,Tisvilde,1.0
1728519.jpeg,10/4 1935,1.0,Svendborg Amt,1.0
1708776.jpeg,MISSING,0.0,MISSING,0.0
1707782.jpeg,16/1862,1.0,Jægerspris Lgrndal,1.0
1709495.jpeg,MISSING,0.0,Dyrehaven,1.0
1708357.jpeg,13-5-1910,1.0,Kronshoved,1.0
1708868.jpeg,26.10.78,1.0,MISSING,0.0
1708980.jpeg,MISSING,0.0,MISSING,0.0
1707400.jpeg,MISSING,0.0,MISSING,0.0
1709302.jpeg,9/5-90,1.0,Ved Kjeldshov,1.0
1707552.jpeg,19-6-1955,1.0,Hvorup,1.0
1728456.jpeg,MISSING,0.0,Kb | Mus Lev.,1.0
1707860.jpeg,MISSING,0.0,MISSING,0.0
1708461.jpeg,MISSING,0.0,MISSING,0.0
1707130.jpeg,18.8.61 | 28.7.18 | 4.9.62 | 3.8.63,1.0,Dyrehaven | Dyrehaven | Dyrehaven | Dyrehaven,1.0
1728517.jpeg,3/5/1934,1.0,Svendborg Amt,1.0
1709511.jpeg,MISSING,0.0,MISSING,0.0
1743789.jpeg,31/7/1934,1.0,Svendborg Amt,1.0
1709444.jpeg,26.9.1922,1.0,Dyrehaven,1.0
1709869.jpeg,6.14.7.1870,1.0,Pchelty's Kogjordning,1.0
1710371.jpeg,22.7.1986,1.0,Uglestorp Mose,1.0
1743493.jpeg,6/6/1870,1.0,"Østerlars, Jæregård, Sjælland",1.0
1709350.jpeg,MISSING,0.0,MISSING,0.0
1743760.jpeg,25/7/30,1.0,Taainge,1.0
1707743.jpeg,9.VI.1982,1.0,Skallingen,1.0
1728530.jpeg,1.3.59,1.0,Dyrehaven,1.0
1743807.jpeg,30.6.1929,1.0,Hiørring,1.0
1705769.jpeg,23-5-1915,1.0,Skagen,1.0
1706980.jpeg,MISSING,0.0,MISSING,0.0
1707524.jpeg,13/6 1954,1.0,"Ørøgaard, Nørre, Thy",1.0
1708780.jpeg,MISSING,0.0,MISSING,0.0
1706880.jpeg,22.9.1996,1.0,Dyrehaven,1.0
1728583.jpeg,10.6.1979,1.0,Ostrig,1.0
1707058.jpeg,1.7.28,1.0,MISSING,0.0
1707261.jpeg,11.8.1993,1.0,"Lindeskov, Falster",1.0
1705764.jpeg,24-5-1915,1.0,Skagen,1.0
1708434.jpeg,21-X 1983,1.0,MISSING,0.0
1709781.jpeg,14-IV-1995,1.0,MALSTRUP,1.0
1728570.jpeg,MISSING,0.0,MISSING,0.0
1705811.jpeg,MISSING,0.0,Dyrehaven,1.0
1705959.jpeg,16.6.99.29,1.0,Hellinge skov,1.0
1743546.jpeg,MISSING,0.0,MISSING,0.0
1708715.jpeg,30.3.1975,1.0,Harrild hede,1.0
1707179.jpeg,MISSING,0.0,MISSING,0.0
1728516.jpeg,3/5 1934,1.0,Svendborg Amt,1.0
1705650.jpeg,MISSING,0.0,MISSING,0.0
1707573.jpeg,23/5 1981,1.0,Dyrehaven,1.0
1706406.jpeg,21.VII.2004,1.0,Loeiskovvad NES,1.0
1710358.jpeg,26-9-1951,1.0,Nivå,1.0
1709473.jpeg,MISSING,0.0,MISSING,0.0
1743712.jpeg,13/5/1892,1.0,Horsens,1.0
1705927.jpeg,12-6-43,1.0,Sandbjerg,1.0
1705882.jpeg,6-7-37,1.0,Ti,1.0
1705631.jpeg,21.7.1974,1.0,MISSING,0.0
1709292.jpeg,MISSING,0.0,MISSING,0.0
1707303.jpeg,18.5.1929,1.0,Vorslunde,1.0
1708419.jpeg,25-3-1960,1.0,MISSING,0.0
1743811.jpeg,16.6.1929,1.0,Lollinge skov,1.0
1743585.jpeg,MISSING,0.0,MISSING,0.0
1706075.jpeg,26.5.1937,1.0,Horslunde,1.0
1709850.jpeg,23.7.22,1.0,MISSING,0.0
1728521.jpeg,3/5 1934,1.0,Svendborg Amt,1.0
1708871.jpeg,26-10-1972,1.0,Marselisborg Præstegård,1.0
1709880.jpeg,7/12/1870,1.0,Hagdunup,1.0
1707857.jpeg,6.6.92,1.0,Knebnum,1.0
1705884.jpeg,6/7 1972,1.0,Sandvig,1.0
1743749.jpeg,27.7.03,1.0,MISSING,0.0
1706236.jpeg,30.5.1964,1.0,V.Sjælland Rønnes Kongs trup Kl,1.0
1710402.jpeg,5. 5. 19/6,1.0,MISSING,0.0
1709423.jpeg,27.IV.2022,1.0,"DENMARK: NEZ: Helsingør, Grønne Vestkile, 56.0376N, 12.5598E",1.0
1708929.jpeg,22.8.22,1.0,MISSING,0.0
1707086.jpeg,29-5-1951,1.0,Dyrehaven,1.0
1744689.jpeg,10-5-1956,1.0,MISSING,0.0
1706426.jpeg,17/6-1871,1.0,Dronninglund Lyndhjørnede,1.0
1706391.jpeg,1.7.2000,1.0,Lodslevvad,1.0
1743904.jpeg,24.17,1.0,"Stensbæk Plantage, Sønderjylland",1.0
1709006.jpeg,MISSING,0.0,Lolland,1.0
1708371.jpeg,17.-Y-95,1.0,Svinigel,1.0
1708458.jpeg,14.9.09,1.0,MISSING,0.0
1706348.jpeg,MISSING,0.0,MISSING,0.0
1706059.jpeg,7-6-1914,1.0,MISSING,0.0
1709340.jpeg,14-9-1953,1.0,Dyrehaven,1.0
1706431.jpeg,17/6/1871,1.0,"Jylland, Vendsyssel, Hornslet, Hornslet, Hornslet",1.0
1706099.jpeg,MISSING,0.0,MISSING,0.0
1707182.jpeg,MISSING,0.0,MISSING,0.0
1708480.jpeg,MISSING,0.0,MISSING,0.0
1706831.jpeg,1.7.28,1.0,MISSING,0.0
1707883.jpeg,7-11-1965,1.0,MISSING,0.0
1743955.jpeg,7-6-1971,1.0,MISSING,0.0
1708992.jpeg,MISSING,0.0,MISSING,0.0
1709452.jpeg,HØEG 8.Y. 1917,1.0,MISSING,0.0
1743822.jpeg,16.6.1929,1.0,Hellinge skov,1.0
1707678.jpeg,MISSING,0.0,MISSING,0.0
1708915.jpeg,10.10.1884,1.0,MISSING,0.0
1707677.jpeg,6.6.1870,1.0,"Borsholm, Løvendal",1.0
1706395.jpeg,2.7.2000,1.0,Lodskovvad,1.0
1709381.jpeg,26.3.1973,1.0,Dyrehaven,1.0
1707412.jpeg,21-5@86,1.0,København,1.0
1742819.jpeg,22/5-1917,1.0,Vestre Nisslev Vistumosevej,1.0
1728486.jpeg,6.1914,1.0,MISSING,0.0
1705997.jpeg,23-9-44,1.0,Stælevang,1.0
1709104.jpeg,10-9-1935,1.0,Jy. Herning Brandgaard,1.0
1707435.jpeg,28/5-1911,1.0,Hornbæk,1.0
1705636.jpeg,5-6-18,1.0,MISSING,0.0
1743875.jpeg,6-9-49,1.0,Sønderskov Høvelse,1.0
1707688.jpeg,MISSING,0.0,MISSING,0.0
1705826.jpeg,1870,1.0,Aldershvile,1.0
1709957.jpeg,MISSING,0.0,MISSING,0.0
1707779.jpeg,16/1862,1.0,Jydske Dyrehav,1.0
1709021.jpeg,MISSING,0.0,MISSING,0.0
1707065.jpeg,"Harboe, F. 7/6/89",1.0,MISSING,0.0
1706998.jpeg,MISSING,0.0,Lolland,1.0
1705567.jpeg,7.5sep.1942,1.0,Mors,1.0
1742799.jpeg,MISSING,0.0,MISSING,0.0
1706765.jpeg,10/8 1930,1.0,"Jyll, Holmsland",1.0
1709048.jpeg,1929-86,1.0,MISSING,0.0
1708957.jpeg,7/9/1870,1.0,Borin's Holm,1.0
1708462.jpeg,MISSING,0.0,MISSING,0.0
1709973.jpeg,17-7-51,1.0,Stubbergaard Sevel,1.0
1707060.jpeg,23-9-1973,1.0,Dyrehaven,1.0
1707180.jpeg,MISSING,0.0,MISSING,0.0
1707778.jpeg,16/1862,1.0,Jægerspris,1.0
1707200.jpeg,MISSING,0.0,MISSING,0.0
1706884.jpeg,14-7-81,1.0,Raageleje,1.0
1728454.jpeg,MISSING,0.0,MISSING,0.0
1707560.jpeg,26-6-1955,1.0,Lindholm,1.0
1708465.jpeg,MISSING,0.0,MISSING,0.0
1706994.jpeg,MISSING,0.0,Lolland,1.0
1743908.jpeg,23/6-29/6 1942,1.0,Hagebro Skive,1.0
1707018.jpeg,24/5 85,1.0,Lorup,1.0
1707480.jpeg,5-6-1923,1.0,Dyrehaven,1.0
1705643.jpeg,8-8-1936,1.0,MISSING,0.0
1708932.jpeg,MISSING,0.0,MISSING,0.0
1706474.jpeg,MISSING,0.0,MISSING,0.0
1705616.jpeg,21-6-1956,1.0,MISSING,0.0
1707061.jpeg,23-6-1999,1.0,Dyrehaven,1.0
1707595.jpeg,21.6.32,1.0,Skagen,1.0
1708742.jpeg,21/10/1872,1.0,Vestre Bornholm,1.0
1742802.jpeg,MISSING,0.0,MISSING,0.0
1705527.jpeg,MISSING,0.0,Falster,1.0
1706018.jpeg,19.V.2022,1.0,"Samsø: EJ: Følsdal Bakke, 55.9922N, 10.5515E, h30m",1.0
1706957.jpeg,MISSING,0.0,Dyrehaven,1.0
1743816.jpeg,16.6.1929,1.0,Hellinge Skov,1.0
1744702.jpeg,10-5-1956,1.0,Kongelunden,1.0
1743804.jpeg,19-8-1941,1.0,Als-Hørup,1.0
1709815.jpeg,12.IV.2011,1.0,Sukkertoppen,1.0
1707515.jpeg,22-5-1965,1.0,V.Sjælland Rønæs Kongstrup KL,1.0
1706505.jpeg,18/6 Ti,1.0,Arinninglund bakkerv kogjordinge,1.0
1728504.jpeg,7/5-96,1.0,Damhusmoen,1.0
1705441.jpeg,27.5.92,1.0,Sjælland,1.0
1707501.jpeg,16-5-1996,1.0,MISSING,0.0
1709765.jpeg,23-10-1955,1.0,Dyrehaven,1.0
1707281.jpeg,18.6.32,1.0,Skagen,1.0
1742710.jpeg,18.5.1929,1.0,Vogslund,1.0
1744641.jpeg,22-5-1962,1.0,Skallingen,1.0
1705675.jpeg,13/6/1870,1.0,Ryine,1.0
1706330.jpeg,MISSING,0.0,MISSING,0.0
1706397.jpeg,21.VII.2004,1.0,Lodskovved NEJ,1.0
1706085.jpeg,13/6/1870,1.0,MISSING,0.0
1707733.jpeg,MISSING,0.0,MISSING,0.0
1705909.jpeg,8-6-1914,1.0,Vamdrup,1.0
1742826.jpeg,13/5 1892,1.0,Dyrehaven,1.0
1705856.jpeg,26.7.1903,1.0,Tandskov,1.0
1707842.jpeg,MISSING,0.0,MISSING,0.0
1708905.jpeg,22-8-1915,1.0,MISSING,0.0
1709498.jpeg,MISSING,0.0,Dyrehaven,1.0
1728495.jpeg,15.7.1910,1.0,Vester Ulslev i Mistbølauen,1.0
1706974.jpeg,22.8.1870,1.0,Dyrehaven | Skjortegård,1.0
1708696.jpeg,MISSING,0.0,MISSING,0.0
1706332.jpeg,MISSING,0.0,MISSING,0.0
1705638.jpeg,2 - VI- 1975,1.0,Ejstrupholm,1.0
1706836.jpeg,19-9-1953,1.0,Dyrehaven,1.0
1744463.jpeg,17.7.24,1.0,Erstjæ,1.0
1708705.jpeg,MISSING,0.0,MISSING,0.0
1706001.jpeg,10.VIII.99,1.0,Esboer,1.0
1706036.jpeg,5-10-47,1.0,Kongelunden,1.0
1706278.jpeg,18-6-1956,1.0,MISSING,0.0
1709959.jpeg,12/7 1939,1.0,Svendborg Amt,1.0
1706365.jpeg,MISSING,0.0,MISSING,0.0
1743936.jpeg,22-5-1965,1.0,Resnæs Kongstrup KL,1.0
1707881.jpeg,23/10/1670,1.0,Frederiksdal i Næstved Kommune,1.0
1706930.jpeg,19/5-1870,1.0,Jydske,1.0
1706923.jpeg,5.6.22,1.0,MISSING,0.0
1744655.jpeg,17-6-1911,1.0,Asmindrup,1.0
1707254.jpeg,MISSING,0.0,MISSING,0.0
1707031.jpeg,27-6-37,1.0,MISSING,0.0
1709247.jpeg,16/7/1870,1.0,MISSING,0.0
1706434.jpeg,14/6/81,1.0,Dronning Louises Lovendal,1.0
1707363.jpeg,MISSING,0.0,Kb | Mus. Løv.,1.0
1744438.jpeg,8.5.24,1.0,Saltholm,1.0
1709514.jpeg,6.10.4/1870,1.0,Dyrehaven,1.0
1706008.jpeg,4.VI.1988,1.0,Rabjerg K.,1.0
1744543.jpeg,MISSING,0.0,Mus. Løv.,1.0
1706288.jpeg,12.V.1990,1.0,Høstemark Skov NEJ,1.0
1707181.jpeg,MISSING,0.0,MISSING,0.0
1707638.jpeg,MISSING,0.0,MISSING,0.0
1709887.jpeg,16-7-1870,1.0,Kongelunden,1.0
1706429.jpeg,17/6-1871,1.0,Dyrehav,1.0
1707312.jpeg,5.6.22,1.0,MISSING,0.0
1709177.jpeg,MISSING,0.0,MISSING,0.0
1706802.jpeg,16-7-1931,1.0,Gudhjem,1.0
1707278.jpeg,17.6.1924,1.0,S. Slotved Skov,1.0
1709783.jpeg,14.IV.1995,1.0,MALTRUP,1.0
1743956.jpeg,23-VII-1983,1.0,"SKIBBY, SJ.",1.0
1709540.jpeg,MISSING,0.0,MISSING,0.0
1707575.jpeg,12.6.1999,1.0,MISSING,0.0
1742730.jpeg,MISSING,0.0,Dyrehaven,1.0
1705689.jpeg,6.36/1870,1.0,Kjøge ved Køgevej,1.0
1743808.jpeg,22.5.1933,1.0,Ristinge Klint,1.0
1707840.jpeg,MISSING,0.0,MISSING,0.0
1742986.jpeg,22.XII.1985,1.0,"NWZ:Tisso,NØ.Denmark",1.0
1706134.jpeg,MISSING,0.0,MISSING,0.0
1706987.jpeg,MISSING,0.0,MISSING,0.0
1707712.jpeg,MISSING,0.0,MISSING,0.0
1705719.jpeg,MISSING,0.0,MISSING,0.0
1744561.jpeg,MISSING,0.0,MISSING,0.0
1709191.jpeg,29-8-1952,1.0,Dyrchaven,1.0
1743786.jpeg,3/7/1938,1.0,Strandby Klit Frederikshavn,1.0
1709494.jpeg,MISSING,0.0,MISSING,0.0
1744695.jpeg,10-5-1956,1.0,Kongelunden,1.0
1706871.jpeg,26-7-1964,1.0,Nø.Sjælland Ganløse Hessel,1.0
1708861.jpeg,26.10.12,1.0,København,1.0
1708345.jpeg,22.0-9-31,1.0,MISSING,0.0
1744636.jpeg,25-5-53,1.0,Tisvilde Strand,1.0
1709127.jpeg,25-9-1960,1.0,Jagterspr. N-Sk.,1.0
1743729.jpeg,1-6-14,1.0,Raageleje,1.0
1743919.jpeg,3-3-1963,1.0,"Tisvilde Havn, Nordsjælland",1.0
1709108.jpeg,6-9-49,1.0,"Sønderskov, Hovelle",1.0
1708702.jpeg,MISSING,0.0,MISSING,0.0
1707284.jpeg,17.6.1924,1.0,Slotved Skov,1.0
1744601.jpeg,MISSING,0.0,MISSING,0.0
1743062.jpeg,15.10.21,1.0,MISSING,0.0
1707172.jpeg,MISSING,0.0,MISSING,0.0
1708362.jpeg,23-5-1920,1.0,Knudshoved,1.0
1742982.jpeg,19-5-1964,1.0,Ryget,1.0
1743512.jpeg,MISSING,0.0,MISSING,0.0
1707301.jpeg,3.6.1899,1.0,MISSING,0.0
1706408.jpeg,16.6.71,1.0,Jydske Aas,1.0
1743566.jpeg,MISSING,0.0,MISSING,0.0
1709211.jpeg,21.10.31,1.0,Dyrehaven,1.0
1707762.jpeg,4.6.65,1.0,Rosnæs,1.0
1707346.jpeg,MISSING,0.0,MISSING,0.0
1709026.jpeg,13/g/887,1.0,København,1.0
1743552.jpeg,f2/7/1872,1.0,Næstved,1.0
1706921.jpeg,15.9.21,1.0,MISSING,0.0
1707459.jpeg,1.11.66,1.0,Hillerød,1.0
1708701.jpeg,MISSING,0.0,MISSING,0.0
1743964.jpeg,26.8.87,1.0,Harboer,1.0
1743889.jpeg,23-8-1953,1.0,"Ørgaard Nors, Thy",1.0
1707431.jpeg,17/6 1923,1.0,Ravneholm Ggr.,1.0
1743878.jpeg,17.3.1943,1.0,Frederikslund,1.0
1706475.jpeg,3.10.618.11,1.0,"Nord for Skovbrynet, Bjergkloster, Kongelunden",1.0
1706032.jpeg,22.VII.2021,1.0,"DENMARK: WJ, Poulsens Minde, 56.35N, 8.96E, 27 m, general collecting, grazed grassland",1.0
1708040.jpeg,5/7 1938,1.0,Svendborg Amt,1.0
1708994.jpeg,MISSING,0.0,MISSING,0.0
1705774.jpeg,MISSING,0.0,Bornholme,1.0
1707922.jpeg,13.5.1938,1.0,MISSING,0.0
1706344.jpeg,MISSING,0.0,MISSING,0.0
1705879.jpeg,19-6-38,1.0,Jægerspris,1.0
1728527.jpeg,7/6-1941,1.0,Saltholm,1.0
1743001.jpeg,29.6.1986,1.0,MISSING,0.0
1744460.jpeg,4.5.1938,1.0,MISSING,0.0
1706950.jpeg,22.6.1870,1.0,MISSING,0.0
1708459.jpeg,MISSING,0.0,MISSING,0.0
1709798.jpeg,24.5-1949,1.0,Vedersø Jylland,1.0
1742823.jpeg,13/5/1892,1.0,Horsens,1.0
1742780.jpeg,MISSING,0.0,MISSING,0.0
1744440.jpeg,8.5.25,1.0,Saltholm,1.0
1706355.jpeg,MISSING,0.0,MISSING,0.0
1706232.jpeg,1.11.1966,1.0,"Hestehaver, Hillerød",1.0
1705720.jpeg,MISSING,0.0,MISSING,0.0
1707494.jpeg,6.6.12,1.0,MISSING,0.0
1706284.jpeg,18-6-1956,1.0,MISSING,0.0
1706411.jpeg,19.5.1941,1.0,MISSING,0.0
1706188.jpeg,13-8-36,1.0,Hindsholm,1.0
1709303.jpeg,MISSING,0.0,MISSING,0.0
1707863.jpeg,MISSING,0.0,MISSING,0.0
1706476.jpeg,MISSING,0.0,MISSING,0.0
1707066.jpeg,25.8.87,1.0,MISSING,0.0
1706045.jpeg,12-9-37,1.0,MISSING,0.0
1707991.jpeg,MISSING,0.0,Kb | Mus. Løv.,1.0
1743818.jpeg,16.6.1929,1.0,Sellinge skov,1.0
1744694.jpeg,10-5-1956,1.0,Kongelunden,1.0
1707177.jpeg,MISSING,0.0,MISSING,0.0
1708042.jpeg,29/5-1939,1.0,Tranekær | Svendborg Amt,1.0
1742733.jpeg,MISSING,0.0,MISSING,0.0
1705704.jpeg,MISSING,0.0,MISSING,0.0
1707195.jpeg,27/7/18,1.0,Dyrehaven,1.0
1707936.jpeg,15.10.21,1.0,MISSING,0.0
1709198.jpeg,26-8-1956,1.0,MISSING,0.0
1709982.jpeg,9-8-1973,1.0,Hørbløse | Tisvilde,1.0
1742735.jpeg,MISSING,0.0,MISSING,0.0
1707446.jpeg,4/6/93,1.0,Asserbo Overdrev,1.0
1708956.jpeg,MISSING,0.0,Dyrehaven,1.0
1705532.jpeg,MISSING,0.0,MISSING,0.0
1728494.jpeg,24/5/1910,1.0,Kjeldskov,1.0
1728551.jpeg,27-5-1954,1.0,MISSING,0.0
1708343.jpeg,22-9-36,1.0,Bovbjerg,1.0
1708846.jpeg,18-IV-1975,1.0,Tykskov krat,1.0
1728512.jpeg,11/6 1920,1.0,Gudhjem,1.0
1709624.jpeg,28/3-1948,1.0,"Brenærup, Fyn",1.0
1705755.jpeg,MISSING,0.0,MISSING,0.0
1708966.jpeg,MISSING,0.0,MISSING,0.0
1707951.jpeg,6/1870,1.0,Dyrehaven,1.0
1706172.jpeg,7/6/1870,1.0,MISSING,0.0
1706788.jpeg,18.6.1949,1.0,Hillerød,1.0
1707740.jpeg,9.6.1982,1.0,Skallingen,1.0
1743862.jpeg,19-5-1912,1.0,MISSING,0.0
1706471.jpeg,5.14.6.57,1.0,"Nord for Kongelunden, Kongelunden, Kongelunden, Kongelunden",1.0
1705796.jpeg,22.5.1873,1.0,MISSING,0.0
1709482.jpeg,MISSING,0.0,MISSING,0.0
1708763.jpeg,MISSING,0.0,MISSING,0.0
1707623.jpeg,MISSING,0.0,MISSING,0.0
1705514.jpeg,MISSING,0.0,MISSING,0.0
1706872.jpeg,26-7-1951,1.0,MISSING,0.0
1743834.jpeg,MISSING,0.0,MISSING,0.0
1705549.jpeg,-7/1930,1.0,Sandvig B.C.,1.0
1708919.jpeg,26.8.1990,1.0,MISSING,0.0
1709319.jpeg,25.6.1904,1.0,Dyrehaven,1.0
1707825.jpeg,MISSING,0.0,MISSING,0.0
1707772.jpeg,MISSING,0.0,MISSING,0.0
1707332.jpeg,MISSING,0.0,MISSING,0.0
1743869.jpeg,1.11.1966,1.0,Usserbo,1.0
1709539.jpeg,MISSING,0.0,MISSING,0.0
1705706.jpeg,17/8-1902,1.0,Vestre Ulslev Hamn,1.0
1705718.jpeg,MISSING,0.0,MISSING,0.0
1743954.jpeg,6-9-1970,1.0,MISSING,0.0
1706393.jpeg,1.7.2000,1.0,Lodskovved,1.0
1743558.jpeg,MISSING,0.0,MISSING,0.0
1709451.jpeg,8.9.1917,1.0,MISSING,0.0
1743886.jpeg,June. 1942,1.0,"Roseshaver, Rinkenæs",1.0
1706432.jpeg,MISSING,0.0,MISSING,0.0
1709909.jpeg,MISSING,0.0,MISSING,0.0
1706861.jpeg,19-8-1962,1.0,"NØ, Kongelunden",1.0
1706154.jpeg,MISSING,0.0,MISSING,0.0
1705883.jpeg,1930 B.C.,1.0,Sandvig,1.0
1708787.jpeg,1973,1.0,MISSING,0.0
1707334.jpeg,MISSING,0.0,Bornholm,1.0
1707497.jpeg,5.6.12,1.0,MISSING,0.0
1710360.jpeg,26-8-1956,1.0,MISSING,0.0
1707929.jpeg,18.5.1938,1.0,MISSING,0.0
1707048.jpeg,21-5-49,1.0,Eremilagen,1.0
1709632.jpeg,1/5-1942,1.0,Ramøse Sand,1.0
1707571.jpeg,15 MAY 1969,1.0,MISSING,0.0
1742815.jpeg,MISSING,0.0,MISSING,0.0
1706277.jpeg,18-6-1956,1.0,MISSING,0.0
1705673.jpeg,5/6/1810,1.0,Rønne,1.0
1708443.jpeg,Juni 1973,1.0,MISSING,0.0
1742709.jpeg,18.5.1929,1.0,Hovslund,1.0
1706382.jpeg,21/6/69,1.0,MISSING,0.0
1709953.jpeg,20-5-1918,1.0,"Frederikssund, Kapt. Wielandh Leg.",1.0
1705730.jpeg,7-8-85 | 21-5-86,1.0,MISSING,0.0
1705767.jpeg,24-5-1915,1.0,Skagen,1.0
1744485.jpeg,MISSING,0.0,MISSING,0.0
1709775.jpeg,20-5-1956,1.0,MISSING,0.0
1705572.jpeg,3-7-43,1.0,Veddinge Bakker,1.0
1705845.jpeg,MISSING,0.0,MISSING,0.0
1707938.jpeg,16.10.31,1.0,MISSING,0.0
1705559.jpeg,5-6-1983,1.0,Dyrehaven,1.0
1708872.jpeg,26.10.1972,1.0,"Marselihoved, Byh.",1.0
1708402.jpeg,22.9.18,1.0,MISSING,0.0
1709453.jpeg,18-5-1924,1.0,MISSING,0.0
1707491.jpeg,31-5-1917,1.0,Vraa,1.0
1707720.jpeg,13-5-1972,1.0,Skallingen,1.0
1706080.jpeg,3. jø.1870,1.0,Rønne,1.0
1743748.jpeg,27.7.03,1.0,MISSING,0.0
1707364.jpeg,MISSING,0.0,MISSING,0.0
1708961.jpeg,22.9.1870,1.0,MISSING,0.0
1708875.jpeg,22.10.1972,1.0,MISSING,0.0
1709144.jpeg,24.8.1933,1.0,Finds Mølle,1.0
1743524.jpeg,MISSING,0.0,Bomholm,1.0
1707000.jpeg,1882,1.0,MISSING,0.0
1708903.jpeg,16.9.1943,1.0,Dyrehaven,1.0
1709538.jpeg,MISSING,0.0,MISSING,0.0
1742717.jpeg,9.6.1933,1.0,MISSING,0.0
1710386.jpeg,19.IX.1992,1.0,Høstemark Skov NEJ,1.0
1728596.jpeg,2.6.48,1.0,Roland,1.0
1706910.jpeg,10.8.1948,1.0,Brækavm,1.0
1708475.jpeg,MISSING,0.0,MISSING,0.0
1743059.jpeg,15.10.31,1.0,Dyrehaven,1.0
1706250.jpeg,7-6-1991,1.0,MISSING,0.0
1705804.jpeg,27.6.19,1.0,MISSING,0.0
1708721.jpeg,20-10-1946,1.0,MISSING,0.0
1743962.jpeg,19.9.75,1.0,MISSING,0.0
1708699.jpeg,MISSING,0.0,MISSING,0.0
1705925.jpeg,29-7-49,1.0,Asserbo,1.0
1743550.jpeg,MISSING,0.0,MISSING,0.0
1708414.jpeg,24-5-1955,1.0,Skallingen,1.0
1707259.jpeg,20.8.82,1.0,MISSING,0.0
1709558.jpeg,Sandb 19.91,1.0,MISSING,0.0
1707755.jpeg,MISSING,0.0,MISSING,0.0
1708038.jpeg,8/5 1936,1.0,Svendborg Amt,1.0
1707365.jpeg,MISSING,0.0,MISSING,0.0
1705528.jpeg,MISSING,0.0,MISSING,0.0
1710370.jpeg,2.9.1972,1.0,Sving strand,1.0
1707352.jpeg,4.6.6.1870,1.0,MISSING,0.0
1707589.jpeg,17 Mai 1951,1.0,Hobro Skov Jyll.,1.0
1705505.jpeg,MISSING,0.0,MISSING,0.0
1705825.jpeg,MISSING,0.0,MISSING,0.0
1709070.jpeg,6/9 1934,1.0,Svanninge | Svam | Svam 6/934,1.0
1728539.jpeg,13-5-1940,1.0,Knudshoved,1.0
1742748.jpeg,MISSING,0.0,MISSING,0.0
1744447.jpeg,11.5.1947,1.0,MISSING,0.0
1743057.jpeg,15.10.21,1.0,MISSING,0.0
1743991.jpeg,26.7.1951,1.0,MISSING,0.0
1707411.jpeg,21/5/86,1.0,MISSING,0.0
1743514.jpeg,MISSING,0.0,MISSING,0.0
1728526.jpeg,20.VI.42,1.0,Mors,1.0
1708867.jpeg,1987,1.0,MISSING,0.0
1707568.jpeg,1-6-1958,1.0,MISSING,0.0
1706047.jpeg,20.5.34,1.0,MISSING,0.0
1709311.jpeg,10/4 1934,1.0,Gallholm,1.0
1709837.jpeg,7.1853,1.0,Faaborg,1.0
1709087.jpeg,15-9-1912,1.0,MISSING,0.0
1706482.jpeg,21/6/1871,1.0,"Kongelunden, H. Kongedam",1.0
1705787.jpeg,27.6.19,1.0,MISSING,0.0
1743501.jpeg,MISSING,0.0,"Følkinggård, Næstved, Boye",1.0
1707992.jpeg,MISSING,0.0,Kb | Mys. Løv.,1.0
1709373.jpeg,6-4-1952,1.0,Dyrehaven,1.0
1706162.jpeg,MISSING,0.0,Lolland,1.0
1706467.jpeg,3.7.6.1871,1.0,"Kongelunden, Kongens Lyng, Kongens Nytorv, København",1.0
1709432.jpeg,19.V.2022,1.0,"Denmark: Samsø: EJ: Følsdal Bakke, 55.9922N, 10.5515E, h30m",1.0
1743794.jpeg,9/6-1971,1.0,Kastrup Dyrehave Tystrup Sø Ammentorp,1.0
1742726.jpeg,17.5.22,1.0,Søllwød,1.0
1706922.jpeg,5.6.12,1.0,Dyrehaven,1.0
1708021.jpeg,MISSING,0.0,MISSING,0.0
1705608.jpeg,MISSING,0.0,MISSING,0.0
1705456.jpeg,MISSING,0.0,MISSING,0.0
1707329.jpeg,MISSING,0.0,MISSING,0.0
1707323.jpeg,MISSING,0.0,MISSING,0.0
1707318.jpeg,20.5.22,1.0,Sjælland,1.0
1705989.jpeg,8-7-1951,1.0,MISSING,0.0
1709169.jpeg,MISSING,0.0,MISSING,0.0
1744473.jpeg,MISSING,0.0,MISSING,0.0
1705944.jpeg,25-5-1962,1.0,Skaalhingen,1.0
1709752.jpeg,MISSING,0.0,MISSING,0.0
1728505.jpeg,MISSING,0.0,Esbjerg,1.0
1707662.jpeg,MISSING,0.0,MISSING,0.0
1707381.jpeg,MISSING,0.0,MISSING,0.0
1705470.jpeg,7/1870,1.0,MISSING,0.0
1706388.jpeg,8.62,1.0,Rørviq,1.0
1709077.jpeg,19-9-36,1.0,Klosterhi,1.0
1728491.jpeg,28/4/1902,1.0,Vestvæltslev Herlev,1.0
1705840.jpeg,MISSING,0.0,MISSING,0.0
1706033.jpeg,22.VII.2021,1.0,"DENMARK: WJ, Poulsens Minde, 56.35N, 8.96E, 27 m",1.0
1728556.jpeg,31.v.-2.vi.1983,1.0,Ristinge Klint,1.0
1705738.jpeg,MISSING,0.0,Falster,1.0
1705896.jpeg,7/1930,1.0,"Sd-Sjall., Rangibok",1.0
1708693.jpeg,21.X. 1976,1.0,MISSING,0.0
1743801.jpeg,29/7-14.82,1.0,Skallingen,1.0
1706907.jpeg,5.5.1916,1.0,MISSING,0.0
1706410.jpeg,19.5.1947,1.0,MISSING,0.0
1743775.jpeg,28/7 1930,1.0,MISSING,0.0
1709952.jpeg,17/8-19,1.0,Ørholm St.,1.0
1707368.jpeg,MISSING,0.0,MISSING,0.0
1709331.jpeg,23-10-57,1.0,Eremitagen,1.0
1743819.jpeg,16.6.1929,1.0,Hellinge skov,1.0
1707572.jpeg,15 MAY,1.0,MISSING,0.0
1707867.jpeg,4.1.60.K.Pet.,1.0,Sjælland,1.0
1743854.jpeg,10-5-63,1.0,Faxe,1.0
1706189.jpeg,7/6 1937,1.0,Svendborg Amt,1.0
1744650.jpeg,22.5.1955,1.0,MISSING,0.0
1705693.jpeg,MISSING,0.0,MISSING,0.0
1707222.jpeg,28-8-1976,1.0,Kønkerup,1.0
1705610.jpeg,MISSING,0.0,MISSING,0.0
1744578.jpeg,MISSING,0.0,MISSING,0.0
1709742.jpeg,26.8.81,1.0,MISSING,0.0
1705703.jpeg,MISSING,0.0,MISSING,0.0
1709193.jpeg,29-8-1952,1.0,Dyrehaven,1.0
1709871.jpeg,12/7/1870,1.0,Ørholm i Hovedstaden,1.0
1728468.jpeg,MISSING,0.0,MISSING,0.0
1706014.jpeg,2.7.1950,1.0,Langsland,1.0
1707523.jpeg,13/6 1954,1.0,"Ørgaard Nors, Thy",1.0
1705993.jpeg,22.7.1989,1.0,Slejten v. Fuglsang,1.0
1706908.jpeg,19. Hanstedskov | Dania | HØEG 5.5.196,1.0,MISSING,0.0
1708862.jpeg,26.10.12,1.0,Marselisb. Sk.,1.0
1709395.jpeg,27.IV.2022,1.0,"DENMARK: NEZ: Helsingør, Grønne Vestkile, 56.0375N, 12.5598E",1.0
1705998.jpeg,18/V 1994,1.0,Højrisplant,1.0
1709492.jpeg,MISSING,0.0,MISSING,0.0
1743732.jpeg,MISSING,0.0,MISSING,0.0
1707367.jpeg,MISSING,0.0,MISSING,0.0
1707205.jpeg,31-7-1913,1.0,Dyrehaven,1.0
1710388.jpeg,3. VIII. 1991,1.0,NE.Hestemark Skov,1.0
1706066.jpeg,17.6.22,1.0,MISSING,0.0
1709205.jpeg,16-4-27,1.0,Sorø,1.0
1705434.jpeg,5.6.1926,1.0,MISSING,0.0
1742778.jpeg,MISSING,0.0,MISSING,0.0
1706150.jpeg,1882,1.0,Aalborg,1.0
1705726.jpeg,12/8-1906,1.0,Vestby Utslet Havnen,1.0
1707576.jpeg,12.6.1994,1.0,MISSING,0.0
1707253.jpeg,MISSING,0.0,MISSING,0.0
1709811.jpeg,16.1.1988,1.0,MISSING,0.0
1742805.jpeg,MISSING,0.0,MISSING,0.0
1706412.jpeg,8.7.1883,1.0,MISSING,0.0
1707380.jpeg,MISSING,0.0,MISSING,0.0
1706779.jpeg,19-7-1908,1.0,Rangsted,1.0
1706510.jpeg,25/6/71,1.0,MISSING,0.0
1709162.jpeg,MISSING,0.0,MISSING,0.0
1743581.jpeg,MISSING,0.0,MISSING,0.0
1709351.jpeg,MISSING,0.0,MISSING,0.0
1706819.jpeg,1968.07.04,1.0,Rørvig,1.0
1705414.jpeg,12-6-1919,1.0,Tversted str.,1.0
1708884.jpeg,13.10.1991,1.0,Marselisborg,1.0
1743497.jpeg,6/1867,1.0,"Kulhuset, Fruegården, Fruegårdsvej, Frederikssund",1.0
1709391.jpeg,26.9. 1948,1.0,"Dyrehaven Sjælland, Rotunkovgård",1.0
1705590.jpeg,27/7·1893,1.0,Aalborg,1.0
1709385.jpeg,18-IV-1976,1.0,Ejstrupholm,1.0
1709378.jpeg,12-10-1962,1.0,Dyrehaven,1.0
1706450.jpeg,17/6/1871,1.0,"Jydske Aa, Kongelunden",1.0
1707723.jpeg,24.5-1994,1.0,MISSING,0.0
1706051.jpeg,6.6.1927,1.0,MISSING,0.0
1706339.jpeg,MISSING,0.0,MISSING,0.0
1709062.jpeg,MISSING,0.0,Kulhusv. Jægerspris,1.0
1706895.jpeg,20-VII - 11-VIII - 2015,1.0,"DENMARK: 38 km North of Copenhagen, Strødam Naturereservat N55°57'E12°16' Oak / Beech forest, FIT",1.0
1707890.jpeg,Hadsund 8.10.2009,1.0,MISSING,0.0
1705946.jpeg,13-5-1972,1.0,Skallingen,1.0
1705511.jpeg,MISSING,0.0,Lolland,1.0
1707517.jpeg,13/6 1954,1.0,"Ørgaard, Nora, Thy",1.0
1705547.jpeg,7/6 1937,1.0,Svendborg Amt,1.0
1707020.jpeg,11-5-84,1.0,Klampenborgs Dyrehavn,1.0
1707807.jpeg,MISSING,0.0,MISSING,0.0
1706373.jpeg,MISSING,0.0,MISSING,0.0
1707583.jpeg,17.V.1980,1.0,GL.Ry,1.0
1705904.jpeg,28/7 1929,1.0,Svendborg Amt,1.0
1743525.jpeg,MISSING,0.0,MISSING,0.0
1706090.jpeg,MISSING,0.0,MISSING,0.0
1707958.jpeg,MISSING,0.0,MISSING,0.0
1707806.jpeg,MISSING,0.0,MISSING,0.0
1707738.jpeg,29.5.1981,1.0,Blåvand,1.0
1707026.jpeg,16/9 1934,1.0,Svendborg Amt,1.0
1706294.jpeg,22.VII.2021,1.0,"DENMARK: WJ, Poulsens Minde, 56.35N, 8.96E, 27 m, general collecting, grazed grassland",1.0
1709309.jpeg,8.5.1925,1.0,Galholm,1.0
1707959.jpeg,MISSING,0.0,MISSING,0.0
1709577.jpeg,28/4/889,1.0,MISSING,0.0
1707173.jpeg,13/8/88,1.0,"Boggesæs, Sjælland",1.0
1728449.jpeg,MISSING,0.0,MISSING,0.0
1705891.jpeg,4-7-1955,1.0,"Ørgaard, Nørst, Thy",1.0
1706850.jpeg,1.8.84,1.0,MISSING,0.0
1706773.jpeg,20-6-1908,1.0,MISSING,0.0
1707421.jpeg,23/6-1905,1.0,Vænshøjsslet,1.0
1706247.jpeg,9-6-1991,1.0,MISSING,0.0
1706791.jpeg,4-8-1910,1.0,MISSING,0.0
1709435.jpeg,19.V.2022,1.0,"Denmark: Samsø, EJ: Følsdal Bakke, 55.9922N, 10.5515E, h30m",1.0
1743735.jpeg,2.75,1.0,Orkney,1.0
1709301.jpeg,6/9-1907,1.0,MISSING,0.0
1707964.jpeg,MISSING,0.0,MISSING,0.0
1705862.jpeg,MISSING,0.0,MISSING,0.0
1709965.jpeg,12/7 1939,1.0,Svendborg Amt,1.0
1709465.jpeg,22.9.18,1.0,MISSING,0.0
1709327.jpeg,13-4-49,1.0,Dyrehaven,1.0
1705446.jpeg,15/5/1870,1.0,MISSING,0.0
1708991.jpeg,9.5/9.1870,1.0,"Samsø, Bornholmsk Lovindal",1.0
1705467.jpeg,7/1870,1.0,MISSING,0.0
1707968.jpeg,MISSING,0.0,MISSING,0.0
1708022.jpeg,27.9.1884,1.0,Bakker,1.0
1707386.jpeg,MISSING,0.0,MISSING,0.0
1743503.jpeg,MISSING,0.0,MISSING,0.0
1743809.jpeg,16.6.1929,1.0,Bellinge skov,1.0
1709289.jpeg,MISSING,0.0,MISSING,0.0
1707674.jpeg,MISSING,0.0,MISSING,0.0
1709408.jpeg,27.IV.2022,1.0,"DENMARK: NEZ: Helsingør, Grønne Vestkile, 56.0375N, 12.5598E",1.0
1708820.jpeg,MISSING,0.0,MISSING,0.0
1709992.jpeg,30.10.1964,1.0,Rønne Kongstrup#KL,1.0
1743827.jpeg,16.6.1929,1.0,Lellinge skov,1.0
1706451.jpeg,+176/1871,1.0,"Jydske Ås, Agersdal",1.0
1706912.jpeg,1883,1.0,MISSING,0.0
1709524.jpeg,MISSING,0.0,MISSING,0.0
1743000.jpeg,29.6.1986,1.0,MISSING,0.0
1708483.jpeg,21-9-93,1.0,MISSING,0.0
1744588.jpeg,MISSING,0.0,MISSING,0.0
1709342.jpeg,19-9-1953,1.0,Dyrehaven,1.0
1705751.jpeg,8-7-60,1.0,Vstr. Sømark,1.0
1744480.jpeg,MISSING,0.0,MISSING,0.0
1743516.jpeg,6/6/92,1.0,Jagervsr,1.0
1728506.jpeg,1993,1.0,Esbjerg,1.0
1708967.jpeg,MISSING,0.0,MISSING,0.0
1705552.jpeg,10-7-37,1.0,Randers Fj.,1.0
1706035.jpeg,21.VII.2021,1.0,"DENMARK: WJ, Gryde Å, 56.35N, 8.50E, 10 m",1.0
1706083.jpeg,3/6/1870,1.0,MISSING,0.0
1705646.jpeg,18.8.18,1.0,MISSING,0.0
1706845.jpeg,1.11.1966,1.0,Vaserne,1.0
1709195.jpeg,29-8-1952,1.0,Dyrehaven,1.0
1706479.jpeg,MISSING,0.0,MISSING,0.0
1709339.jpeg,14-9-1983,1.0,MISSING,0.0
1728598.jpeg,7.5.1948,1.0,Sorø Sjælland,1.0
1707375.jpeg,MISSING,0.0,MISSING,0.0
1705629.jpeg,10.16.1974,1.0,STRUER,1.0
1743787.jpeg,29.1940.H.BC,1.0,Kulhus v. Jægerspris,1.0
1707056.jpeg,21.5.1949,1.0,Dyrehaven,1.0
1709228.jpeg,2.7.3.1993,1.0,MISSING,0.0
1709470.jpeg,MISSING,0.0,MISSING,0.0
1743852.jpeg,10-5-63,1.0,MISSING,0.0
1710341.jpeg,23-6-1961,1.0,Midtjylland Galgehøj Hjarbek,1.0
1705939.jpeg,2-8,1.0,V.Sjælland | Resmøs Kongetrupæal,1.0
1705932.jpeg,11.5.49,1.0,København,1.0
1709984.jpeg,9-8-1973,1.0,MISSING,0.0
1709920.jpeg,MISSING,0.0,MISSING,0.0
1742721.jpeg,17.5.22,1.0,Søllnød,1.0
1728474.jpeg,MISSING,0.0,MISSING,0.0
1744654.jpeg,9-7-1911,1.0,Aamindergoet,1.0
1706961.jpeg,MISSING,0.0,MISSING,0.0
1707630.jpeg,MISSING,0.0,MISSING,0.0
1743714.jpeg,20/8-1902,1.0,Ved Vester Næstved,1.0
1709189.jpeg,29-8-1952,1.0,Dyrehaven,1.0
1708363.jpeg,17-6-1911,1.0,A. Sminderød,1.0
1743778.jpeg,9-8-36,1.0,MISSING,0.0
1705757.jpeg,20.8-1579,1.0,MISSING,0.0
1706806.jpeg,15/8 1968,1.0,Ringkøbing: Vædersø Klit Strandopskyl,1.0
1707184.jpeg,MISSING,0.0,MISSING,0.0
1707250.jpeg,MISSING,0.0,MISSING,0.0
1744583.jpeg,MISSING,0.0,MISSING,0.0
1708361.jpeg,14-5-1994,1.0,MISSING,0.0
1708757.jpeg,10.11.1873,1.0,Rasker Horns Bøge,1.0
1743564.jpeg,MISSING,0.0,MISSING,0.0
1705821.jpeg,MISSING,0.0,Støvrig,1.0
1707448.jpeg,13/6/1939,1.0,Svendborg Amt,1.0
1743812.jpeg,16.6.1929,1.0,Lollinge skov,1.0
1706926.jpeg,19/5-1870,1.0,Lyorthavn,1.0
1708006.jpeg,MISSING,0.0,Lolland,1.0
1708411.jpeg,14.4.18,1.0,MISSING,0.0
1708384.jpeg,17-9-49,1.0,Grib Skov,1.0
1707809.jpeg,MISSING,0.0,MISSING,0.0
1707691.jpeg,MISSING,0.0,MISSING,0.0
1706874.jpeg,26-4-1951,1.0,NiVå,1.0
1707915.jpeg,1.10.1929,1.0,MISSING,0.0
1709576.jpeg,2/4/1889,1.0,Rude Hegn,1.0
1705824.jpeg,Juli 1819,1.0,MISSING,0.0
1708986.jpeg,MISSING,0.0,MISSING,0.0
1709081.jpeg,20.9.36,1.0,MISSING,0.0
1708934.jpeg,MISSING,0.0,MISSING,0.0
1708908.jpeg,22-8-1915,1.0,MISSING,0.0
1728600.jpeg,18.6.1980,1.0,MISSING,0.0
1706169.jpeg,MISSING,0.0,MISSING,0.0
1706113.jpeg,6/1870,1.0,"Borsholm, Løvendal",1.0
1706511.jpeg,Septbr.1887,1.0,Aalborg,1.0
1743746.jpeg,10/5/1933,1.0,MISSING,0.0
1706508.jpeg,15/5/71,1.0,Sømmingehus,1.0
1706938.jpeg,MISSING,0.0,Dyrehaven,1.0
1707725.jpeg,24.5-1974,1.0,MISSING,0.0
1708743.jpeg,9/10/1872,1.0,"Vejle, Fjöde.",1.0
1705775.jpeg,MISSING,0.0,MISSING,0.0
1705502.jpeg,MISSING,0.0,MISSING,0.0
1743717.jpeg,17/8/1902,1.0,Havns,1.0
1707113.jpeg,17-19. 8.1939,1.0,MISSING,0.0
1707967.jpeg,MISSING,0.0,MISSING,0.0
1709054.jpeg,23.8.03,1.0,Mølbrok,1.0
1706109.jpeg,MISSING,0.0,Bornholm,1.0
1707567.jpeg,5.11-6-1960,1.0,S.V.Jylland Skallingen,1.0
1710000.jpeg,MISSING,0.0,MISSING,0.0
1709548.jpeg,MISSING,0.0,MISSING,0.0
1728561.jpeg,MISSING,0.0,MISSING,0.0
1728482.jpeg,MISSING,0.0,Lolland,1.0
1707774.jpeg,MISSING,0.0,"Føbjerggård, Bøge",1.0
1743593.jpeg,MISSING,0.0,MISSING,0.0
1708446.jpeg,23-10-1971,1.0,"SNAGEM, STRÅLONAM, N-JYLLAND",1.0
1709757.jpeg,MISSING,0.0,MISSING,0.0
1708437.jpeg,MISSING,0.0,MISSING,0.0
1743060.jpeg,15.10.21,1.0,MISSING,0.0
1707544.jpeg,MISSING,0.0,MISSING,0.0
1708707.jpeg,MISSING,0.0,MISSING,0.0
1706190.jpeg,23/5/1937,1.0,Tranekær | Svendborg Amt,1.0
1706151.jpeg,MISSING,0.0,MISSING,0.0
1708710.jpeg,21.10.1977,1.0,Svinø strand,1.0
1708344.jpeg,22.8.53,1.0,MISSING,0.0
1709437.jpeg,22.4.1916,1.0,Vestermose,1.0
1706826.jpeg,1964,1.0,"Jylland, Lomholtleg",1.0
1709537.jpeg,MISSING,0.0,MISSING,0.0
1707270.jpeg,17-VIII-1976,1.0,Krenkerup,1.0
1728568.jpeg,MISSING,0.0,MISSING,0.0
1710375.jpeg,30.7.44,1.0,Kongelund,1.0
1707234.jpeg,MISSING,0.0,MISSING,0.0
1709911.jpeg,MISSING,0.0,MISSING,0.0
1707911.jpeg,29.5.1913,1.0,MISSING,0.0
1708432.jpeg,19.5.1975,1.0,FAND KÆMPPLANTAGE,1.0
1706019.jpeg,19.V.2022,1.0,"Denmark: Samsø, EJ: Følsdal Bakke, 55.9922N, 10.5515E, h30m",1.0
1709218.jpeg,28-9-1913,1.0,MISSING,0.0
1743856.jpeg,10-5-63,1.0,Faxe,1.0
1743703.jpeg,MISSING,0.0,MISSING,0.0
1743520.jpeg,15/5/15,1.0,Sjælgegård,1.0
1709753.jpeg,MISSING,0.0,MISSING,0.0
1708981.jpeg,MISSING,0.0,MISSING,0.0
1706970.jpeg,MISSING,0.0,MISSING,0.0
1707771.jpeg,MISSING,0.0,MISSING,0.0
1706920.jpeg,25.9.21,1.0,MISSING,0.0
1709556.jpeg,Sondbr. IV. 91.,1.0,MISSING,0.0
1743975.jpeg,MISSING,0.0,MISSING,0.0
1706956.jpeg,MISSING,0.0,Dyrehaven,1.0
1707550.jpeg,19-6-1955,1.0,MISSING,0.0
1705816.jpeg,MISSING,0.0,MISSING,0.0
1706296.jpeg,19 V.2022,1.0,"Denmark: Samsø: EJ: Følsdal Bakke, 55.9922N, 10.5515E, h30m",1.0
1705731.jpeg,17-6-83,1.0,MISSING,0.0
1708347.jpeg,April 1943,1.0,O. Døssels,1.0
1705809.jpeg,MISSING,0.0,Dyrehaven,1.0
1728484.jpeg,MISSING,0.0,Lolland,1.0
1706795.jpeg,12.7.45,1.0,"Rodens Skov, Lolland",1.0
1705980.jpeg,19.6.96,1.0,MISSING,0.0
1707680.jpeg,6/1870,1.0,Bornholm,1.0
1708865.jpeg,16-10-72,1.0,MISSING,0.0
1705471.jpeg,7/1870,1.0,MISSING,0.0
1708849.jpeg,14-IV-1976,1.0,Ejstrupholm,1.0
1707267.jpeg,23.7.1998,1.0,Dyrehaven,1.0
1709843.jpeg,19.7.1988,1.0,MISSING,0.0
1707207.jpeg,20-8-62,1.0,Dyrehaven,1.0
1706441.jpeg,7/4/6/1871,1.0,Provinge land Lyvenæs,1.0
1710378.jpeg,29. august 1993,1.0,"DK, NWZ, PG 27 Kongstrup, Rønæs",1.0
1706417.jpeg,3.7.1883,1.0,MISSING,0.0
1743053.jpeg,16.10.1933,1.0,Dyrehaven,1.0
1707844.jpeg,5.1874,1.0,MISSING,0.0
1743780.jpeg,22-9-36,1.0,MISSING,0.0
1742985.jpeg,30.8.1997,1.0,Draved Skov,1.0
1743767.jpeg,3/8/1930,1.0,MISSING,0.0
1705841.jpeg,MISSING,0.0,MISSING,0.0
1706155.jpeg,MISSING,0.0,Lolland,1.0
1709032.jpeg,22/8/1400,1.0,Kaskbjerg,1.0
1728498.jpeg,20-5-1918,1.0,Frederiksværn | Kapt. Wielandshøjeg,1.0
1709184.jpeg,27.VIII.1985,1.0,EJ: Alling,1.0
1709294.jpeg,MISSING,0.0,MISSING,0.0
1706949.jpeg,26/5/1870,1.0,Jyrkhamn,1.0
1744536.jpeg,MISSING,0.0,MISSING,0.0
1742732.jpeg,MISSING,0.0,Dyrehaven,1.0
1706822.jpeg,1976,1.0,MISSING,0.0
1707009.jpeg,17/7-1901,1.0,Kjølshøj,1.0
1705573.jpeg,16-4-49,1.0,Høveltsvang,1.0
1742714.jpeg,18.5.1929,1.0,MISSING,0.0
1709961.jpeg,12/7/1939,1.0,Svendborg Amt,1.0
1708793.jpeg,MISSING,0.0,MISSING,0.0
1707653.jpeg,7/1871,1.0,MISSING,0.0
1706054.jpeg,28.6.1938,1.0,MISSING,0.0
1705423.jpeg,9.6.19,1.0,MISSING,0.0
1744481.jpeg,MISSING,0.0,MISSING,0.0
1743752.jpeg,10/5/1933,1.0,MISSING,0.0
1706234.jpeg,1.7.28,1.0,Enemilagen,1.0
1706053.jpeg,17.5.38,1.0,MISSING,0.0
1707931.jpeg,19.5.1958,1.0,MISSING,0.0
1709126.jpeg,25-9-1960,1.0,MISSING,0.0
1744683.jpeg,10-5-1956,1.0,MISSING,0.0
1705658.jpeg,MISSING,0.0,MISSING,0.0
1743987.jpeg,26-7-1951,1.0,Niøva,1.0
1742711.jpeg,18.5.1929,1.0,Korsørud,1.0
1706263.jpeg,MISSING,0.0,MISSING,0.0
1743036.jpeg,27.IV.2022,1.0,"DENMARK: NEZ: Hellebæk Avlsgård, Kohave, 56.0554N, 12.5439E",1.0
1706229.jpeg,1-6-50,1.0,"Hestehaven, Hillerød",1.0
1744693.jpeg,10-5-1956,1.0,Kongelunden,1.0
1707260.jpeg,9-VII-1985,1.0,MISSING,0.0
1706761.jpeg,2/8 1930,1.0,Aabenraa,1.0
1706336.jpeg,2/6/1868,1.0,Nykøbing Lyng. Schlick,1.0
1705477.jpeg,Juni 1820,1.0,Fielland,1.0
1728588.jpeg,6.v.2007,1.0,MISSING,0.0
1708377.jpeg,27-4-49,1.0,Frederikslund,1.0
1707830.jpeg,MISSING,0.0,MISSING,0.0
1706844.jpeg,5-8-1973,1.0,Nordsk.v.je.NEZ,1.0
1707488.jpeg,19-5-1924,1.0,Vamdrup,1.0
1707767.jpeg,MISSING,0.0,MISSING,0.0
1709569.jpeg,9/5/1901,1.0,Ved Kjeldshov,1.0
1743015.jpeg,19.V.2022,1.0,"Denmark: Samsø, EJ: Følsdal Bakke, 55.9922N, 10.5515E, h30m",1.0
1707350.jpeg,MISSING,0.0,MISSING,0.0
1707660.jpeg,MISSING,0.0,MISSING,0.0
1707854.jpeg,28-5-1965,1.0,V.Sjælland Rønæs Kongstrup-Kl,1.0
1707554.jpeg,14-5-1954,1.0,Kulhuse,1.0
1742744.jpeg,MISSING,0.0,Dyrehaven,1.0
1706459.jpeg,19/6/1870,1.0,"Jydske Aa, Hjørringdal",1.0
1709443.jpeg,24.9.1919,1.0,Angsholm,1.0
1706785.jpeg,1.11.1966,1.0,Asserbo,1.0
1707314.jpeg,17.6.22,1.0,Dyrehaven,1.0
1706983.jpeg,MISSING,0.0,MISSING,0.0
1705460.jpeg,MISSING,0.0,MISSING,0.0
1706127.jpeg,6/86,1.0,Allesand | Jægerspris | Kongelunden,1.0
1742750.jpeg,MISSING,0.0,MISSING,0.0
1742731.jpeg,MISSING,0.0,MISSING,0.0
1705808.jpeg,MISSING,0.0,Dyrehaven,1.0
1742979.jpeg,MISSING,0.0,MISSING,0.0
1743544.jpeg,MISSING,0.0,MISSING,0.0
1705847.jpeg,13-4-1894,1.0,Dyrehaven,1.0
1743518.jpeg,1993,1.0,MISSING,0.0
1707405.jpeg,7/1/70,1.0,MISSING,0.0
1743914.jpeg,14/6 1955,1.0,Bommerlund Plantage,1.0
1743574.jpeg,MISSING,0.0,MISSING,0.0
1743515.jpeg,MISSING,0.0,MISSING,0.0
1707174.jpeg,MISSING,0.0,MISSING,0.0
1705702.jpeg,MISSING,0.0,MISSING,0.0
1707783.jpeg,6/1862,1.0,MISSING,0.0
1708421.jpeg,25-9-1960,1.0,Jagterspr. N58,1.0
1709754.jpeg,MISSING,0.0,MISSING,0.0
1707585.jpeg,8.VI.2003,1.0,Tofte Skov NEJ,1.0
1707744.jpeg,5-5-1974,1.0,SKALLINGEN,1.0
1708803.jpeg,13.10.46,1.0,Sj. Rørbæk Sø,1.0
1709014.jpeg,6.9.02,1.0,Sondarburg,1.0
1707591.jpeg,2.6.48,1.0,Roland,1.0
1709231.jpeg,8.10.21,1.0,Dyrehaven,1.0
1744632.jpeg,15/2/1934,1.0,Svendborg Amt,1.0
1709025.jpeg,13/9/1887,1.0,København,1.0
1705482.jpeg,MISSING,0.0,MISSING,0.0
1708881.jpeg,26.10.1922,1.0,Marselisborg Dyrehavn,1.0
1743893.jpeg,13/6 1954,1.0,"Ørgaard Nors, Thy",1.0
1708381.jpeg,17-9-49,1.0,Arib Skov,1.0
1709174.jpeg,MISSING,0.0,MISSING,0.0
1744590.jpeg,MISSING,0.0,MISSING,0.0
1706958.jpeg,MISSING,0.0,Dyrehaven,1.0
1708386.jpeg,1575-1960,1.0,Venu,1.0
1708338.jpeg,11/10 1925,1.0,"Jyll, Bladsaxe",1.0
1743769.jpeg,10/8/1930,1.0,"Tyll, Holmsild",1.0
1709123.jpeg,19-9-1953,1.0,Dyrehaven,1.0
1705889.jpeg,25/6-9/7 1943,1.0,Æbelø,1.0
1709896.jpeg,MISSING,0.0,MISSING,0.0
1708452.jpeg,MISSING,0.0,MISSING,0.0
1706423.jpeg,17/6/1871,1.0,"Jylland, Limfjord, Kongelunden",1.0
1705568.jpeg,25/4/42,1.0,Q. Asels Mors.,1.0
1706334.jpeg,MISSING,0.0,MISSING,0.0
1709345.jpeg,16-5-1983,1.0,Dyrehaven,1.0
1707529.jpeg,27.5.85,1.0,Kjell Sk.,1.0
1728599.jpeg,18.5.1947,1.0,Saltholm,1.0
1707055.jpeg,21-5-49,1.0,Eremilagen,1.0
1707325.jpeg,MISSING,0.0,MISSING,0.0
1706349.jpeg,MISSING,0.0,MISSING,0.0
1707360.jpeg,MISSING,0.0,MISSING,0.0
1708664.jpeg,9-7-78,1.0,Tønnerup,1.0
1705529.jpeg,MISSING,0.0,MISSING,0.0
1707167.jpeg,15.8.1938,1.0,MISSING,0.0
1706460.jpeg,14/6/1871,1.0,"Jydske Aa, Lyvndal",1.0
1707057.jpeg,1.7.28,1.0,MISSING,0.0
1708878.jpeg,26.10.1972,1.0,MISSING,0.0
1743924.jpeg,16/6 1962,1.0,MISSING,0.0
1706959.jpeg,MISSING,0.0,Dyrehaven,1.0
1706461.jpeg,17/6/1871,1.0,Jydske Møllelund,1.0
1744585.jpeg,MISSING,0.0,MISSING,0.0
1707869.jpeg,MISSING,0.0,MISSING,0.0
1709095.jpeg,6-10-1914,1.0,Nægådi Skov,1.0
1705425.jpeg,19.5.1970,1.0,MISSING,0.0
1744664.jpeg,19.5.87,1.0,Agger Stribs,1.0
1707331.jpeg,MISSING,0.0,MISSING,0.0
1706973.jpeg,6.13.5.1870,1.0,"Dyrshaven, Hjortegård, Kongelunden",1.0
1709153.jpeg,MISSING,0.0,MISSING,0.0
1705890.jpeg,23/6-29/6/1942,1.0,Hagebro v.-Skive,1.0
1707614.jpeg,22.7.28,1.0,MISSING,0.0
1709421.jpeg,27.IV.2022,1.0,"DENMARK: NEZ: Helsingør, Grønne Vestkile, 56.0375N, 12.5598E",1.0
1743511.jpeg,MISSING,0.0,MISSING,0.0
1708447.jpeg,1969-IV-4,1.0,"Sjælland, Roskilde, Flyvebane",1.0
1706409.jpeg,19.5.1941,1.0,MISSING,0.0
1706801.jpeg,22/7 1906,1.0,Dyrehaven,1.0
1706081.jpeg,13/6/1870,1.0,Køge,1.0
1742754.jpeg,MISSING,0.0,MISSING,0.0
1707408.jpeg,20/5/83,1.0,Colgås,1.0
1708835.jpeg,MISSING,0.0,MISSING,0.0
1707639.jpeg,MISSING,0.0,MISSING,0.0
1709873.jpeg,21/7-1870,1.0,Orkøbing i Nogydning,1.0
1743064.jpeg,MISSING,0.0,MISSING,0.0
1708412.jpeg,2-10-1955,1.0,Kagsmosen,1.0
1707746.jpeg,9.VI.1982,1.0,Skallingen,1.0
1743556.jpeg,Falster,1.0,Falster,1.0
1708811.jpeg,MISSING,0.0,MISSING,0.0
1728461.jpeg,MISSING,0.0,MISSING,0.0
1706311.jpeg,6.6.69,1.0,MISSING,0.0
1709250.jpeg,16/4/1870,1.0,MISSING,0.0
1709998.jpeg,28.6.87,1.0,MISSING,0.0
1743993.jpeg,26-7-1951,1.0,MISSING,0.0
1705427.jpeg,8.9.1883,1.0,MISSING,0.0
1707905.jpeg,26.3.1922,1.0,Dyrehaven,1.0
1709979.jpeg,27-7-1915,1.0,Skagen,1.0
1705648.jpeg,20.5.1915,1.0,MISSING,0.0
1708798.jpeg,1973,1.0,"Horsum, Boye, Veile",1.0
1709063.jpeg,Aug 1934 B.C.,1.0,Tange v. Ribe,1.0
1709929.jpeg,MISSING,0.0,MISSING,0.0
1744649.jpeg,7-6-1971,1.0,MISSING,0.0
1706812.jpeg,15/8 1968,1.0,Ringkøbing: Vedersø Klit Strandopskyl,1.0
1743945.jpeg,12 IX 1971,1.0,"Ryget, L. Værløse Sj.",1.0
1705852.jpeg,1/8·1901,1.0,Vestor Ulslev - Sandeager,1.0
1709907.jpeg,MISSING,0.0,MISSING,0.0
1706238.jpeg,2.8.1965,1.0,Rønnes Kongstrup Avl,1.0
1707064.jpeg,25.7.87,1.0,Harboer,1.0
1705461.jpeg,MISSING,0.0,MISSING,0.0
1706321.jpeg,7/1862,1.0,Rørvig Bøge,1.0
1743594.jpeg,MISSING,0.0,"Nordholm 8.00 | Nordsjælland, Denmark",1.0
1743898.jpeg,13/6 1954,1.0,"Ørgaard Nors, Thy",1.0
1705880.jpeg,6-7-37,1.0,Tuldal,1.0
1705513.jpeg,MISSING,0.0,MISSING,0.0
1706029.jpeg,19.V.2022,1.0,MISSING,0.0
1709772.jpeg,21-6-1956,1.0,V.f. Høvblege,1.0
1706317.jpeg,MISSING,0.0,MISSING,0.0
1743902.jpeg,23. Juli-11. Aug. 1934,1.0,Gallehus Skov v. Møgeltønder,1.0
1708341.jpeg,22-9-36,1.0,Boebling,1.0
1705835.jpeg,MISSING,0.0,MISSING,0.0
1705670.jpeg,MISSING,0.0,MISSING,0.0
1743744.jpeg,20.5.1918,1.0,Tre Kroner | Kapt. Wielands leg.,1.0
1707917.jpeg,25.9.1937,1.0,MISSING,0.0
1709413.jpeg,27.IV.2022,1.0,"DENMARK: NEZ: Helsingør, Grønne Vestkile, 56.0375N, 12.5598E",1.0
1743721.jpeg,MISSING,0.0,MISSING,0.0
1707914.jpeg,13.6.1913,1.0,MISSING,0.0
1707852.jpeg,MISSING,0.0,MISSING,0.0
1744582.jpeg,MISSING,0.0,MISSING,0.0
1707394.jpeg,MISSING,0.0,MISSING,0.0
1706093.jpeg,MISSING,0.0,MISSING,0.0
1705788.jpeg,1913,1.0,MISSING,0.0
1707051.jpeg,21-5-49,1.0,Eremilagen,1.0
1709475.jpeg,MISSING,0.0,MISSING,0.0
1709310.jpeg,31.6.1934,1.0,Søltholm,1.0
1706010.jpeg,19.7.1962,1.0,Fløjstrup Skov,1.0
1707542.jpeg,MISSING,0.0,MISSING,0.0
1708474.jpeg,MISSING,0.0,MISSING,0.0
1705934.jpeg,7.5.49,1.0,Herlev,1.0
1744569.jpeg,MISSING,0.0,MISSING,0.0
1743815.jpeg,16.6.1929,1.0,Søllinge skov,1.0
1706356.jpeg,MISSING,0.0,MISSING,0.0
1742728.jpeg,20.5.22,1.0,Søllerød,1.0
1706984.jpeg,MISSING,0.0,MISSING,0.0
1705455.jpeg,MISSING,0.0,MISSING,0.0
1706452.jpeg,17/6/1870,1.0,"Jydske Aa, Lyngbydal",1.0
1728575.jpeg,MISSING,0.0,MISSING,0.0
1706902.jpeg,19.6.1903,1.0,MISSING,0.0
1706122.jpeg,MISSING,0.0,MISSING,0.0
1706497.jpeg,12.5.86,1.0,Albørg,1.0
1706868.jpeg,27-6-72,1.0,MISSING,0.0
1709579.jpeg,MISSING,0.0,MISSING,0.0
1707644.jpeg,MISSING,0.0,MISSING,0.0
1708853.jpeg,15-XI-1976,1.0,Ejstrupholm,1.0
1709509.jpeg,MISSING,0.0,MISSING,0.0
1707702.jpeg,MISSING,0.0,MISSING,0.0
1705506.jpeg,MISSING,0.0,MISSING,0.0
1708415.jpeg,25-9-1960,1.0,Jægerspris,1.0
1706514.jpeg,26-6-1958,1.0,Lindholm,1.0
1743770.jpeg,19.7.1983,1.0,Stald,1.0
1707928.jpeg,13.5.1938,1.0,MISSING,0.0
1707668.jpeg,MISSING,0.0,MISSING,0.0
1705439.jpeg,17.5.22,1.0,MISSING,0.0
1708380.jpeg,6-9-49,1.0,Høvelse,1.0
1728503.jpeg,16/4/96,1.0,MISSING,0.0
1706814.jpeg,15-8 1968,1.0,Ringkøbing: Vedersø Klit Strandopskyl,1.0
1710393.jpeg,7-5-1911,1.0,MISSING,0.0
1742719.jpeg,17.5.22,1.0,Søllerød,1.0
1708942.jpeg,274/1870,1.0,Borikoven,1.0
1744551.jpeg,MISSING,0.0,MISSING,0.0
1706399.jpeg,21.VII.2004,1.0,Lødskovvæg,1.0
1706512.jpeg,Septbr 1887,1.0,Aalborg,1.0
1709522.jpeg,MISSING,0.0,Mus. Löv.,1.0
1706439.jpeg,14/6/1871,1.0,Horsing land dyrendal,1.0
1709399.jpeg,27.IV.2022,1.0,"DENMARK: NEZ: Helsingør, Grønne Vestkile, 56.0375N, 12.5598E",1.0
1706237.jpeg,23-5-1965,1.0,V.Sjælland Rønnes Kongstrup Kl,1.0
1707272.jpeg,17-VIII-1976,1.0,Krenkerup,1.0
1709335.jpeg,19-9-1953,1.0,Dyrehaven,1.0
1705807.jpeg,MISSING,0.0,MISSING,0.0
1706986.jpeg,MISSING,0.0,MISSING,0.0
1706989.jpeg,MISSING,0.0,Lolland,1.0
1709392.jpeg,27.IV.2022,1.0,"DENMARK: NEZ: Helsingør, Grønne Vestkile, 56.0375N, 12.5598E",1.0
1744573.jpeg,MISSING,0.0,MISSING,0.0
1709575.jpeg,2/4/1889,1.0,Rædz Havn,1.0
1709159.jpeg,MISSING,0.0,MISSING,0.0
1708039.jpeg,7/5-1939,1.0,Svendborg Amt,1.0
1705694.jpeg,6.3/6.1870,1.0,"Bjørn ved Wognum, vestjysk landskab",1.0
1708990.jpeg,MISSING,0.0,MISSING,0.0
1707286.jpeg,17.6.1924,1.0,Slotved Skov,1.0
1709991.jpeg,13.vi.1978,1.0,MISSING,0.0
1709964.jpeg,12/7 1939,1.0,Svendborg Amt,1.0
1742999.jpeg,22.7.1992,1.0,Svinø Strand,1.0
1707213.jpeg,30-8-62,1.0,Dyrehaven,1.0
1705666.jpeg,MISSING,0.0,MISSING,0.0
1743840.jpeg,16/6/47,1.0,Lejre,1.0
1706076.jpeg,2.7.1937,1.0,København,1.0
1706882.jpeg,26/VII/99,1.0,Hanstholm NWJ,1.0
1705429.jpeg,12.6.1962,1.0,MISSING,0.0
1707257.jpeg,MISSING,0.0,MISSING,0.0
1709152.jpeg,19/9/75,1.0,MISSING,0.0
1709161.jpeg,MISSING,0.0,MISSING,0.0
1706301.jpeg,-17 Mai 1951,1.0,Hobro Skov Jyll.,1.0
1706964.jpeg,1931-07,1.0,"København, Dyrehaven, Nørrejyske Jættestue",1.0
1709960.jpeg,12/7/1939,1.0,Svendborg Amt,1.0
1705724.jpeg,MISSING,0.0,MISSING,0.0
1705497.jpeg,MISSING,0.0,MISSING,0.0
1705763.jpeg,24-5-1915,1.0,Skagen,1.0
1744599.jpeg,MISSING,0.0,MISSING,0.0
1707629.jpeg,MISSING,0.0,MISSING,0.0
1709316.jpeg,25-5-1909,1.0,Dyrehaven,1.0
1728603.jpeg,MISSING,0.0,MISSING,0.0
1744607.jpeg,MISSING,0.0,MISSING,0.0
1708923.jpeg,22.8.22,1.0,MISSING,0.0
1708387.jpeg,2-6-1955,1.0,Vodskov N ØJ. Halborg,1.0
1743845.jpeg,19/6/47,1.0,MISSING,0.0
1705550.jpeg,10-7-37,1.0,Randø Fj,1.0
1706352.jpeg,MISSING,0.0,MISSING,0.0
1706282.jpeg,21-6-1956,1.0,"V.f. Havblege, Møn",1.0
1743730.jpeg,MISSING,0.0,MISSING,0.0
1709813.jpeg,12.IV.2011,1.0,Sukkertoppen EJ,1.0
1705591.jpeg,21/5-1922,1.0,Lellinge Aa,1.0
1705684.jpeg,f3/6/1870,1.0,MISSING,0.0
1706853.jpeg,4/6-71,1.0,Dyrehaven,1.0
1709848.jpeg,16.6.71,1.0,MISSING,0.0
1744703.jpeg,10-5-1956,1.0,Kongelunden,1.0
1708695.jpeg,MISSING,0.0,MISSING,0.0
1707001.jpeg,MISSING,0.0,MISSING,0.0
1709313.jpeg,18-5-1943,1.0,Saltholm,1.0
1743994.jpeg,26.7.1951,1.0,MISSING,0.0
1708895.jpeg,9-10-1972,1.0,Marselisborg,1.0
1709525.jpeg,MISSING,0.0,MISSING,0.0
1706240.jpeg,26-5-1962,1.0,Skallinger,1.0
1743531.jpeg,8.7.1883,1.0,MISSING,0.0
1709963.jpeg,12/7 1939,1.0,Svendborg Amt,1.0
1709023.jpeg,MISSING,0.0,MISSING,0.0
1744668.jpeg,MISSING,0.0,MISSING,0.0
1707886.jpeg,MISSING,0.0,MISSING,0.0
1742722.jpeg,17.5.22,1.0,Søllerød,1.0
1709890.jpeg,MISSING,0.0,MISSING,0.0
1709248.jpeg,16/4/1870,1.0,Dyrehaven,1.0
1744535.jpeg,MISSING,0.0,MISSING,0.0
1706485.jpeg,MISSING,0.0,MISSING,0.0
1705699.jpeg,MISSING,0.0,MISSING,0.0
1707003.jpeg,192,1.0,MISSING,0.0
1707747.jpeg,5-5-1974,1.0,SKALLINGEN,1.0
1707686.jpeg,MISSING,0.0,MISSING,0.0
1708360.jpeg,10-5-1915,1.0,Skagen,1.0
1707298.jpeg,11.5.1947,1.0,MISSING,0.0
1728577.jpeg,6-1916,1.0,Silkeborg,1.0
1707464.jpeg,2.6.1943,1.0,Dyrehaven,1.0
1708978.jpeg,MISSING,0.0,MISSING,0.0
1710403.jpeg,6.6.1917,1.0,MISSING,0.0
1708765.jpeg,MISSING,0.0,MISSING,0.0
1709194.jpeg,29-8-1962,1.0,Dyrehaven,1.0
1709566.jpeg,1/9/1846,1.0,MISSING,0.0
1708888.jpeg,13.10.1991,1.0,Marselisborg,1.0
1706455.jpeg,17/6/1871,1.0,Jydske Rådhusgade,1.0
1709090.jpeg,21-9-1903,1.0,MISSING,0.0
1709434.jpeg,27.IV.2022,1.0,"DENMARK: NEZ: Hellebæk Avlsgård, Kohave, 56.0554N, 12.5439E",1.0
1708352.jpeg,30/3/1959,1.0,Liselund,1.0
1743771.jpeg,22.8.1930,1.0,Aabenraa,1.0
1707320.jpeg,17.6.92,1.0,Dyrehaven,1.0
1744541.jpeg,MISSING,0.0,MISSING,0.0
1709055.jpeg,23.8.03,1.0,Mølbak,1.0
1709252.jpeg,7/1870,1.0,MISSING,0.0
1708709.jpeg,12-5-1957,1.0,Have Skov,1.0
1705928.jpeg,12-6-43,1.0,Sandbjerg,1.0
1706875.jpeg,26-7-1951,1.0,Niva,1.0
1707815.jpeg,MISSING,0.0,MISSING,0.0
1705641.jpeg,10.6.1924,1.0,S. Rågen,1.0
1706839.jpeg,14-5-1953,1.0,Kulhuset,1.0
1707315.jpeg,6.6.22,1.0,MISSING,0.0
1706203.jpeg,7-6-1922,1.0,Dyrehaven,1.0
1707262.jpeg,4.9.1979,1.0,Dyrehaven,1.0
1707159.jpeg,20/8/1888,1.0,Bønnerup i Hjortebjergs mæl døvendal,1.0
1743849.jpeg,10-5-63,1.0,MISSING,0.0
1706502.jpeg,MISSING,0.0,MISSING,0.0
1707823.jpeg,MISSING,0.0,MISSING,0.0
1706132.jpeg,5.7.6.1876,1.0,Rø. Bornholmy,1.0
1705583.jpeg,23-5-1965,1.0,V.Sjælland Rønnes Kongatrup*KI,1.0
1705922.jpeg,25.8.1947,1.0,Veddinge bakker,1.0
1744701.jpeg,10-5-1956,1.0,Kongelunden,1.0
1708890.jpeg,4-10-1972,1.0,Marselisborg,1.0
1743885.jpeg,16-9-1935,1.0,Jy. Herning Brændgaard,1.0
1706856.jpeg,MISSING,0.0,MISSING,0.0
1707853.jpeg,"7-92,8jul.",1.0,Tammesbryn,1.0
1706813.jpeg,15/8 1968,1.0,MISSING,0.0
1708737.jpeg,4.1.60,1.0,Selkæborg,1.0
1709422.jpeg,27.IV.2022,1.0,"NEZ: Helsingør, Grønne Vestkile, 56.0375N, 12.5598E",1.0
1707864.jpeg,MISSING,0.0,MISSING,0.0
1706004.jpeg,7.VI.2003,1.0,Tofte Skov NEJ,1.0
1708761.jpeg,6.8.82,1.0,MISSING,0.0
1709015.jpeg,6.9.02,1.0,Sonderburg,1.0
1709102.jpeg,15-9-1935,1.0,Jy. Herning Brændgaard,1.0
1707965.jpeg,MISSING,0.0,MISSING,0.0
1708348.jpeg,6/6:1942,1.0,Bornholm | Ammentorp,1.0
1742759.jpeg,MISSING,0.0,MISSING,0.0
1707624.jpeg,MISSING,0.0,MISSING,0.0
1705793.jpeg,25.6.18/3,1.0,MISSING,0.0
1706003.jpeg,12.V.1990,1.0,Hostemark Skov NEJ,1.0
1709805.jpeg,21 Mai 1950,1.0,"Køgerup, Sjælland",1.0
1707949.jpeg,6/1870,1.0,MISSING,0.0
1709955.jpeg,10/8 1930,1.0,"Hjll., Holmsøld",1.0
1707068.jpeg,25.8.87,1.0,MISSING,0.0
1742828.jpeg,6/92,1.0,Rolst.,1.0
1708041.jpeg,17/6 1940,1.0,"Trolleborg, Svendborg Amt",1.0
1707939.jpeg,15.10.21,1.0,Dyrehaven,1.0
1705709.jpeg,17/8-1902,1.0,Vestre Utstev Havn,1.0
1705734.jpeg,MISSING,0.0,MISSING,0.0
1707620.jpeg,19.5.29,1.0,MISSING,0.0
1706939.jpeg,MISSING,0.0,MISSING,0.0
1709846.jpeg,22.8.22,1.0,MISSING,0.0
1709447.jpeg,13.5.1915,1.0,Elbæk Strandsk.,1.0
1706955.jpeg,MISSING,0.0,MISSING,0.0
1705758.jpeg,24-5-1915,1.0,Stagen,1.0
1708740.jpeg,7.10.1872,1.0,"Vælå, Nøje",1.0
1709224.jpeg,5-10.1913,1.0,MISSING,0.0
1707578.jpeg,7.6.1990,1.0,Sose,1.0
1743890.jpeg,23-8-1953,1.0,"Ørgaard, Nørre Thy, Worm-Hansen",1.0
1709487.jpeg,MISSING,0.0,MISSING,0.0
1706498.jpeg,MISSING,0.0,MISSING,0.0
1706796.jpeg,22/7-4/8 1941,1.0,Gindeskov v. Skye,1.0
1706787.jpeg,18.6.1930,1.0,Hillerød,1.0
1705728.jpeg,MISSING,0.0,Lolland,1.0
1744533.jpeg,MISSING,0.0,MISSING,0.0
1705520.jpeg,Juni 81,1.0,Dyrehaven,1.0
1706924.jpeg,5.6.22,1.0,MISSING,0.0
1743506.jpeg,MISSING,0.0,MISSING,0.0
1743829.jpeg,16.6.1929,1.0,Tællinge skov,1.0
1707749.jpeg,24-II-1975,1.0,Harrild hede,1.0
1743861.jpeg,14-6-1914,1.0,Vandrup,1.0
1706308.jpeg,29.6.32,1.0,MISSING,0.0
1744688.jpeg,10-5-1956,1.0,Kongelunden,1.0
1744558.jpeg,MISSING,0.0,MISSING,0.0
1742783.jpeg,MISSING,0.0,MISSING,0.0
1706398.jpeg,21.VII.2004,1.0,Lodskovgade NEJ,1.0
1709093.jpeg,4-10-1944,1.0,Vamdrup,1.0
1709948.jpeg,196-19,1.0,Esbjerg,1.0
1728529.jpeg,28-5-55,1.0,Kollerød,1.0
1706309.jpeg,18.8.83,1.0,MISSING,0.0
1707277.jpeg,28.8.1953,1.0,Kagerup Sjælland,1.0
1705599.jpeg,Tidss. 15.5.10,1.0,MISSING,0.0
1707726.jpeg,24-5-1974,1.0,Skallingsø,1.0
1706221.jpeg,9-6-1922,1.0,Dyrehaven,1.0
1743016.jpeg,19.V.2022,1.0,"Denmark: Samsø, EJ: Følsdal Bakke, 55.9922N, 10.5515E, h30m",1.0
1728493.jpeg,1/5-1905,1.0,Vester Ulslev Haven,1.0
1728579.jpeg,28.VII.1987,1.0,Strandkær,1.0
1710344.jpeg,23-6-1961,1.0,"Midtjylland, Galgehøj, Hjarbek",1.0
1706941.jpeg,MISSING,0.0,Dyrehaven,1.0
1743800.jpeg,3/6-89/1,1.0,Eqholm,1.0
1706919.jpeg,25.9.21,1.0,Dyrehaven,1.0
1744539.jpeg,MISSING,0.0,MISSING,0.0
1707750.jpeg,8.VI.2003,1.0,Tofteskov NEJ,1.0
1707824.jpeg,MISSING,0.0,MISSING,0.0
1709396.jpeg,27.IV.2022,1.0,"DENMARK: NEZ: Helsingør, Grønne Vestkile, 56.0375N, 12.5598E",1.0
1705447.jpeg,6/1870,1.0,MISSING,0.0
1709916.jpeg,MISSING,0.0,MISSING,0.0
1707530.jpeg,21.5.88,1.0,Semvig,1.0
1706325.jpeg,7/1862,1.0,"Rørvig, Bornholm",1.0
1709323.jpeg,21-5-49,1.0,Eremitagen,1.0
1706100.jpeg,MISSING,0.0,MISSING,0.0
1709459.jpeg,3.7.1883,1.0,MISSING,0.0
1743843.jpeg,15/6/47,1.0,Nyborg-Lassen,1.0
1706200.jpeg,12-6-39,1.0,Saltholm,1.0
1707328.jpeg,MISSING,0.0,MISSING,0.0
1707264.jpeg,23.7.1998,1.0,Dyrehaven,1.0
1705697.jpeg,MISSING,0.0,MISSING,0.0
1744634.jpeg,15-5-1935,1.0,Skallingen,1.0
1728485.jpeg,MISSING,0.0,MISSING,0.0
1709074.jpeg,24.8.1986,1.0,Sølbholtvej,1.0
1742832.jpeg,11-5-84,1.0,Klampenborg Dyrehave,1.0
1707349.jpeg,7/6/1870,1.0,Borriholme,1.0
1743579.jpeg,MISSING,0.0,MISSING,0.0
1743720.jpeg,MISSING,0.0,MISSING,0.0
1744605.jpeg,MISSING,0.0,Plyggend Lindby station,1.0
1708751.jpeg,MISSING,0.0,MISSING,0.0
1707903.jpeg,26.8.1932,1.0,MISSING,0.0
1708398.jpeg,26.5.29,1.0,Tisvilde Hegn,1.0
1706934.jpeg,7/5/1870,1.0,Dyrehaven,1.0
1709755.jpeg,MISSING,0.0,MISSING,0.0
1710406.jpeg,8-0-1929,1.0,MISSING,0.0
1743704.jpeg,MISSING,0.0,MISSING,0.0
1709954.jpeg,28/7 1930,1.0,MISSING,0.0
1707208.jpeg,30-8-62,1.0,Dyrehaven,1.0
1742793.jpeg,MISSING,0.0,MISSING,0.0
1707444.jpeg,26/6 1896,1.0,MISSING,0.0
1742770.jpeg,2.8.6.1870,1.0,MISSING,0.0
1707599.jpeg,21.6.32,1.0,Skagen,1.0
1743911.jpeg,1-15 Aug. 1933,1.0,Frøslev v. Padborg,1.0
1744656.jpeg,19-6-1911,1.0,MISSING,0.0
1705949.jpeg,1.6.1967,1.0,MISSING,0.0
1707344.jpeg,7/6/1870,1.0,Ro Bornholms Kongelunden,1.0
1705798.jpeg,22.5.1902,1.0,MISSING,0.0
1706293.jpeg,14.V.2011,1.0,Røsnæsgård NWZ,1.0
1743838.jpeg,15.4.47,1.0,Lejre,1.0
1744477.jpeg,MISSING,0.0,MISSING,0.0
1706192.jpeg,7/6 1937,1.0,Svendborg Amt,1.0
1743034.jpeg,11.5.1982,1.0,Grib Skov,1.0
1705900.jpeg,Juni 1928,1.0,"Sjall, Tølløse",1.0
1743028.jpeg,31.V.1986,1.0,MISSING,0.0
1705551.jpeg,16-7-37,1.0,Rands Fj.,1.0
1706453.jpeg,MISSING,0.0,Jydske ÅS | ABORUDE,1.0
1707531.jpeg,MISSING,0.0,MISSING,0.0
1708011.jpeg,15/5-70,1.0,Lygte,1.0
1708460.jpeg,MISSING,0.0,MISSING,0.0
1706454.jpeg,$17/6/1871,1.0,Jydske M. Lyngslet,1.0
1709768.jpeg,12-5-1951,1.0,Haveskov,1.0
1706097.jpeg,MISSING,0.0,Dyrehaven,1.0
1707228.jpeg,17-7-1977,1.0,Jægerspr. N.S4,1.0
1728478.jpeg,MISSING,0.0,Lolland,1.0
1707729.jpeg,MISSING,0.0,MISSING,0.0
1708768.jpeg,9.87,1.0,Florup,1.0
1706042.jpeg,20.5.34,1.0,MISSING,0.0
1744602.jpeg,MISSING,0.0,MISSING,0.0
1743981.jpeg,14.V.1985,1.0,MISSING,0.0
1708754.jpeg,MISSING,0.0,MISSING,0.0
1706849.jpeg,24.10.1996,1.0,Rold Skov | Skørping | Uglegyldi | Næleskov,1.0
1743023.jpeg,21 Mai 1950,1.0,"Kagerup, Sjælland",1.0
1706286.jpeg,18-6-1956,1.0,MISSING,0.0
1743010.jpeg,19.V.2022,1.0,MISSING,0.0
1708392.jpeg,9-5-10-32,1.0,Magerlundegaard | Kb | Købelev,1.0
1728536.jpeg,7-6-1918,1.0,København,1.0
1706371.jpeg,MISSING,0.0,MISSING,0.0
1709207.jpeg,29.4.32,1.0,MISSING,0.0
1707483.jpeg,5-6-1942,1.0,Dyrehaven,1.0
1707126.jpeg,28.7.18,1.0,Qipuavag,1.0
1707742.jpeg,5-5-1974,1.0,SKALLINGEN,1.0
1708926.jpeg,22.8.79,1.0,MISSING,0.0
1706484.jpeg,MISSING,0.0,MISSING,0.0
1709780.jpeg,28 IX-1988,1.0,HARESKOV,1.0
1743982.jpeg,27.IV.1986,1.0,Brandholby Palm,1.0
1707900.jpeg,12.IV.2011,1.0,Sukkertoppen EJ,1.0
1709460.jpeg,26.2.1937,1.0,MISSING,0.0
1744482.jpeg,MISSING,0.0,MISSING,0.0
1709779.jpeg,14.VII.1991,1.0,RAMSØBØRGNÆVE,1.0
1743810.jpeg,16.6.1929,1.0,Lollinge skov,1.0
1706829.jpeg,12.16.1962,1.0,Tisvilde Hegn Nordsjælland,1.0
1705533.jpeg,MISSING,0.0,MISSING,0.0
1705708.jpeg,17/8-1902,1.0,Vester Ulslev Haven,1.0
1707251.jpeg,MISSING,0.0,MISSING,0.0
1744662.jpeg,30.5.95,1.0,Esbjerg,1.0
1705483.jpeg,29.5.1870,1.0,Syrhaov,1.0
1706840.jpeg,7-6-1971,1.0,MISSING,0.0
1708920.jpeg,26.8.1940,1.0,MISSING,0.0
1706082.jpeg,13/6/1870,1.0,Køge,1.0
1708436.jpeg,24.9.75,1.0,MISSING,0.0
1707977.jpeg,MISSING,0.0,MISSING,0.0
1708995.jpeg,MISSING,0.0,MISSING,0.0
1709526.jpeg,MISSING,0.0,MISSING,0.0
1705865.jpeg,20.5.95,1.0,MISSING,0.0
1728451.jpeg,MISSING,0.0,MISSING,0.0
1706046.jpeg,20.5.34,1.0,Riersø,1.0
1708877.jpeg,26-10-1972,1.0,"Marselisborg, Byh.",1.0
1708750.jpeg,MISSING,0.0,MISSING,0.0
1705792.jpeg,22-5-1915,1.0,MISSING,0.0
1706279.jpeg,18-6-1956,1.0,MISSING,0.0
1707918.jpeg,25.9.1932,1.0,MISSING,0.0
1744597.jpeg,MISSING,0.0,MISSING,0.0
1709107.jpeg,10-9-1935,1.0,Jy. Herning,1.0
1707594.jpeg,23.6.92,1.0,København,1.0
1743939.jpeg,30.5.1969,1.0,V.Sjælland Rønnes Kongstrup·KL,1.0
1707650.jpeg,2.6.1871,1.0,Vendsyssel,1.0
1708806.jpeg,23/11/1969,1.0,MISSING,0.0
1742782.jpeg,MISSING,0.0,MISSING,0.0
1705828.jpeg,17.6.1870,1.0,"Dyrehaven, Kongelunden",1.0
1709125.jpeg,25.9-1960,1.0,MISSING,0.0
1705801.jpeg,4.6.17,1.0,MISSING,0.0
1709852.jpeg,22.8.22,1.0,MISSING,0.0
1710367.jpeg,18.7.1926,1.0,Tjørsager,1.0
1705604.jpeg,MISSING,0.0,MISSING,0.0
1709222.jpeg,28.9.13,1.0,MISSING,0.0
1710334.jpeg,23-6-1961,1.0,"Midtjylland Galgehøj, Hjarbek",1.0
1709497.jpeg,MISSING,0.0,MISSING,0.0
1706131.jpeg,6/1862,1.0,"Alholm, Jægerspris, Kongelunden",1.0
1709974.jpeg,17-9-51,1.0,"Stubbergaard, Sevel",1.0
1709729.jpeg,10-5-63,1.0,MISSING,0.0
1743989.jpeg,26-9-1951,1.0,MISSING,0.0
1705849.jpeg,18/5/1890,1.0,Seloo,1.0
1707780.jpeg,6/1862,1.0,Jægerspris Kongelunden,1.0
1708818.jpeg,MISSING,0.0,MISSING,0.0
1709841.jpeg,19.7.1928,1.0,Broomingland,1.0
1710394.jpeg,20.6.09,1.0,MISSING,0.0
1709541.jpeg,MISSING,0.0,Lolland,1.0
1709138.jpeg,23.9.1973,1.0,Risø Roskilde,1.0
1709051.jpeg,9-7-78,1.0,Tommerup,1.0
1744581.jpeg,MISSING,0.0,MISSING,0.0
1743899.jpeg,13/6,1.0,"Ørgaard Nøre, Thy",1.0
1708894.jpeg,9-10-1972,1.0,Marselisborg,1.0
1707485.jpeg,8-6-1914,1.0,Vamdrup,1.0
1743042.jpeg,26.9.1922,1.0,MISSING,0.0
1707821.jpeg,MISSING,0.0,MISSING,0.0
1743959.jpeg,1.5.1974,1.0,MISSING,0.0
1707540.jpeg,MISSING,0.0,MISSING,0.0
1743948.jpeg,4-4-1953,1.0,Glumso øst-sku.,1.0
1706824.jpeg,24-7-1969,1.0,MISSING,0.0
1708694.jpeg,26-9-1969,1.0,Tranekær,1.0
1709847.jpeg,22.8.22,1.0,MISSING,0.0
1707004.jpeg,26/8/1899,1.0,Kjeldshov,1.0
1707274.jpeg,19-X-1976,1.0,Sundby storsk.,1.0
1707425.jpeg,MISSING,0.0,MISSING,0.0
1707566.jpeg,20-5-1956,1.0,MISSING,0.0
1707426.jpeg,18 Mai 1889,1.0,Lindum K. Omild,1.0
1706435.jpeg,9/6/1871,1.0,MISSING,0.0
1705605.jpeg,MISSING,0.0,MISSING,0.0
1707452.jpeg,21-5-49,1.0,Eremilagen,1.0
1705918.jpeg,1-6-50,1.0,"Hestehaven, Hillerød",1.0
1705649.jpeg,1883,1.0,MISSING,0.0
1709186.jpeg,29-8-1952,1.0,Dyrehaven,1.0
1707473.jpeg,14-5-1914,1.0,Vamdrup,1.0
1705633.jpeg,21.7.1974,1.0,MISSING,0.0
1744564.jpeg,MISSING,0.0,Mus. Løv.,1.0
1709476.jpeg,MISSING,0.0,MISSING,0.0
1707845.jpeg,MISSING,0.0,MISSING,0.0
1708438.jpeg,1964 Oktober,1.0,Bornholm Lomholdt,1.0
1743500.jpeg,1993,1.0,"Kjøgegård, Næved, Bøje",1.0
1706915.jpeg,10.8.1999,1.0,Byghavn,1.0
1706830.jpeg,1.7.28,1.0,MISSING,0.0
1708807.jpeg,23-10-1971,1.0,"Sjælland, N-Jylland, Snægum Strandkyst",1.0
1707366.jpeg,MISSING,0.0,MISSING,0.0
1707675.jpeg,MISSING,0.0,MISSING,0.0
1743583.jpeg,MISSING,0.0,MISSING,0.0
1743879.jpeg,14.4.1949,1.0,Rüde skov,1.0
1709581.jpeg,16.4.1870,1.0,Dyrehaven,1.0
1743922.jpeg,22-10-1971,1.0,"Sjælland, Skagen, Strandpart",1.0
1728565.jpeg,MISSING,0.0,MISSING,0.0
1743014.jpeg,19.V.2022,1.0,"Denmark: Samsø: EJ: Følsdal Bakke, 55.9922N, 10.5515E, h30m",1.0
1743799.jpeg,3/5-1942,1.0,Tisvilde Hegn ved Aaserbro,1.0
1705444.jpeg,15/5-1870,1.0,Dyrehaven,1.0
1709027.jpeg,13/9/1887,1.0,København,1.0
1706040.jpeg,30.5.34,1.0,Peersø,1.0
1743985.jpeg,1. VII. 1986,1.0,NEJ: Hjalle,1.0
1707463.jpeg,2.6.1943,1.0,Dyrehaven,1.0
1744665.jpeg,22.8.88,1.0,MISSING,0.0
1709197.jpeg,26-8-1956,1.0,Nekselø V.,1.0
1710404.jpeg,1927-06-07,1.0,MISSING,0.0
1705542.jpeg,28/5/1939,1.0,"Ristinge, Svendborg Amt",1.0
1708802.jpeg,13.10.46,1.0,MISSING,0.0
1707080.jpeg,29-5-1951,1.0,Dyrehaven,1.0
1705863.jpeg,9/900,1.0,Burnstag,1.0
1706433.jpeg,17/6/1871,1.0,"Brøndbyvej, Læsø, Hjørring",1.0
1705494.jpeg,MISSING,0.0,MISSING,0.0
1709120.jpeg,19-9-1953,1.0,Dyrehaven,1.0
1743491.jpeg,3.9.6.1870,1.0,"Bigå ved Rønne, Nogstdorff",1.0
1709592.jpeg,9.96,1.0,Næsbjæved | Fredroms Jyll.,1.0
1709445.jpeg,18.7.30,1.0,Madum Sø,1.0
1743836.jpeg,13-8-36,1.0,Hindshohn,1.0
1709927.jpeg,2018.8.8,1.0,Frederiksværk Kastelmosse,1.0
1742774.jpeg,MISSING,0.0,MISSING,0.0
1705419.jpeg,25-6-1913,1.0,MISSING,0.0
1706445.jpeg,14/6/871,1.0,Jernsæng-hvidt Lyngdale,1.0
1706981.jpeg,MISSING,0.0,MISSING,0.0
1709988.jpeg,9-8-1933,1.0,MISSING,0.0
1709530.jpeg,MISSING,0.0,MISSING,0.0
1708759.jpeg,10/1873,1.0,"Kasker, Horneby, Boye",1.0
1709640.jpeg,MISSING,0.0,MISSING,0.0
1708416.jpeg,15-9-1960,1.0,Jægerspris N-sk.,1.0
1707317.jpeg,22.5.22,1.0,Søllerød,1.0
1707898.jpeg,2.IV.1983,1.0,Sandmilen v Skagen NEJ,1.0
1705756.jpeg,7-6-1964,1.0,MISSING,0.0
1709491.jpeg,MISSING,0.0,MISSING,0.0
1707984.jpeg,6/15/1870,1.0,Dyrehaven i Hjortegårdning,1.0
1728488.jpeg,1.6.74,1.0,Si-Ekelyg | Jensen-Haarup,1.0
1706137.jpeg,MISSING,0.0,MISSING,0.0
1710373.jpeg,14.6.1990,1.0,Hammershus,1.0
1709298.jpeg,11/5-1896,1.0,"Nørrebro, Nørrebro",1.0
1709479.jpeg,MISSING,0.0,MISSING,0.0
1706404.jpeg,21.VII.2009,1.0,Lodskovvad NEJ,1.0
1705437.jpeg,27.5.27,1.0,Sjælland,1.0
1744707.jpeg,4.5.1978,1.0,Tissø,1.0
1743756.jpeg,6/8 1930,1.0,Ribe,1.0
1743576.jpeg,MISSING,0.0,MISSING,0.0
1707230.jpeg,13.8.88,1.0,Bojneb,1.0
1707324.jpeg,MISSING,0.0,MISSING,0.0
1707858.jpeg,MISSING,0.0,MISSING,0.0
1705855.jpeg,2.5.1913,1.0,Silkeborg,1.0
1742740.jpeg,MISSING,0.0,MISSING,0.0
1706199.jpeg,1922-8-7,1.0,Sandvig,1.0
1706757.jpeg,7/7/1930,1.0,Længö,1.0
1709932.jpeg,6.8.81,1.0,Tjørshøj,1.0
1744446.jpeg,19.5.1947,1.0,Høeg,1.0
1743011.jpeg,19.V.2022,1.0,"Denmark: Samsoe, EJ: Folsdal Bakke, 55.9922N, 10.5515E, h30m",1.0
1707631.jpeg,MISSING,0.0,MISSING,0.0
1706491.jpeg,MISSING,0.0,MISSING,0.0
1708823.jpeg,MISSING,0.0,MISSING,0.0
1743918.jpeg,21-6. 1963,1.0,"Tisvilde Høgn, Nordsjælland",1.0
1743967.jpeg,MISSING,0.0,MISSING,0.0
1708439.jpeg,19.64,1.0,Bornholmen | Lomholtet,1.0
1709219.jpeg,25.9.1913,1.0,MISSING,0.0
1709915.jpeg,MISSING,0.0,MISSING,0.0
1707843.jpeg,MISSING,0.0,MISSING,0.0
1705910.jpeg,31-5-1917,1.0,MISSING,0.0
1707059.jpeg,1.7.28,1.0,MISSING,0.0
1709835.jpeg,7.1883,1.0,Faaborg,1.0
1706000.jpeg,26.VI.2004,1.0,Hald Ege EJ,1.0
1709067.jpeg,11/9 1935,1.0,Svendborg Amt,1.0
1707565.jpeg,21-6-1956,1.0,MISSING,0.0
1743710.jpeg,3/4 1890,1.0,"SKIBBY, SJ.",1.0
1707150.jpeg,13/8-1888,1.0,Bogøgade i Hjørundgade | Hjørundgade,1.0
1707196.jpeg,27/7/18,1.0,Dyrehaven,1.0
1705619.jpeg,14-5-1954,1.0,Kulhuse,1.0
1743527.jpeg,MISSING,0.0,Kulhuset Jægerspris,1.0
1728467.jpeg,MISSING,0.0,MISSING,0.0
1706262.jpeg,23/8/80,1.0,Føerg.,1.0
1706171.jpeg,MISSING,0.0,MISSING,0.0
1706146.jpeg,MISSING,0.0,MISSING,0.0
1728537.jpeg,23-3-1915,1.0,Skagen,1.0
1706999.jpeg,MISSING,0.0,Lolland,1.0
1709372.jpeg,12-10-1952,1.0,Dyrehaven,1.0
1705695.jpeg,9.6.1870,1.0,"Bjælvede, Ribe, Ribejysk, Djursland",1.0
1705420.jpeg,25.6.18/3,1.0,MISSING,0.0
1707170.jpeg,MISSING,0.0,MISSING,0.0
1709168.jpeg,MISSING,0.0,MISSING,0.0
1707982.jpeg,15.5.1870,1.0,Kb | Dyrehaven,1.0
1706867.jpeg,27.7.32,1.0,Jægerskøbing,1.0
1706790.jpeg,1835,1.0,MISSING,0.0
1709429.jpeg,27.IV.2022,1.0,"DENMARK: NEZ: Hellebæk Avlsgård, Kohave, 56.0554N, 12.5439E",1.0
1708937.jpeg,MISSING,0.0,MISSING,0.0
1706210.jpeg,5-6-1922,1.0,Dyrehaven,1.0
1708925.jpeg,22.8.22,1.0,MISSING,0.0
1743726.jpeg,23-8-1953,1.0,Ørgaard Nors Thy,1.0
1708426.jpeg,8-9-1970,1.0,MISSING,0.0
1708672.jpeg,7/10 1930,1.0,København,1.0
1709357.jpeg,MISSING,0.0,MISSING,0.0
1708993.jpeg,16/4/1870,1.0,Dyrehaven,1.0
1705575.jpeg,1.11.1966,1.0,Jægerspris,1.0
1708356.jpeg,25-5-1914,1.0,Vandrup,1.0
1744696.jpeg,10-5-1956,1.0,Kongelunden,1.0
1707865.jpeg,MISSING,0.0,MISSING,0.0
1709517.jpeg,MISSING,0.0,MISSING,0.0
1708866.jpeg,16.13.74,1.0,MISSING,0.0
1706266.jpeg,MISSING,0.0,MISSING,0.0
1707923.jpeg,MISSING,0.0,MISSING,0.0
1705898.jpeg,1/8/1930,1.0,Jybbol,1.0
1706835.jpeg,22-5-1965,1.0,"V.Sjælland Rønnes Kongstrup,KL",1.0
1708451.jpeg,Verterfallet 4-81,1.0,Tverrfallet,1.0
1708671.jpeg,23.9.89,1.0,MISSING,0.0
1707878.jpeg,MISSING,0.0,MISSING,0.0
1709735.jpeg,10-5-63,1.0,MISSING,0.0
1707035.jpeg,29-5-38,1.0,MISSING,0.0
1707667.jpeg,MISSING,0.0,MISSING,0.0
1708897.jpeg,9-10-1972,1.0,Marselisborg,1.0
1706843.jpeg,16.7.1976,1.0,MISSING,0.0
1705598.jpeg,13.6.86,1.0,Fjæsildt,1.0
1709347.jpeg,MISSING,0.0,MISSING,0.0
1709293.jpeg,MISSING,0.0,MISSING,0.0
1708858.jpeg,1.11.59,1.0,Silkeborg,1.0
1709005.jpeg,MISSING,0.0,Lolland,1.0
1728457.jpeg,MISSING,0.0,MISSING,0.0
1707340.jpeg,MISSING,0.0,MISSING,0.0
1709284.jpeg,MISSING,0.0,MISSING,0.0
1707458.jpeg,1.11.1966,1.0,Tisvilde Hegn,1.0
1709322.jpeg,30-5-1945,1.0,Skagen,1.0
1707361.jpeg,29/6/1870,1.0,Dyrehaven,1.0
1705654.jpeg,15.7.37,1.0,MISSING,0.0
1707498.jpeg,6.6.22,1.0,MISSING,0.0
1744628.jpeg,23/1/1936,1.0,Rudkøbing | Svendborg Amt,1.0
1705674.jpeg,13/6/1870,1.0,Ryune,1.0
1709368.jpeg,6-4-1952,1.0,Dyrehaven,1.0
1742822.jpeg,2/6/1908,1.0,Kjeldskov,1.0
1706942.jpeg,19/5-1870,1.0,Dyrehaven,1.0
1744637.jpeg,25-5-53,1.0,Tisvilde Strand,1.0
1709409.jpeg,27.IV.2022,1.0,"NEZ: Helsingør, Grønne Vestkile, 56.0375N, 12.5598E",1.0
1706401.jpeg,21.VII.2004,1.0,Loebskovvad NEJ,1.0
1708430.jpeg,21.X. 1976,1.0,MISSING,0.0
1742995.jpeg,13-7-1951,1.0,Dragstrup,1.0
1707752.jpeg,8.VI.2003,1.0,Tofte Skov NEJ,1.0
1710379.jpeg,29. august 1993,1.0,"Kongstrup, Rosnæs",1.0
1707718.jpeg,17-6-1908,1.0,MISSING,0.0
1707085.jpeg,29-5-1951,1.0,Dyrehaven,1.0
1708848.jpeg,12-IV-1976,1.0,Ejstrupholm,1.0
1710410.jpeg,8-6-1929,1.0,Høeg,1.0
1705669.jpeg,MISSING,0.0,MISSING,0.0
1707413.jpeg,21/5 86,1.0,MISSING,0.0
1708686.jpeg,23.10.32,1.0,Strib Skov,1.0
1706211.jpeg,30-6-1912,1.0,Sandbjerg,1.0
1708727.jpeg,20.10.1916,1.0,MISSING,0.0
1743575.jpeg,2/7/1872,1.0,MISSING,0.0
1709972.jpeg,17-7-51,1.0,"Stübergård, Sevel",1.0
1705685.jpeg,6/1870,1.0,Ryge,1.0
1709623.jpeg,1903,1.0,Rejsbylund,1.0
1707371.jpeg,MISSING,0.0,MISSING,0.0
1705624.jpeg,14-5-1954,1.0,Kulhuse,1.0
1707908.jpeg,26.9.1922,1.0,Dyrehaven,1.0
1706386.jpeg,MISSING,0.0,MISSING,0.0
1709788.jpeg,14.IV.1995,1.0,MALTRUP,1.0
1743745.jpeg,25-8-1920,1.0,MISSING,0.0
1709043.jpeg,MISSING,0.0,MISSING,0.0
1705688.jpeg,9.3/6.1870,1.0,København,1.0
1709389.jpeg,30.5. 1947,1.0,Vedersø Jylland,1.0
1707748.jpeg,5-5-1974,1.0,SKALLINGEN,1.0
1707129.jpeg,4.9.70,1.0,Dyrehaven,1.0
1709249.jpeg,7/14/20,1.0,MISSING,0.0
1742752.jpeg,19.7.22,1.0,Jørlinggård,1.0
1706492.jpeg,MISSING,0.0,MISSING,0.0
1706104.jpeg,MISSING,0.0,MISSING,0.0
1709844.jpeg,7.1883,1.0,Taalborg,1.0
1707635.jpeg,6/1871,1.0,MISSING,0.0
1742725.jpeg,5.6.22,1.0,Dyrehaven,1.0
1743722.jpeg,MISSING,0.0,MISSING,0.0
1742808.jpeg,MISSING,0.0,MISSING,0.0
1709745.jpeg,MISSING,0.0,MISSING,0.0
1708938.jpeg,19/9/1872,1.0,Dyrehaven,1.0
1743702.jpeg,MISSING,0.0,MISSING,0.0
1707651.jpeg,MISSING,0.0,MISSING,0.0
1743858.jpeg,10-5-63,1.0,Faxe,1.0
1706166.jpeg,1/8.1901,1.0,"Sandager, Hollandsal",1.0
1708748.jpeg,MISSING,0.0,MISSING,0.0
1705972.jpeg,MISSING,0.0,MISSING,0.0
1709283.jpeg,MISSING,0.0,MISSING,0.0
1706500.jpeg,MISSING,0.0,MISSING,0.0
1707372.jpeg,13/5/1870,1.0,Aldershvile,1.0
1706513.jpeg,Septbr.1887,1.0,Aalborg,1.0
1744593.jpeg,MISSING,0.0,MISSING,0.0
1707225.jpeg,17-7-1997,1.0,Jægerspr. N-84,1.0
1708336.jpeg,Juli 1931,1.0,"Værsgrnd, Aalbæk",1.0
1707698.jpeg,MISSING,0.0,MISSING,0.0
1706996.jpeg,MISSING,0.0,Lolland,1.0
1706267.jpeg,MISSING,0.0,MISSING,0.0
1742765.jpeg,MISSING,0.0,MISSING,0.0
1709253.jpeg,6/4/1870,1.0,MISSING,0.0
1743742.jpeg,9.7.96,1.0,Allinga Avlsgaard,1.0
1707280.jpeg,17-6-1924,1.0,MISSING,0.0
1707045.jpeg,25-8-1914,1.0,Vamdrup,1.0
1709001.jpeg,MISSING,0.0,MISSING,0.0
1709906.jpeg,MISSING,0.0,MISSING,0.0
1709098.jpeg,22.8.22,1.0,MISSING,0.0
1743568.jpeg,MISSING,0.0,MISSING,0.0
1743983.jpeg,ii·VII·1987,1.0,MISSING,0.0
1707693.jpeg,MISSING,0.0,MISSING,0.0
1708756.jpeg,3.10.1873,1.0,"Køge, Hornbæk, Boye",1.0
1707342.jpeg,4.6.1870,1.0,"København, Nørrebro, Skovvej 28, 18. August 1870",1.0
1744478.jpeg,MISSING,0.0,Oljergård,1.0
1743006.jpeg,25.8.17,1.0,Raggeleje,1.0
1728604.jpeg,22/5/1917,1.0,"Vestre Ulslev, Vestermose",1.0
1707499.jpeg,23.7.12,1.0,MISSING,0.0
1743565.jpeg,MISSING,0.0,MISSING,0.0
1744629.jpeg,23/1/1936,1.0,"Svendborg Amt, Rudkøbing",1.0
1743541.jpeg,MISSING,0.0,MISSING,0.0
1705647.jpeg,8.8.1936,1.0,"Arnager, Flørsen",1.0
1707302.jpeg,19.7.1928,1.0,Grønningland,1.0
1728587.jpeg,10.6.1979,1.0,Østrig,1.0
1707596.jpeg,6.6.1924,1.0,Streagen,1.0
1707376.jpeg,MISSING,0.0,MISSING,0.0
1709402.jpeg,27.IV.2022,1.0,"DENMARK: NEZ: Helsingør, Grønne Vestkile, 56.0375N, 12.5598E",1.0
1707070.jpeg,MISSING,0.0,MISSING,0.0
1743892.jpeg,23-8-1953,1.0,"Ørgaard Nors, Thy",1.0
1709277.jpeg,MISSING,0.0,MISSING,0.0
1706379.jpeg,11.8.64,1.0,"Nykjöp, Lyg",1.0
1709085.jpeg,3-9-1915,1.0,MISSING,0.0
1706469.jpeg,MISSING,0.0,MISSING,0.0
1744560.jpeg,MISSING,0.0,MISSING,0.0
1743920.jpeg,219 - 1961,1.0,Tisvilde Hegn Nordsjælland,1.0
1708043.jpeg,8/5-1936,1.0,Svendborg Amt,1.0
1707067.jpeg,Haab 25.8.89,1.0,MISSING,0.0
1743874.jpeg,6-9-49,1.0,"Sønderskov, Hövelte",1.0
1705711.jpeg,MISSING,0.0,MISSING,0.0
1709131.jpeg,25.9.1969,1.0,MISSING,0.0
1705924.jpeg,29.6.1948,1.0,"Jydelægt, Møn",1.0
1706031.jpeg,19.V.2022,1.0,"Denmark: Samsø: EJ: Følsdal Bakke, 55.9922N, 10.5515E, h30m",1.0
1709485.jpeg,MISSING,0.0,MISSING,0.0
1706092.jpeg,MISSING,0.0,MISSING,0.0
1705750.jpeg,8-7-60,1.0,Vslr. Sömark,1.0
1707223.jpeg,28-8-1976,1.0,Krenkerup,1.0
1705851.jpeg,25/5/1896,1.0,Ålbæk,1.0
1744670.jpeg,19/5/18,1.0,MISSING,0.0
1706881.jpeg,30-7-44,1.0,Kongelund,1.0
1707849.jpeg,16-7-95,1.0,Kulhuset Jægerspris,1.0
1707007.jpeg,18/5-1901,1.0,Ulslev,1.0
1706156.jpeg,MISSING,0.0,Lolland,1.0
1710383.jpeg,? - VIII - 1976,1.0,Agernæs Nordfyn,1.0
1709838.jpeg,7.1883,1.0,Faaborg,1.0
1743830.jpeg,Juni 1933,1.0,Hellerød,1.0
1742794.jpeg,MISSING,0.0,Boserup,1.0
1743750.jpeg,27.7.03,1.0,MISSING,0.0
1742736.jpeg,MISSING,0.0,MISSING,0.0
1707753.jpeg,21 Mai 1950,1.0,"Kagerup, Själl.",1.0
1705586.jpeg,8-6/1958,1.0,MISSING,0.0
1705836.jpeg,MISSING,0.0,MISSING,0.0
1705705.jpeg,17/8-1902,1.0,"Vester Visthuus, Havns",1.0
1706421.jpeg,17/6/1871,1.0,"Drumsælgs Avlsgård, Østerndal",1.0
1743888.jpeg,1/8 1938,1.0,"Arnum, Sønderjylland",1.0
1709415.jpeg,27.IV.2022,1.0,"DENMARK: NEZ: Helsingør, Grønne Vestkile, 56.0375N, 12.5598E",1.0
1706153.jpeg,MISSING,0.0,MISSING,0.0
1709226.jpeg,10.1904,1.0,Påbehøj,1.0
1742776.jpeg,MISSING,0.0,MISSING,0.0
1706848.jpeg,17.8.1974,1.0,MISSING,0.0
1707294.jpeg,2-8-1931,1.0,MISSING,0.0
1707220.jpeg,28-8-1996,1.0,Krenkerup,1.0
1707453.jpeg,21-5-49,1.0,Eremilagen,1.0
1707049.jpeg,1.11.1966,1.0,MISSING,0.0
1707838.jpeg,MISSING,0.0,MISSING,0.0
1707528.jpeg,23/2/87,1.0,Tøning Havn,1.0
1705753.jpeg,22-7-60,1.0,Vstr. Sømærk.,1.0
1710349.jpeg,19-7-1959,1.0,S.Sjælland Mogensstrup,1.0
1707947.jpeg,6/1870,1.0,Bjørnshavn,1.0
1707687.jpeg,MISSING,0.0,MISSING,0.0
1710339.jpeg,23-6-1961,1.0,"Midtjylland Galgeshøj, Hjarbek",1.0
1706135.jpeg,MISSING,0.0,MISSING,0.0
1705715.jpeg,MISSING,0.0,MISSING,0.0
1707469.jpeg,5-6-1922,1.0,Dyrehaven,1.0
1708870.jpeg,26.10.1972,1.0,Marselshøg Dyreh.,1.0
1705866.jpeg,20.5.1918,1.0,Frekroner | Kappt. Wielands leg.,1.0
1744645.jpeg,9-5-48,1.0,Skallingen,1.0
1709761.jpeg,12-10-1952,1.0,Dyrehaven,1.0
1706297.jpeg,19.V.2022,1.0,MISSING,0.0
1706416.jpeg,16.5.1896,1.0,MISSING,0.0
1743941.jpeg,23-5-1965,1.0,Røsnes Kongstrup Kl,1.0
1709461.jpeg,26.9.1939,1.0,MISSING,0.0
1706810.jpeg,10/8 1968,1.0,Ringkøbing: Vedersø Klit Strandopskyl,1.0
1705594.jpeg,5.6.1976,1.0,MISSING,0.0
1744556.jpeg,MISSING,0.0,MISSING,0.0
1707559.jpeg,26-6-1955,1.0,MISSING,0.0
1707414.jpeg,20.5.95,1.0,MISSING,0.0
1743513.jpeg,MISSING,0.0,MISSING,0.0
1707437.jpeg,9/5-20,1.0,Børstinge Mose,1.0
1705458.jpeg,MISSING,0.0,MISSING,0.0
1743041.jpeg,26.9.1922,1.0,MISSING,0.0
1708886.jpeg,13.10.1991,1.0,Marselisborg,1.0
1708834.jpeg,MISSING,0.0,MISSING,0.0
1707855.jpeg,22-5-1965,1.0,Kongshøj Klint,1.0
1707557.jpeg,26-6-1955,1.0,Lindholm,1.0
1707255.jpeg,MISSING,0.0,MISSING,0.0
1707850.jpeg,23 Mai 1986,1.0,Grønderborg,1.0
1706028.jpeg,19.V.2022,1.0,"Samsø, EJ: Følsdal Bakke, 55.9922N, 10.5515E, h30m",1.0
1708909.jpeg,22.8.1915,1.0,MISSING,0.0
1706932.jpeg,19/5-1870,1.0,MISSING,0.0
1710335.jpeg,23-6-1961,1.0,"Midtjylland | Galgeshøj, Hjarbek",1.0
1707069.jpeg,25/6/11,1.0,MISSING,0.0
1742747.jpeg,MISSING,0.0,MISSING,0.0
1707379.jpeg,MISSING,0.0,MISSING,0.0
1742762.jpeg,6/5/1870,1.0,Dyrehaven,1.0
1707709.jpeg,Juli 1877,1.0,MISSING,0.0
1708660.jpeg,MISSING,0.0,MISSING,0.0
1705759.jpeg,24-5-1915,1.0,Skagen,1.0
1709031.jpeg,29.8.1902,1.0,Strandby Skoven - ved Fjorøen,1.0
1707545.jpeg,MISSING,0.0,MISSING,0.0
1707456.jpeg,12-6-50,1.0,Jægerspris,1.0
1706147.jpeg,MISSING,0.0,MISSING,0.0
1705970.jpeg,MISSING,0.0,MISSING,0.0
1707896.jpeg,15-10-1974,1.0,Østbirk,1.0
1709286.jpeg,MISSING,0.0,MISSING,0.0
1743755.jpeg,13/7 1930,1.0,Jaro.,1.0
1706437.jpeg,19/6/1871,1.0,MISSING,0.0
1707902.jpeg,12.IV.2011,1.0,Sukkertoppen Ed,1.0
1744610.jpeg,15/4/97 | 5/90 | Jun 96,1.0,Njøppling Fx | Fanø | Juli 95,1.0
1705765.jpeg,23-5-1915,1.0,Skagen,1.0
1743495.jpeg,6/6/64,1.0,Kulhuset Jægerspris,1.0
1708758.jpeg,10/1873,1.0,"Kask, Hovsens Boye",1.0
1743984.jpeg,29. IV. 1986,1.0,MISSING,0.0
1708883.jpeg,26-10-1992,1.0,MISSING,0.0
1705516.jpeg,MISSING,0.0,MISSING,0.0
1707766.jpeg,MISSING,0.0,MISSING,0.0
1709160.jpeg,MISSING,0.0,MISSING,0.0
1709814.jpeg,12.IV.2011,1.0,Sukkertoppen EJ,1.0
1707073.jpeg,MISSING,0.0,MISSING,0.0
1709328.jpeg,1.11.1966,1.0,Dyrehaven,1.0
1743866.jpeg,36-6-1909,1.0,Silkeborg,1.0
1706906.jpeg,3-5-1916,1.0,MISSING,0.0
1708679.jpeg,1/10/1925,1.0,"Sjælland, Gladsaxe",1.0
1707114.jpeg,17-19.8.1931,1.0,Dyrehaven,1.0
1706449.jpeg,17/6/71,1.0,"Jydske Rås, Løvendal",1.0
1743046.jpeg,25-2-1921,1.0,MISSING,0.0
1743938.jpeg,30.10.1964,1.0,V.Sjælland Røsnæs Kongstrupe KL,1.0
1743835.jpeg,Vorso 1930,1.0,S. V. Tuxenleg,1.0
1707866.jpeg,MISSING,0.0,MISSING,0.0
1709812.jpeg,16.1.1989,1.0,MISSING,0.0
1706249.jpeg,9-6-1971,1.0,MISSING,0.0
1705500.jpeg,19.5.1876,1.0,"Aldershvile, Kb",1.0
1709000.jpeg,MISSING,0.0,MISSING,0.0
1708002.jpeg,MISSING,0.0,Lolland,1.0
1707050.jpeg,21-5-49,1.0,Eremilagen,1.0
1709308.jpeg,MISSING,0.0,MISSING,0.0
1742993.jpeg,14-5-1953,1.0,Kulhuse,1.0
1709080.jpeg,19-9-36,1.0,Kloster,1.0
1707901.jpeg,12.IV.2011,1.0,Sukkertoppen EJ,1.0
1708831.jpeg,MISSING,0.0,MISSING,0.0
1709371.jpeg,12-10-1952,1.0,Dyrehaven,1.0
1742767.jpeg,MISSING,0.0,MISSING,0.0
1707419.jpeg,7/7/1906,1.0,Løgstrup,1.0
1744690.jpeg,10-5-1956,1.0,Kongelunden,1.0
1709943.jpeg,16/7/1907,1.0,Kjeldshov med Stranden,1.0
1743773.jpeg,9/8/1930,1.0,"Jy., Velling.",1.0
1710352.jpeg,26-8-1956,1.0,MISSING,0.0
1705421.jpeg,25.6.13,1.0,MISSING,0.0
1710376.jpeg,Kongelund,1.0,MISSING,0.0
1743032.jpeg,11.5.1982,1.0,MISSING,0.0
1706074.jpeg,17.6.1939,1.0,MISSING,0.0
1742830.jpeg,10-5-84,1.0,Hørningshøj Dyrehave,1.0
1708678.jpeg,MISSING,0.0,MISSING,0.0
1743774.jpeg,11.7.1926,1.0,"Køge, Sjælland",1.0
1706213.jpeg,17-6-1922,1.0,Dyrehaven,1.0
1709362.jpeg,16/4/70,1.0,MISSING,0.0
1707075.jpeg,MISSING,0.0,MISSING,0.0
1705901.jpeg,2/6/1929,1.0,Svendborg Amt,1.0
1709750.jpeg,MISSING,0.0,MISSING,0.0
1706261.jpeg,26.8.87,1.0,MISSING,0.0
1707533.jpeg,MISSING,0.0,MISSING,0.0
1709833.jpeg,28.7.1923,1.0,MISSING,0.0
1743926.jpeg,1974,1.0,MISSING,0.0
1707909.jpeg,10.6.30,1.0,MISSING,0.0
1706204.jpeg,16-7-95,1.0,Dyrehaven,1.0
1708471.jpeg,MISSING,0.0,MISSING,0.0
1709299.jpeg,2/5-1910,1.0,MISSING,0.0
1708792.jpeg,10/73,1.0,Rask Mortens Boye,1.0
1743782.jpeg,13-8-36,1.0,Hinds Holm,1.0
1707689.jpeg,MISSING,0.0,MISSING,0.0
1728591.jpeg,27-V-1978,1.0,Halk JS,1.0
1707112.jpeg,3.9.1924,1.0,MISSING,0.0
1709213.jpeg,26.10.31,1.0,Dyrehaven,1.0
1708047.jpeg,MISSING,0.0,MISSING,0.0
1744589.jpeg,Juli 1820,1.0,Hellelund,1.0
1728522.jpeg,10/5-1935,1.0,Svendborg Amt,1.0
1706448.jpeg,7/14/6+1871,1.0,"Kongelingenlund, Kjøbenhavnskvarteret",1.0
1707316.jpeg,20.5.22,1.0,Søllerød,1.0
1707043.jpeg,5-6-1922,1.0,Dyrehaven,1.0
1709793.jpeg,6.5.1978,1.0,Svinø Strand,1.0
1706794.jpeg,1945,1.0,"Roden Skov, Lolland",1.0
1743499.jpeg,MISSING,0.0,MISSING,0.0
1706772.jpeg,19-7-1908,1.0,Bunngsted,1.0
1709383.jpeg,1.5.1997,1.0,Dyrehaven,1.0
1709486.jpeg,MISSING,0.0,MISSING,0.0
1742978.jpeg,MISSING,0.0,MISSING,0.0
1707046.jpeg,7-6-1922,1.0,Dyrehaven,1.0
1707945.jpeg,6/1870,1.0,MISSING,0.0
1705707.jpeg,17/8/1902,1.0,Vestre Ulslev Haven,1.0
1709069.jpeg,11/9 1935,1.0,Svendborg Amt,1.0
1705999.jpeg,16.V,1.0,"Roslev, NWJ | Skimlet, Halm, Hø",1.0
1743508.jpeg,MISSING,0.0,MISSING,0.0
1706767.jpeg,2/8/1926,1.0,"Vestjylland, Dronninglund Skov",1.0
1743592.jpeg,MISSING,0.0,MISSING,0.0
1707904.jpeg,26.9.1922,1.0,Dyrehaven,1.0
1708010.jpeg,4/5/1888,1.0,København,1.0
1708910.jpeg,22.8.15,1.0,MISSING,0.0
1743548.jpeg,MISSING,0.0,MISSING,0.0
1707185.jpeg,MISSING,0.0,MISSING,0.0
1707025.jpeg,12/7 1939,1.0,Svendborg Amt,1.0
1708783.jpeg,MISSING,0.0,MISSING,0.0
1709059.jpeg,MISSING,0.0,MISSING,0.0
1705451.jpeg,27/5/1870,1.0,Dyrehaven,1.0
1709925.jpeg,MISSING,0.0,MISSING,0.0
1707276.jpeg,20-VIII-1976,1.0,Maltrup,1.0
1707851.jpeg,23 Mai 1888,1.0,Randersborg,1.0
1708440.jpeg,13-4-1963,1.0,Nødebohuse Halsnæs,1.0
1707820.jpeg,MISSING,0.0,MISSING,0.0
1706462.jpeg,17/6-1871,1.0,Jydske Ås,1.0
1706026.jpeg,18.V.2022,1.0,"Denmark: Samsø: EJ: Følsdal Bakke, 55.9922N, 10.5515E, h30m",1.0
1743865.jpeg,12-6-1907,1.0,MISSING,0.0
1744699.jpeg,5.11-6-1960,1.0,SV.Jylland Skallingen,1.0
1709996.jpeg,12.9.88,1.0,MISSING,0.0
1709555.jpeg,MISSING,0.0,MISSING,0.0
1709386.jpeg,12.IV.2011,1.0,Sukkerbømm EJ,1.0
1708346.jpeg,Novr 13/9 41,1.0,MISSING,0.0
1706518.jpeg,MISSING,0.0,MISSING,0.0
1708857.jpeg,1.11.59,1.0,"Sjælland, Silkeborg",1.0
1709325.jpeg,13-4-49,1.0,Dyrehaven,1.0
1706338.jpeg,MISSING,0.0,MISSING,0.0
1743719.jpeg,19/5/1896,1.0,"Nyrum Heide, Kogpenning",1.0
1743806.jpeg,25-7-42,1.0,Kongsgårn ved Skæring,1.0
1708017.jpeg,MISSING,0.0,MISSING,0.0
1705957.jpeg,16.6.929,1.0,Bellinge akov,1.0
1743932.jpeg,24.4.41,1.0,MISSING,0.0
1709330.jpeg,23-10-57,1.0,Eremitagen,1.0
1709966.jpeg,12.8.1937,1.0,Svendborg Amt,1.0
1707258.jpeg,MISSING,0.0,MISSING,0.0
1743803.jpeg,29.9-19.32,1.0,Skallingen,1.0
1708689.jpeg,18.10.41,1.0,MISSING,0.0
1706472.jpeg,MISSING,0.0,MISSING,0.0
1708998.jpeg,MISSING,0.0,MISSING,0.0
1709318.jpeg,22-5-1907,1.0,MISSING,0.0
1705897.jpeg,7/7/1930,1.0,Langø,1.0
1707706.jpeg,2015-7-5,1.0,Jydske,1.0
1708830.jpeg,MISSING,0.0,MISSING,0.0
1705843.jpeg,MISSING,0.0,Lolland,1.0
1706219.jpeg,17-6-1922,1.0,Dyrehaven,1.0
1705995.jpeg,23-7-44,1.0,Stasevang,1.0
1708815.jpeg,MISSING,0.0,MISSING,0.0
1708874.jpeg,2C-10-1972,1.0,MISSING,0.0
1706022.jpeg,19.V.2022,1.0,"Samsø: EJ: Følsdal Bakke, 55.9922N, 10.5515E, h30m",1.0
1743584.jpeg,MISSING,0.0,MISSING,0.0
1708455.jpeg,MISSING,0.0,MISSING,0.0
1743814.jpeg,16.6.1929,1.0,Lellings skov,1.0
1705448.jpeg,29/5/1870,1.0,Dyrehaven,1.0
1743545.jpeg,MISSING,0.0,MISSING,0.0
1707461.jpeg,2.6.1943,1.0,Dyrehaven,1.0
1709440.jpeg,26.9.1917,1.0,Aagertvæn,1.0
1743785.jpeg,2/9/1944,1.0,Sose Odder,1.0
1744459.jpeg,27.6.1903,1.0,MISSING,0.0
1705983.jpeg,8-7-1951,1.0,MISSING,0.0
1707988.jpeg,MISSING,0.0,MISSING,0.0
1743567.jpeg,3.3.73,1.0,Næstved i mængselsk. excavemnt,1.0
1709759.jpeg,1997,1.0,Klakring,1.0
1707764.jpeg,MISSING,0.0,MISSING,0.0
1706975.jpeg,MISSING,0.0,MISSING,0.0
1743196.jpeg,5.11-6-1960,1.0,SV.Jylland Skallingen,1.0
1710325.jpeg,13-9-1951,1.0,MISSING,0.0
1707101.jpeg,31.V.1986,1.0,Høstemark | NEJ,1.0
1742858.jpeg,16.6.1993,1.0,Sætholm,1.0
1709736.jpeg,10-5-63,1.0,MISSING,0.0
1708084.jpeg,9-5-1971,1.0,MISSING,0.0
